#VRML V2.0 utf8
# 3D model generated by kicad-lcsc-manager
# Based on easyeda2kicad.py v1.0.1

Shape{
    appearance Appearance {
        material  Material {
            diffuseColor 0.7529411764705882 0.7529411764705882 0.7529411764705882
            specularColor 0.3764705882352941 0.3764705882352941 0.3764705882352941
            ambientIntensity 0.7529
            transparency 0.0
            shininess 0.5
        }
    }
    geometry IndexedFaceSet {
        ccw TRUE
        solid FALSE
        coord DEF co Coordinate {
            point [
                -0.088 1.0169 1.6142, 0.0512 1.0169 1.6142, 0.0512 0.8825 1.6142, -1.2849 0.8369 1.6142, -0.8834 0.8369 1.6142, -0.8834 0.8109 1.6142, -0.9026 1.2422 1.6142, -0.8834 1.2547 1.6142, -0.8834 1.2354 1.6142, -0.7314 1.233 1.6142, -0.8834 0.8435 1.6142, 0.3326 1.2279 1.6142, 0.2878 1.2354 1.6142, 0.4905 1.2354 1.6142, 0.1425 1.2354 1.6142, 0.238 1.2354 1.6142, 0.2264 1.2346 1.6142, 0.2253 1.1883 1.6142, 0.2731 1.1946 1.6142, 0.2926 1.189 1.6142, 0.1809 1.2222 1.6142, 0.1809 1.1693 1.6142, 0.1425 0.8369 1.6142, 0.1809 0.9029 1.6142, 0.1809 0.8597 1.6142, 0.2296 0.8835 1.6142, 0.2819 0.8777 1.6142, 0.3809 1.1476 1.6142, 0.3949 1.1315 1.6142, 0.326 0.8879 1.6142, 0.4054 1.1106 1.6142, 0.4139 1.0802 1.6142, 0.4209 1.0319 1.6142, 0.4117 0.9841 1.6142, 0.3537 0.8982 1.6142, 0.3572 1.1643 1.6142, 0.3978 0.9427 1.6142, 0.3845 0.9216 1.6142, 0.3723 0.9096 1.6142, 0.4543 1.1258 1.6142, 0.4328 1.1634 1.6142, 0.4062 1.1917 1.6142, 0.3743 1.2131 1.6142, 0.3769 0.8535 1.6142, 0.4054 0.8705 1.6142, 0.4905 0.8369 1.6142, 0.4337 0.8987 1.6142, 0.4535 0.9312 1.6142, 0.4661 0.9709 1.6142, 0.4737 1.0287 1.6142, 0.4681 1.0739 1.6142, 0.2335 0.84 1.6142, 0.2652 0.8369 1.6142, 0.1425 0.8109 1.6142, 0.2892 0.8345 1.6142, 0.4905 0.8109 1.6142, 0.3063 0.8369 1.6142, 0.3341 0.8408 1.6142, -0.6786 1.233 1.6142, -0.5153 1.2354 1.6142, -0.5297 0.8393 1.6142, -0.5153 0.8369 1.6142, -0.5873 0.8393 1.6142, -0.885 0.8393 1.6142, -0.8834 0.8393 1.6142, -0.8274 0.8393 1.6142, 1.4602 0.4745 1.6142, 0.7701 0.1637 1.6142, 0.7193 0.3203 1.6142, 1.141 -1.0274 1.6142, 0.5268 -0.5852 1.6142, 0.637 -0.4628 1.6142, 0.7193 -0.3203 1.6142, 1.3297 -0.7677 1.6142, 1.2421 -0.9025 1.6142, 0.7701 -0.1637 1.6142, 1.4602 -0.4745 1.6142, 1.4026 -0.6245 1.6142, 0.7874 -0.0 1.6142, 1.527 -0.1605 1.6142, 1.5018 -0.3192 1.6142, 1.5018 0.3192 1.6142, 1.527 0.1605 1.6142, 1.5354 -0.0 1.6142, 0.5268 0.5852 1.6142, 1.3016 0.8109 1.6142, 0.637 0.4628 1.6142, 1.3297 0.7677 1.6142, 1.4026 0.6245 1.6142, 0.7677 -1.3297 1.6142, 0.4905 -0.6146 1.6142, 0.9025 -1.2422 1.6142, 1.0274 -1.141 1.6142, 0.709 1.233 1.6142, 0.6562 1.233 1.6142, 0.6562 0.8825 1.6142, 0.5073 0.8825 1.6142, 0.5073 0.8393 1.6142, 0.709 0.8393 1.6142, 0.9109 1.2354 1.6142, 1.0274 1.141 1.6142, 1.141 1.0274 1.6142, 1.2421 0.9025 1.6142, 1.2848 0.8369 1.6142, 0.4905 0.6115 1.6142, 0.7677 1.3297 1.6142, 0.6245 1.4027 1.6142, 0.4905 1.4541 1.6142, 0.9025 1.2422 1.6142, 0.4744 1.4603 1.6142, 0.3192 1.5019 1.6142, 0.2735 1.2378 1.6142, 0.1604 1.527 1.6142, 0.1425 1.528 1.6142, -0.0001 1.5354 1.6142, -0.1456 1.2354 1.6142, -0.1456 1.5278 1.6142, -0.4745 1.4603 1.6142, -0.3193 1.5019 1.6142, -0.1605 1.527 1.6142, -0.6246 1.4027 1.6142, -0.5153 1.4446 1.6142, -0.7678 1.3297 1.6142, -1.2422 0.9025 1.6142, -1.1411 1.0274 1.6142, -1.0275 1.141 1.6142, -0.911 1.2354 1.6142, -0.8834 -1.2547 1.6142, -0.9026 -1.2422 1.6142, -1.4027 0.6245 1.6142, -1.3298 0.7677 1.6142, -1.3017 0.8109 1.6142, -1.5355 -0.0 1.6142, -1.5271 0.1605 1.6142, -1.0275 -1.141 1.6142, -1.1411 -1.0274 1.6142, -1.2422 -0.9025 1.6142, -1.4603 -0.4745 1.6142, -1.5019 -0.3192 1.6142, -1.5271 -0.1605 1.6142, -1.5019 0.3192 1.6142, -1.4603 0.4745 1.6142, -1.3298 -0.7677 1.6142, -1.4027 -0.6245 1.6142, -0.5153 0.8109 1.6142, -0.5301 0.6243 1.6142, -0.5652 0.6032 1.6142, -0.5777 0.5938 1.6142, -0.607 0.5714 1.6142, -0.6181 0.5631 1.6142, -0.6665 0.5172 1.6142, -0.6683 0.5154 1.6142, -0.7175 0.458 1.6142, -0.7344 0.4336 1.6142, -0.7418 0.4229 1.6142, -0.7594 0.3974 1.6142, -0.8473 0.1982 1.6142, -0.8645 0.1243 1.6142, -0.7954 0.3327 1.6142, -0.8027 0.3162 1.6142, -0.823 0.2704 1.6142, -0.801 -0.3751 1.6142, -0.7926 -0.3945 1.6142, -0.837 0.2286 1.6142, -0.8465 0.2005 1.6142, -0.8706 0.0799 1.6142, -0.8748 0.0489 1.6142, -0.8769 0.02 1.6142, -0.8773 -0.0412 1.6142, -0.8774 -0.058 1.6142, -0.8772 -0.0603 1.6142, -0.8708 -0.1352 1.6142, -0.8477 -0.2489 1.6142, -0.8356 -0.2858 1.6142, -0.8234 -0.3232 1.6142, -0.7281 -0.5046 1.6142, -0.7235 -0.5106 1.6142, -0.6806 -0.5669 1.6142, -0.6447 -0.606 1.6142, -0.8656 -0.164 1.6142, -0.8571 -0.2114 1.6142, -0.7881 -0.4027 1.6142, -0.7554 -0.4625 1.6142, -0.628 -0.6241 1.6142, -0.5984 -0.6509 1.6142, -0.5706 -0.6761 1.6142, -0.5544 -0.6887 1.6142, -0.5301 -0.7075 1.6142, -0.7678 -1.3297 1.6142, -0.5153 -0.7173 1.6142, -0.4652 -0.7504 1.6142, -0.5153 -1.4446 1.6142, -0.6246 -1.4027 1.6142, -0.4745 -1.4603 1.6142, -0.2173 -0.8477 1.6142, -0.3193 -1.5019 1.6142, -0.1998 -0.852 1.6142, -0.1605 -1.527 1.6142, -0.1456 -0.86 1.6142, -0.1456 -1.5278 1.6142, -0.4508 -0.7581 1.6142, -0.3973 -0.7867 1.6142, -0.3373 -0.812 1.6142, -0.3265 -0.8165 1.6142, -0.3015 -0.8248 1.6142, -0.2748 -0.8336 1.6142, -0.024 -0.8667 1.6142, 0.0038 -0.866 1.6142, -0.0001 -1.5354 1.6142, 0.0253 -0.8638 1.6142, 0.1425 -1.528 1.6142, -0.1242 -0.8632 1.6142, -0.0951 -0.8648 1.6142, -0.048 -0.8673 1.6142, 0.4638 -0.6491 1.6142, 0.465 -0.6431 1.6142, 0.4552 -0.6655 1.6142, 0.4628 -0.6517 1.6142, 0.4905 -1.4541 1.6142, 0.4538 -0.6674 1.6142, 0.6245 -1.4027 1.6142, 0.4649 -0.6402 1.6142, 0.4648 -0.6396 1.6142, 0.4641 -0.6377 1.6142, 0.4637 -0.637 1.6142, 0.4635 -0.6367 1.6142, 0.4634 -0.6365 1.6142, 0.3717 -0.7434 1.6142, 0.3652 -0.7477 1.6142, 0.3303 -0.7705 1.6142, 0.3796 -0.7382 1.6142, 0.421 -0.704 1.6142, 0.4267 -0.6986 1.6142, 0.4478 -0.675 1.6142, 0.4509 -0.6715 1.6142, 0.0762 -0.8586 1.6142, 0.1425 -0.8454 1.6142, 0.1604 -1.527 1.6142, 0.1443 -0.845 1.6142, 0.3192 -1.5019 1.6142, 0.1463 -0.8446 1.6142, 0.2101 -0.8255 1.6142, 0.4744 -1.4603 1.6142, 0.2141 -0.8243 1.6142, 0.2593 -0.806 1.6142, 0.2728 -0.8005 1.6142, -0.4593 0.6431 1.6142, -0.3938 0.6819 1.6142, -0.4586 0.6426 1.6142, -0.4572 0.6411 1.6142, -0.4684 0.6454 1.6142, -0.4696 0.6454 1.6142, -0.1456 0.7696 1.6142, -0.2434 0.7489 1.6142, -0.4619 0.6444 1.6142, -0.4628 0.6447 1.6142, -0.4634 0.6448 1.6142, -0.4721 0.645 1.6142, -0.4873 0.6424 1.6142, -0.4913 0.6412 1.6142, -0.5145 0.6311 1.6142, -0.5153 0.6307 1.6142, 0.0823 0.7831 1.6142, -0.0824 0.7831 1.6142, -0.1456 0.8109 1.6142, 0.3937 0.6819 1.6142, 0.2433 0.7489 1.6142, 0.1425 0.7703 1.6142, -0.1456 0.8369 1.6142, -0.6249 0.9497 1.6142, -0.7876 0.9497 1.6142, -0.1072 0.8825 1.6142, -0.1072 0.8393 1.6142, 0.104 0.8393 1.6142, 0.104 1.233 1.6142, -0.0976 1.233 1.6142, -0.0976 1.1898 1.6142, 0.0512 1.1898 1.6142, 0.0512 1.0601 1.6142, -0.088 1.0601 1.6142, -0.3397 1.2273 1.6142, -0.3926 1.2131 1.6142, -0.2951 1.233 1.6142, -0.4784 1.1355 1.6142, -0.4919 1.0964 1.6142, -0.5009 1.0411 1.6142, -0.4947 0.9961 1.6142, -0.4808 0.9475 1.6142, -0.4292 1.1926 1.6142, -0.4592 1.1647 1.6142, -0.4625 0.9158 1.6142, -0.432 0.8845 1.6142, -0.3969 0.8625 1.6142, -0.3539 0.8483 1.6142, -0.2911 0.8393 1.6142, -0.184 0.8393 1.6142, -0.184 1.233 1.6142, 2.185 -1.811 0.1969, 1.7913 -1.811 0.1969, 2.185 -1.2992 0.1969, 1.7913 -1.2992 0.1969, 1.7913 0.6693 0.1969, 2.185 0.6693 0.1969, 1.7913 -0.6693 0.1969, 2.185 -0.6693 0.1969, 1.7913 1.811 0.1969, 2.185 1.811 0.1969, 1.7913 1.2992 0.1969, 2.185 1.2992 0.1969, -2.1851 -0.6693 0.1969, -2.1851 0.6693 0.1969, -1.7914 -0.6693 0.1969, -1.7914 0.6693 0.1969, -1.7914 -1.2992 0.1969, -1.7914 -1.811 0.1969, -2.1851 -1.2992 0.1969, -2.1851 -1.811 0.1969, -1.5573 0.2347 2.3622, -1.5749 -0.0 2.3622, -1.7914 1.811 2.3622, 1.7913 -1.811 2.3622, -1.7914 -1.811 2.3622, 0.1176 -1.5704 2.3622, -0.1177 -1.5704 2.3622, 1.1544 1.0711 2.3622, 0.9818 1.2312 2.3622, 1.7913 1.811 2.3622, -1.5573 -0.2347 2.3622, -1.5049 -0.4642 2.3622, 0.3504 -1.5353 2.3622, 0.5753 -1.4659 2.3622, 0.7874 -1.3638 2.3622, -0.7875 -1.3638 2.3622, -0.9819 -1.2312 2.3622, -1.1545 -1.0711 2.3622, -0.5754 -1.4659 2.3622, -0.3505 -1.5353 2.3622, 1.3011 -0.8871 2.3622, 1.4188 -0.6833 2.3622, 1.5748 -0.0 2.3622, 1.5572 0.2347 2.3622, 1.5048 0.4642 2.3622, 1.4188 0.6833 2.3622, 1.3011 0.8871 2.3622, 0.7874 1.3638 2.3622, 0.5753 1.4659 2.3622, 0.3504 1.5353 2.3622, -0.5754 1.4659 2.3622, -0.7875 1.3638 2.3622, -1.4189 -0.6833 2.3622, -1.3012 -0.8871 2.3622, 0.9818 -1.2312 2.3622, 1.1544 -1.0711 2.3622, 1.5048 -0.4642 2.3622, 1.5572 -0.2347 2.3622, -0.9819 1.2312 2.3622, -1.1545 1.0711 2.3622, -1.3012 0.8871 2.3622, -1.4189 0.6833 2.3622, -1.5049 0.4642 2.3622, 0.1176 1.5704 2.3622, -0.1177 1.5704 2.3622, -0.3505 1.5353 2.3622, 2.185 -1.811 2.3622, 2.185 1.811 2.3622, 2.185 -0.7615 -1.2857, 2.185 -0.7115 -1.2205, 2.185 -1.2992 -1.063, 2.185 -1.2885 -1.1445, 2.185 -1.257 -1.2205, 2.185 -1.207 -1.2857, 2.185 -1.0658 -1.3672, 2.185 -0.9843 -1.378, 2.185 -0.6693 -1.063, 2.185 -0.68 -1.1445, 2.185 -1.1417 -1.3358, 2.185 -0.9027 -1.3672, 2.185 -0.8268 -1.3358, 2.185 0.9027 -1.3672, 2.185 0.9843 -1.378, 2.185 0.6693 -1.063, 2.185 1.0658 -1.3672, 2.185 1.1417 -1.3358, 2.185 1.207 -1.2857, 2.185 1.257 -1.2205, 2.185 1.2992 -1.063, 2.185 1.2885 -1.1445, 2.185 0.68 -1.1445, 2.185 0.7115 -1.2205, 2.185 0.7615 -1.2857, 2.185 0.8268 -1.3358, 2.1716 1.811 2.4641, 2.1322 1.811 2.5591, -2.0698 1.811 2.6406, -1.9882 1.811 2.7032, -1.7914 1.811 0.1969, -2.1851 1.811 0.1969, -2.1851 1.811 2.3622, -1.8933 1.811 2.7425, -1.7914 1.811 2.7559, 1.7913 1.811 2.7559, 1.8932 1.811 2.7425, -2.1717 1.811 2.4641, -2.1323 1.811 2.5591, 1.9881 1.811 2.7032, 2.0697 1.811 2.6406, -2.1851 -1.811 2.3622, -2.1851 1.2992 0.1969, -2.1851 1.0658 -1.3672, -2.1851 0.9843 -1.378, -2.1851 1.2992 -1.063, -2.1851 0.9027 -1.3672, -2.1851 0.8268 -1.3358, -2.1851 0.7615 -1.2857, -2.1851 0.7115 -1.2205, -2.1851 0.6693 -1.063, -2.1851 0.68 -1.1445, -2.1851 1.2885 -1.1445, -2.1851 1.257 -1.2205, -2.1851 1.207 -1.2857, -2.1851 1.1417 -1.3358, -2.1851 -1.0658 -1.3672, -2.1851 -1.1417 -1.3358, -2.1851 -0.6693 -1.063, -2.1851 -1.207 -1.2857, -2.1851 -1.257 -1.2205, -2.1851 -1.2992 -1.063, -2.1851 -1.2885 -1.1445, -2.1851 -0.68 -1.1445, -2.1851 -0.7115 -1.2205, -2.1851 -0.9027 -1.3672, -2.1851 -0.7615 -1.2857, -2.1851 -0.8268 -1.3358, -2.1851 -0.9843 -1.378, -2.0698 -1.811 2.6406, -2.1323 -1.811 2.5591, -2.1717 -1.811 2.4641, -1.7914 -1.811 2.7559, 1.7913 -1.811 2.7559, -1.8933 -1.811 2.7425, -1.9882 -1.811 2.7032, 2.1716 -1.811 2.4641, 2.1322 -1.811 2.5591, 2.0697 -1.811 2.6406, 1.9881 -1.811 2.7032, 1.8932 -1.811 2.7425, 0.7701 0.1637 2.7559, 0.7874 -0.0 2.7559, 0.7701 -0.1637 2.7559, 0.7193 -0.3203 2.7559, 0.637 -0.4628 2.7559, 0.5268 -0.5852 2.7559, 0.5268 0.5852 2.7559, 0.637 0.4628 2.7559, 0.7193 0.3203 2.7559, 0.3937 -0.6819 2.7559, 0.2433 -0.7489 2.7559, 0.0823 -0.7831 2.7559, 0.0036 -0.7876 2.7559, 0.0036 -0.7875 2.7559, 0.0037 -0.7874 2.7559, 0.0035 -0.7888 2.7559, 0.0029 -0.7907 2.7559, 0.0013 -0.7933 2.7559, -0.0004 -0.7951 2.7559, 0.0823 0.7831 2.7559, 0.2433 0.7489 2.7559, 0.3937 0.6819 2.7559, -0.0037 0.7977 2.7559, -0.0027 0.7971 2.7559, 0.0037 0.7874 2.7559, 0.0034 0.7893 2.7559, 0.0031 0.7902 2.7559, 0.0018 0.7926 2.7559, 0.0005 0.794 2.7559, 0.0013 0.7933 2.7559, -0.0053 -0.7988 2.7559, -0.006 -0.7992 2.7559, -0.0128 -0.8028 2.7559, -0.0322 -0.8095 2.7559, -0.0324 -0.8095 2.7559, -0.0234 0.8068 2.7559, -0.0499 0.8127 2.7559, -0.0652 0.816 2.7559, -0.0209 0.806 2.7559, -0.0196 0.8055 2.7559, -0.3118 0.7923 2.7559, -0.2568 0.8055 2.7559, -0.2404 0.8095 2.7559, -0.1726 0.8184 2.7559, -0.1572 0.8187 2.7559, -0.1376 0.8191 2.7559, -0.1069 0.8197 2.7559, -0.3811 0.768 2.7559, -0.3739 0.7706 2.7559, -0.3366 0.7836 2.7559, -0.5831 0.6459 2.7559, -0.5659 0.6607 2.7559, -0.5427 0.6771 2.7559, -0.5036 0.7046 2.7559, -0.4838 0.7162 2.7559, -0.448 0.7369 2.7559, -0.0725 -0.817 2.7559, -0.0971 -0.8192 2.7559, -0.1218 -0.8193 2.7559, -0.3146 -0.7915 2.7559, -0.3179 -0.7903 2.7559, -0.3585 -0.776 2.7559, -0.3817 -0.7678 2.7559, -0.8681 0.1695 2.7559, -0.8552 0.2261 2.7559, -0.1387 -0.8194 2.7559, -0.1545 -0.8195 2.7559, -0.1901 -0.8168 2.7559, -0.2411 -0.8087 2.7559, -0.2562 -0.8063 2.7559, -0.6937 0.5361 2.7559, -0.6772 0.5555 2.7559, -0.6705 0.5624 2.7559, -0.6237 0.611 2.7559, -0.8516 0.237 2.7559, -0.8309 0.3004 2.7559, -0.8151 0.3389 2.7559, -0.7462 0.4646 2.7559, -0.7453 0.466 2.7559, -0.7405 0.4739 2.7559, -0.8072 0.3549 2.7559, -0.7809 0.4081 2.7559, -0.5706 -0.6561 2.7559, -0.6131 -0.6208 2.7559, -0.6595 -0.5744 2.7559, -0.786 -0.3988 2.7559, -0.7998 -0.37 2.7559, -0.8193 -0.3291 2.7559, -0.8463 -0.256 2.7559, -0.8855 0.0249 2.7559, -0.8827 0.0734 2.7559, -0.4469 -0.7375 2.7559, -0.4696 -0.7242 2.7559, -0.5099 -0.7006 2.7559, -0.5255 -0.6897 2.7559, -0.5553 -0.6688 2.7559, -0.885 -0.0081 2.7559, -0.8842 -0.0534 2.7559, -0.8772 0.1145 2.7559, -0.8725 0.1504 2.7559, -0.6666 -0.5674 2.7559, -0.7156 -0.5086 2.7559, -0.73 -0.4881 2.7559, -0.8471 -0.2532 2.7559, -0.8604 -0.2064 2.7559, -0.8664 -0.1769 2.7559, -0.7369 -0.4784 2.7559, -0.7465 -0.4649 2.7559, -0.8757 -0.131 2.7559, -0.8758 -0.1305 2.7559, -1.7914 -1.0658 -1.3672, -1.7914 -0.9843 -1.378, -1.7914 -1.2992 -1.063, -1.7914 -0.6693 -1.063, -1.7914 -1.257 -1.2205, -1.7914 -1.207 -1.2857, -1.7914 -1.1417 -1.3358, -1.7914 -1.2885 -1.1445, -1.7914 -0.9027 -1.3672, -1.7914 -0.8268 -1.3358, -1.7914 -0.7615 -1.2857, -1.7914 -0.7115 -1.2205, -1.7914 -0.68 -1.1445, -1.7914 1.207 -1.2857, -1.7914 0.8268 -1.3358, -1.7914 0.9027 -1.3672, -1.7914 0.7115 -1.2205, -1.7914 0.7615 -1.2857, -1.7914 1.2885 -1.1445, -1.7914 1.257 -1.2205, -1.7914 1.2992 0.1969, -1.7914 1.2992 -1.063, -1.7914 0.6693 -1.063, -1.7914 0.68 -1.1445, -1.7914 0.9843 -1.378, -1.7914 1.0658 -1.3672, -1.7914 1.1417 -1.3358, 1.7913 0.6693 -1.063, 1.7913 1.2992 -1.063, 1.7913 1.2885 -1.1445, 1.7913 1.257 -1.2205, 1.7913 0.9843 -1.378, 1.7913 0.9027 -1.3672, 1.7913 0.8268 -1.3358, 1.7913 -1.2992 -1.063, 1.7913 -0.6693 -1.063, 1.7913 -0.9027 -1.3672, 1.7913 -0.9843 -1.378, 1.7913 1.0658 -1.3672, 1.7913 -0.7115 -1.2205, 1.7913 -0.7615 -1.2857, 1.7913 -0.8268 -1.3358, 1.7913 1.1417 -1.3358, 1.7913 0.7615 -1.2857, 1.7913 0.7115 -1.2205, 1.7913 1.207 -1.2857, 1.7913 0.68 -1.1445, 1.7913 -0.68 -1.1445, 1.7913 -1.0658 -1.3672, 1.7913 -1.1417 -1.3358, 1.7913 -1.207 -1.2857, 1.7913 -1.257 -1.2205, 1.7913 -1.2885 -1.1445, 1.5661 -0.1646 1.6535, 1.5403 -0.3274 1.6535, 1.5551 -0.2344 1.6535, 1.4172 -0.6825 1.6535, 1.4386 -0.6405 1.6535, 1.4977 -0.4866 1.6535, 1.5038 -0.4639 1.6535, 1.3638 -0.7874 1.6535, 1.2996 -0.8862 1.6535, 1.274 -0.9256 1.6535, 1.1703 -1.0537 1.6535, 1.0537 -1.1703 1.6535, 1.1536 -1.0704 1.6535, 0.9256 -1.274 1.6535, 0.9805 -1.2296 1.6535, 0.6405 -1.4387 1.6535, 0.7874 -1.3638 1.6535, 0.4866 -1.4977 1.6535, 0.5745 -1.464 1.6535, 0.1175 -1.5686 1.6535, 0.1646 -1.5662 1.6535, 0.3274 -1.5404 1.6535, 0.3501 -1.5343 1.6535, -0.0001 -1.5748 1.6535, -0.1176 -1.5686 1.6535, -0.1647 -1.5662 1.6535, -0.3275 -1.5404 1.6535, -0.4867 -1.4977 1.6535, -0.3502 -1.5343 1.6535, -0.6406 -1.4387 1.6535, -0.5746 -1.464 1.6535, -0.9257 -1.274 1.6535, -0.7875 -1.3638 1.6535, -1.0538 -1.1703 1.6535, -0.9806 -1.2296 1.6535, -1.2997 -0.8862 1.6535, -1.2741 -0.9256 1.6535, -1.1704 -1.0537 1.6535, -1.1537 -1.0704 1.6535, -1.3639 -0.7874 1.6535, -1.4173 -0.6825 1.6535, -1.4387 -0.6405 1.6535, -1.4978 -0.4866 1.6535, -1.5404 -0.3274 1.6535, -1.5039 -0.4639 1.6535, -1.5662 -0.1646 1.6535, -1.5552 -0.2344 1.6535, -1.5662 0.1646 1.6535, -1.5749 -0.0 1.6535, -1.5404 0.3274 1.6535, -1.5552 0.2344 1.6535, -1.4173 0.6825 1.6535, -1.4387 0.6405 1.6535, -1.4978 0.4866 1.6535, -1.5039 0.4639 1.6535, -1.3639 0.7874 1.6535, -1.2997 0.8862 1.6535, -1.2741 0.9256 1.6535, -1.1704 1.0537 1.6535, -1.0538 1.1703 1.6535, -1.1537 1.0704 1.6535, -0.9257 1.274 1.6535, -0.9806 1.2296 1.6535, -0.6406 1.4387 1.6535, -0.7875 1.3638 1.6535, -0.4867 1.4977 1.6535, -0.5746 1.464 1.6535, -0.1176 1.5686 1.6535, -0.1647 1.5662 1.6535, -0.3275 1.5404 1.6535, -0.3502 1.5343 1.6535, -0.0001 1.5748 1.6535, 0.1175 1.5686 1.6535, 0.1646 1.5662 1.6535, 0.3274 1.5404 1.6535, 0.4866 1.4977 1.6535, 0.3501 1.5343 1.6535, 0.6405 1.4387 1.6535, 0.5745 1.464 1.6535, 0.9256 1.274 1.6535, 0.7874 1.3638 1.6535, 1.0537 1.1703 1.6535, 0.9805 1.2296 1.6535, 1.2996 0.8862 1.6535, 1.274 0.9256 1.6535, 1.1703 1.0537 1.6535, 1.1536 1.0704 1.6535, 1.3638 0.7874 1.6535, 1.4172 0.6825 1.6535, 1.4386 0.6405 1.6535, 1.4977 0.4866 1.6535, 1.5403 0.3274 1.6535, 1.5038 0.4639 1.6535, 1.5748 -0.0 1.6535, 1.5661 0.1646 1.6535, 1.5551 0.2344 1.6535, 0.5547 -0.5588 2.6083, 0.5257 -0.5839 2.6054, 0.6822 -0.3931 2.0337, 0.7179 -0.3196 2.0403, 0.7186 -0.32 1.8441, 0.7541 -0.2265 1.8523, 0.7474 0.2476 2.0865, 0.7177 0.3196 2.0929, 0.7188 0.32 1.8967, 0.6709 0.4121 1.9051, 0.3124 0.7228 2.1394, 0.2427 0.7472 2.1455, 0.2432 0.7486 1.9493, 0.1391 0.775 1.9579, -0.7526 -0.2317 2.6757, -0.7184 -0.3199 2.6834, -0.7182 -0.3197 2.4872, -0.6796 -0.3978 2.4943, -0.3278 -0.716 2.7286, -0.2429 -0.7477 2.736, -0.2431 -0.7477 2.5398, -0.1555 -0.7719 2.5472, 0.0617 -0.785 2.5641, -0.0467 -0.786 2.5558, -0.0822 -0.7815 2.7492, -0.0821 -0.7814 2.553, -0.1146 -0.779 2.7467, -0.2231 -0.7552 2.7377, -0.2628 -0.7423 2.5381, -0.3653 -0.6976 2.529, -0.3929 -0.6804 2.7226, -0.3929 -0.6805 2.5264, -0.4256 -0.6625 2.7196, -0.4599 -0.6392 2.52, -0.5137 -0.5968 2.7109, -0.5261 -0.5842 2.5133, -0.5262 -0.5844 2.7096, -0.5441 -0.5692 2.5115, -0.5908 -0.5206 2.7026, -0.6172 -0.489 2.5031, -0.6357 -0.4618 2.6968, -0.6357 -0.4619 2.5005, -0.6576 -0.4332 2.6939, -0.7122 -0.336 2.6849, -0.729 -0.2977 2.4852, -0.7638 -0.1916 2.4761, -0.7685 -0.1633 2.6701, -0.7688 -0.1634 2.4739, -0.7777 -0.1236 2.6668, -0.7831 -0.0827 2.4673, -0.7873 -0.015 2.6583, -0.7861 0.0 2.4609, -0.7866 -0.0 2.6572, -0.787 0.0259 2.459, -0.7819 0.0937 2.6499, -0.7759 0.1346 2.4504, -0.7685 0.1634 2.6442, -0.7688 0.1633 2.448, -0.761 0.2024 2.6411, -0.7492 0.2425 2.4415, -0.7247 0.3081 2.6319, -0.6738 0.4075 2.6229, -0.6514 0.4425 2.4233, -0.6356 0.4618 2.6176, -0.636 0.462 2.4214, -0.6103 0.4976 2.6141, -0.7186 0.3199 2.6309, -0.718 0.3197 2.4347, -0.7073 0.3461 2.4323, -0.5362 0.5767 2.6058, -0.5834 0.5288 2.4146, -0.5264 0.5846 2.6048, -0.5259 0.5841 2.4085, -0.5053 0.6039 2.4064, -0.4508 0.6456 2.5972, -0.4161 0.6685 2.3976, -0.3928 0.6803 2.5917, -0.3931 0.6807 2.3955, -0.3553 0.7027 2.5882, -0.3175 0.7206 2.3886, -0.2521 0.746 2.579, -0.1445 0.774 2.5701, -0.1036 0.7806 2.3705, -0.0821 0.7812 2.5651, -0.0823 0.7819 2.3689, -0.0357 0.7866 2.5615, -0.2432 0.7483 2.5783, -0.2428 0.7473 2.3821, -0.2123 0.7583 2.3794, 0.0727 0.784 2.5532, 0.0051 0.7874 2.3621, 0.0822 0.7825 2.5524, 0.4811 0.6233 2.5173, 0.3935 0.6816 2.5257, 0.3928 0.6804 2.3295, 0.389 0.6846 2.5262, 0.3267 0.7164 2.3357, 0.2882 0.7327 2.5353, 0.2428 0.7477 2.343, 0.2427 0.747 2.5392, 0.222 0.7555 2.3448, 0.1817 0.7661 2.5444, 0.1137 0.7791 2.3537, 0.0821 0.7815 2.3561, 0.4246 0.663 2.3266, 0.5131 0.5972 2.3178, 0.5256 0.5838 2.5127, 0.5261 0.5844 2.3164, 0.5623 0.5511 2.509, 0.5902 0.5211 2.3095, 0.6332 0.468 2.5004, 0.6366 0.4626 2.4999, 0.7853 0.0565 2.4647, 0.77 0.1637 2.4732, 0.7684 0.1633 2.277, 0.7698 0.1653 2.4733, 0.7522 0.2328 2.2828, 0.7388 0.2723 2.4824, 0.7183 0.3199 2.2904, 0.7175 0.3195 2.4866, 0.7116 0.337 2.2919, 0.6928 0.3742 2.4915, 0.657 0.434 2.3009, 0.6356 0.4618 2.3037, 0.7774 0.1245 2.2738, 0.7872 0.0155 2.2652, 0.7855 -0.0 2.4603, 0.7864 0.0 2.264, 0.7856 -0.0518 2.4564, 0.7819 -0.0929 2.2569, 0.7707 -0.161 2.4477, 0.77 -0.1637 2.4474, 0.7684 -0.1634 2.2512, 0.7403 -0.2682 2.4386, 0.7611 -0.2014 2.2481, 0.7175 -0.3195 2.434, 0.725 -0.3071 2.239, 0.7185 -0.3199 2.2378, 0.6948 -0.3703 2.4295, 0.6743 -0.4066 2.2299, 0.6369 -0.4628 2.4207, 0.6355 -0.4618 2.2245, 0.6359 -0.4643 2.4206, 0.5656 -0.5477 2.4121, 0.6106 -0.4971 2.2211, 0.5256 -0.5838 2.4079, 0.5365 -0.5763 2.2127, 0.5263 -0.5845 2.2117, 0.4847 -0.6205 2.4037, 0.4515 -0.6451 2.2042, 0.3936 -0.6819 2.3949, 0.3927 -0.6803 2.1987, 0.3928 -0.6824 2.3948, 0.3561 -0.7022 2.1952, 0.2923 -0.7311 2.3857, 0.2427 -0.747 2.3815, 0.2531 -0.7456 2.1861, 0.2431 -0.7482 2.1852, 0.186 -0.7651 2.3766, 0.1454 -0.7739 2.1771, 0.0822 -0.7828 2.3683, 0.082 -0.7812 2.172, 0.0773 -0.7836 2.3679, -0.0311 -0.7868 2.3596, 0.0362 -0.7866 2.1684, -0.0821 -0.7812 2.3555, -0.0721 -0.7841 2.1601, -0.0823 -0.7824 2.1593, -0.1401 -0.7748 2.3509, -0.1808 -0.7664 2.1514, -0.2433 -0.7485 2.3423, -0.2428 -0.747 2.1461, -0.248 -0.7473 2.3419, -0.3514 -0.7047 2.3328, -0.2873 -0.7331 2.1423, -0.3882 -0.6851 2.1332, -0.3928 -0.6802 2.3289, -0.3935 -0.6816 2.1327, -0.4471 -0.6482 2.3238, -0.4806 -0.6238 2.1243, -0.5266 -0.5848 2.3159, -0.5257 -0.5838 2.1196, -0.5327 -0.5799 2.3152, -0.6074 -0.5012 2.3069, -0.5621 -0.5515 2.1159, -0.6355 -0.4617 2.3031, -0.6328 -0.4687 2.1074, -0.6367 -0.4626 2.1068, -0.6715 -0.4112 2.2981, -0.6923 -0.3751 2.0985, -0.7189 -0.32 2.2897, -0.7176 -0.3195 2.0935, -0.723 -0.3121 2.289, -0.7598 -0.2067 2.2799, -0.7385 -0.2733 2.0894, -0.7697 -0.1662 2.0803, -0.7684 -0.1633 2.2764, -0.7701 -0.1637 2.0801, -0.7813 -0.0982 2.2711, -0.7854 -0.0572 2.0716, -0.7868 0.0 2.2635, -0.7856 0.0 2.0672, -0.7874 0.0102 2.2627, -0.7858 0.0512 2.0633, -0.7784 0.1192 2.2542, -0.7684 0.1633 2.2505, -0.771 0.16 2.0547, -0.77 0.1636 2.0544, -0.7539 0.2275 2.2452, -0.7407 0.2672 2.0456, -0.7186 0.32 2.2372, -0.7176 0.3195 2.041, -0.714 0.332 2.2361, -0.66 0.4295 2.2271, -0.6954 0.3694 2.0365, -0.6356 0.4617 2.2239, -0.637 0.4628 2.0276, -0.5938 0.5171 2.2184, -0.6365 0.4636 2.0275, -0.5661 0.5473 2.019, -0.5264 0.5846 2.2111, -0.5257 0.5838 2.0148, -0.5172 0.5937 2.2101, -0.4855 0.62 2.0107, -0.4293 0.6601 2.2014, -0.3929 0.6803 2.198, -0.3938 0.6819 2.0018, -0.3937 0.6819 2.0018, -0.3317 0.7141 2.1923, -0.2934 0.7307 1.9927, -0.243 0.7479 2.1846, -0.2428 0.747 1.9884, -0.2273 0.7539 2.1832, -0.1871 0.7649 1.9836, -0.1191 0.7784 2.1743, -0.0823 0.7828 1.9752, -0.0822 0.7814 2.1714, -0.0105 0.7873 2.1659, -0.0781 0.7835 1.9748, 0.0822 0.7821 2.1587, 0.0304 0.7868 1.9665, 0.0821 0.7812 1.9624, 0.0982 0.7812 2.1574, 0.2069 0.7597 2.1485, 0.2469 0.7477 1.949, 0.3503 0.7052 1.9398, 0.3931 0.6809 2.132, 0.3927 0.6802 1.9358, 0.4114 0.6713 2.1304, 0.4463 0.6487 1.9308, 0.5012 0.6073 2.1216, 0.5265 0.5848 1.9227, 0.5257 0.584 2.119, 0.5798 0.5327 2.1133, 0.5322 0.5803 1.9222, 0.6361 0.4621 2.1062, 0.6068 0.5018 1.9139, 0.6354 0.4617 1.91, 0.6482 0.4469 2.1047, 0.7048 0.351 2.0957, 0.7224 0.3131 1.8961, 0.7595 0.2077 1.8869, 0.7688 0.1634 2.0795, 0.7683 0.1633 1.8833, 0.7748 0.1399 2.0776, 0.7811 0.099 1.878, 0.7867 0.0311 2.069, 0.7867 -0.0 1.8704, 0.7858 0.0 2.0666, 0.7873 -0.0097 1.8696, 0.7835 -0.0773 2.0607, 0.7784 -0.1183 1.8612, 0.7689 -0.1635 2.0537, 0.7683 -0.1633 1.8575, 0.765 -0.1863 2.0519, 0.7309 -0.2927 2.0428, 0.7144 -0.331 1.8432, 0.6605 -0.4286 1.8341, 0.6358 -0.462 2.027, 0.6355 -0.4617 1.8308, 0.6204 -0.4848 2.0248, 0.5942 -0.5166 1.8254, 0.5478 -0.5656 2.0165, 0.5263 -0.5846 1.818, 0.5259 -0.584 2.0142, 0.5176 -0.5933 1.8171, 0.4642 -0.636 2.0079, 0.43 -0.6596 1.8084, 0.3929 -0.6807 2.0012, 0.3927 -0.6803 1.805, 0.37 -0.695 1.999, 0.3326 -0.7137 1.7994, 0.2678 -0.7404 1.9899, 0.1607 -0.7708 1.9808, 0.1199 -0.7782 1.7813, 0.082 -0.7816 1.9746, 0.0821 -0.7814 1.7783, 0.0518 -0.7857 1.9722, 0.2429 -0.7475 1.9878, 0.2429 -0.748 1.7915, 0.2282 -0.7536 1.7903, -0.0565 -0.7854 1.9639, 0.0109 -0.7873 1.7728, -0.0822 -0.7817 1.9618, -0.4681 -0.6332 1.9281, -0.3931 -0.6809 1.9352, -0.3932 -0.6809 1.739, -0.3745 -0.6926 1.937, -0.3115 -0.7232 1.7465, -0.2727 -0.7387 1.9461, -0.2428 -0.7472 1.7524, -0.2429 -0.7473 1.9486, -0.206 -0.76 1.7556, -0.1656 -0.7698 1.9551, -0.0975 -0.7813 1.7644, -0.0823 -0.7822 1.7656, -0.4107 -0.6719 1.7374, -0.5007 -0.6078 1.7286, -0.5259 -0.5839 1.9222, -0.5258 -0.584 1.7259, -0.551 -0.5625 1.9196, -0.6234 -0.4811 1.9112, -0.5795 -0.5332 1.7202, -0.636 -0.4621 1.9094, -0.7841 -0.0727 1.8754, -0.7692 -0.1635 1.8827, -0.769 -0.1634 1.6864, -0.7663 -0.1815 1.8841, -0.7472 -0.2487 1.6936, -0.7329 -0.2879 1.8932, -0.7178 -0.3196 1.6998, -0.7178 -0.3195 1.896, -0.7044 -0.352 1.7027, -0.6848 -0.3888 1.9023, -0.6478 -0.4477 1.7117, -0.6362 -0.4622 1.7131, -0.7748 -0.1408 1.6846, -0.7868 -0.0317 1.6759, -0.7858 0.0 1.8698, -0.7859 -0.0 1.6735, -0.7866 0.0356 1.8671, -0.7837 0.0766 1.6676, -0.774 0.1447 1.8584, -0.7691 0.1634 1.8569, -0.769 0.1635 1.6606, -0.7653 0.1853 1.6589, -0.7459 0.2524 1.8494, -0.7315 0.2916 1.6498, -0.7177 0.3196 1.8435, -0.7179 0.3196 1.6473, -0.7026 0.3555 1.8403, -0.6828 0.3922 1.6407, -0.6456 0.4509 1.8313, -0.6359 0.462 1.6339, -0.6364 0.4623 1.8302, -0.5768 0.536 1.8228, -0.621 0.4842 1.6318, -0.5258 0.5839 1.8174, -0.5483 0.5652 1.6234, -0.526 0.584 1.6211, -0.4977 0.6102 1.8144, -0.465 0.6355 1.6149, -0.4073 0.6739 1.8056, -0.3933 0.6811 1.8043, -0.3078 0.7248 1.7965, -0.0936 0.7818 1.7786, -0.2022 0.761 1.7874, -0.2428 0.7471 1.7909, 0.0148 0.7873 1.7702, -0.0823 0.7824 1.7777, 0.232 0.7524 1.7527, 0.1237 0.7776 1.7617, 0.0821 0.7813 1.765, 0.3362 0.712 1.7436, 0.243 0.7482 1.7518, 0.5264 0.5848 1.7253, 0.5205 0.5907 1.7259, 0.4333 0.6574 1.7346, 0.3927 0.6802 1.7384, 0.5967 0.5137 1.7176, 0.6355 0.4617 1.7125, 0.7161 0.3274 1.6998, 0.6626 0.4253 1.7089, 0.779 0.1144 1.6818, 0.7683 0.1633 1.6858, 0.7552 0.2227 1.6907, 0.7188 0.3201 1.6992, 0.7873 0.0059 1.6734, 0.787 0.0 1.6729, 0.7806 -0.1029 1.665, 0.7683 -0.1633 1.66, 0.7208 -0.3168 1.6469, 0.7584 -0.2115 1.656, 0.6043 -0.5048 1.6291, 0.6354 -0.4617 1.6333, 0.6688 -0.4155 1.6379, 0.719 -0.3201 1.6466, 0.5293 -0.5829 1.6208, 0.5267 -0.585 1.6206, -0.0057 -0.7874 2.7552, 0.0821 -0.7819 2.5657, 0.1708 -0.7686 2.5728, 0.2428 -0.7472 2.579, 0.2777 -0.7368 2.5819, 0.3792 -0.69 2.591, 0.3931 -0.6811 2.5924, 0.4723 -0.63 2.5999, 0.6265 -0.4768 2.6168, 0.6361 -0.4623 2.6182, 0.7176 -0.3195 2.6315, 0.6873 -0.3841 2.6257, 0.7674 -0.1762 2.6439, 0.7348 -0.2828 2.6348, 0.7863 0.0409 2.6609, 0.7856 0.0 2.6578, 0.7845 -0.0674 2.6526, 0.7694 -0.1636 2.6449, 0.7729 0.15 2.6696, 0.7693 0.1635 2.6707, 0.744 0.2576 2.6786, 0.7175 0.3195 2.6841, 0.6424 0.4553 2.6967, 0.7 0.3604 2.6877, 0.4934 0.6136 2.7135, 0.5256 0.5838 2.7102, 0.5731 0.5399 2.7052, 0.6365 0.4625 2.6974, 0.4025 0.6767 2.7224, 0.3934 0.6813 2.7232, 0.2427 0.747 2.7367, 0.3027 0.7269 2.7315, 0.0822 0.7828 2.7499, 0.0882 0.7824 2.7494, 0.1969 0.7624 2.7406, 0.5173 0.6023 2.3176, -0.8394 -0.1553 1.6591, -0.8538 -0.1594 1.6421, -0.8677 -0.0392 1.6334, 0.8083 -0.0538 2.459, 0.7858 -0.0519 2.4564, 0.7709 -0.161 2.4477, -0.3279 -0.7161 2.7286, -0.5909 -0.5207 2.7026, -0.7527 -0.2318 2.6757, -0.782 0.0937 2.6499, -0.674 0.4075 2.6229, -0.4509 0.6457 2.5972, -0.1446 0.7742 2.5701, 0.1817 0.7663 2.5444, 0.4812 0.6234 2.5173, 0.6929 0.3743 2.4915, 0.7855 0.0565 2.4647, 0.636 -0.4644 2.4206, 0.3929 -0.6825 2.3948, 0.0773 -0.7838 2.3679, -0.2481 -0.7475 2.3419, -0.5328 -0.58 2.3152, -0.7231 -0.3122 2.289, -0.7875 0.0102 2.2627, -0.7142 0.3321 2.2361, -0.5173 0.5939 2.2101, -0.2273 0.7541 2.1832, 0.0982 0.7814 2.1574, 0.4115 0.6715 2.1304, 0.6484 0.447 2.1047, 0.775 0.1399 2.0776, 0.7651 -0.1863 2.0519, 0.6205 -0.4849 2.0248, 0.3701 -0.6952 1.999, -0.5903 0.6518 2.739, -0.8851 -0.009 2.7441, -0.6535 -0.5705 2.7436, -0.569 -0.6548 2.7519, -0.4532 -0.7602 1.6269, -0.8451 0.2003 1.6164, -0.741 0.4225 1.6148, 0.0889 0.789 2.7492, -0.4689 0.6408 1.6147, -0.5529 0.5699 1.6232, -0.5675 0.5842 1.6196, -0.6587 0.5118 1.6201, -0.724 0.4143 1.629, -0.7939 0.3136 1.6243, -0.8303 0.1983 1.6334, -0.8648 0.0803 1.6251, -0.8641 -0.1631 1.6215, -0.8325 -0.2833 1.6305, -0.7883 -0.4027 1.6164, -0.7237 -0.5097 1.6254, -0.646 -0.6051 1.6339, -0.5552 -0.6893 1.6181, -0.3411 -0.8167 1.636, -0.2186 -0.851 1.6205, -0.0972 -0.8732 1.6293, 0.0238 -0.8783 1.6377, 0.0252 -0.8671 1.6176, 0.145 -0.8552 1.6261, 0.3729 -0.766 1.6272, 0.2606 -0.8111 1.6181, 0.4668 -0.688 1.6225, 0.4554 -0.67 1.6148, 0.5443 -0.6 1.6235, 0.5294 -0.583 1.6208, -0.0057 -0.7875 2.7552, -0.1184 -0.8014 2.7493, -0.1147 -0.7792 2.7467, -0.2368 -0.797 2.7481, -0.357 -0.7736 2.7527, -0.3473 -0.7555 2.739, -0.4626 -0.7155 2.7436, -0.5578 -0.6441 2.735, -0.7365 -0.4782 2.7551, -0.7267 -0.4738 2.7349, -0.7971 -0.3696 2.746, -0.8414 -0.253 2.7369, -0.8753 -0.1313 2.7526, -0.8529 0.2369 2.751, -0.8779 0.113 2.7357, -0.8107 0.3553 2.7419, -0.7524 0.4663 2.7328, -0.6742 0.5646 2.7473, -0.6798 0.5669 2.724, -0.4865 0.7195 2.7509, -0.3802 0.7809 2.7419, -0.2657 0.8269 2.7328, -0.2598 0.8131 2.7498, -0.1382 0.8226 2.7546, -0.1427 0.8416 2.7408, -0.0227 0.8338 2.746, -0.0214 0.8141 2.754, 0.0907 0.8093 2.7456, 0.669 -0.4155 1.6379, 0.721 -0.3169 1.6469, 0.7808 -0.1029 1.665, 0.7875 0.0059 1.6734, 0.7553 0.2228 1.6907, 0.7162 0.3275 1.6998, 0.5968 0.5138 1.7176, 0.5207 0.5909 1.7259, 0.3363 0.7121 1.7436, 0.2321 0.7526 1.7527, 0.1238 0.7778 1.7617, 0.0148 0.7874 1.7702, -0.0936 0.782 1.7786, -0.3079 0.7249 1.7965, -0.4073 0.6741 1.8056, -0.577 0.5361 1.8228, -0.6457 0.451 1.8313, -0.746 0.2525 1.8494, -0.7742 0.1447 1.8584, -0.7842 -0.0727 1.8754, -0.7664 -0.1815 1.8841, -0.6849 -0.3889 1.9023, -0.6235 -0.4812 1.9112, -0.4682 -0.6333 1.9281, -0.3746 -0.6928 1.937, -0.1656 -0.77 1.9551, -0.0565 -0.7855 1.9639, 0.1607 -0.771 1.9808, 0.2679 -0.7406 1.9899, 0.4642 -0.6361 2.0079, 0.5479 -0.5657 2.0165, 0.6823 -0.3932 2.0337, 0.7311 -0.2927 2.0428, 0.7837 -0.0774 2.0607, 0.7869 0.0311 2.069, 0.7475 0.2477 2.0865, 0.7049 0.3511 2.0957, 0.5799 0.5328 2.1133, 0.5013 0.6074 2.1216, 0.3125 0.7229 2.1394, 0.207 0.7599 2.1485, -0.0105 0.7875 2.1659, -0.1191 0.7785 2.1743, -0.3318 0.7143 2.1923, -0.4294 0.6602 2.2014, -0.5939 0.5173 2.2184, -0.6602 0.4295 2.2271, -0.754 0.2276 2.2452, -0.7785 0.1192 2.2542, -0.7815 -0.0982 2.2711, -0.76 -0.2067 2.2799, -0.6717 -0.4113 2.2981, -0.6075 -0.5013 2.3069, -0.4472 -0.6483 2.3238, -0.3514 -0.7048 2.3328, -0.1402 -0.775 2.3509, -0.0311 -0.7869 2.3596, 0.186 -0.7653 2.3766, 0.2923 -0.7313 2.3857, 0.4848 -0.6206 2.4037, 0.5657 -0.5478 2.4121, 0.695 -0.3704 2.4295, 0.7404 -0.2683 2.4386, 0.77 0.1653 2.4733, 0.6333 0.468 2.5004, 0.3891 0.6847 2.5262, 0.0727 0.7842 2.5532, -0.2522 0.7461 2.579, -0.5363 0.5768 2.6058, -0.7248 0.3082 2.6319, -0.7875 -0.015 2.6583, -0.7123 -0.336 2.6849, -0.5138 -0.5969 2.7109, -0.2231 -0.7553 2.7377, 0.808 0.0577 2.4673, 0.8294 0.0584 2.475, -0.2299 -0.7768 2.7404, 0.7921 0.1696 2.476, 0.8131 0.1733 2.4837, 0.8335 0.1764 2.4974, -0.3376 -0.7364 2.7313, 0.7389 0.2723 2.4824, 0.7602 0.2797 2.485, 0.7805 0.2863 2.4927, 0.8003 0.2922 2.5064, 0.8153 0.2962 2.5234, -0.4257 -0.6626 2.7196, -0.4382 -0.6814 2.7222, -0.5289 -0.6137 2.7135, -0.4504 -0.6989 2.7299, -0.5434 -0.6293 2.7213, 0.713 0.3846 2.4941, 0.7321 0.394 2.5019, 0.7508 0.4026 2.5156, 0.7651 0.4087 2.5325, 0.7757 0.4124 2.5526, -0.6577 -0.4332 2.6939, -0.6081 -0.5353 2.7053, -0.6768 -0.4453 2.6965, -0.6246 -0.5488 2.713, -0.6951 -0.4563 2.7043, -0.6409 -0.5614 2.7267, -0.7129 -0.4666 2.718, 0.6517 0.4811 2.5031, 0.6694 0.4931 2.5108, 0.6867 0.5043 2.5245, 0.7 0.5123 2.5415, 0.71 0.5175 2.5616, 0.7163 0.5197 2.5862, -0.7778 -0.1237 2.6668, -0.7744 -0.238 2.6784, -0.8002 -0.1268 2.6694, -0.7951 -0.2435 2.6861, -0.8214 -0.1293 2.6772, -0.8151 -0.2483 2.6998, -0.8419 -0.1312 2.6909, -0.8303 -0.2514 2.7167, -0.8574 -0.1322 2.7078, -0.8686 -0.1322 2.728, -0.7329 -0.3453 2.6875, -0.7526 -0.3536 2.6952, -0.7717 -0.3612 2.7089, -0.7863 -0.3664 2.7259, 0.5624 0.5512 2.509, 0.5789 0.5667 2.5116, 0.5947 0.5811 2.5193, 0.6102 0.5945 2.533, 0.6223 0.6042 2.55, 0.6315 0.6108 2.5701, 0.6375 0.6139 2.5947, 0.6389 0.6125 2.6189, -0.6104 0.4977 2.6141, -0.6931 0.4196 2.6255, -0.6276 0.5123 2.6167, -0.7109 0.4313 2.6332, -0.6436 0.5265 2.6245, -0.7278 0.4431 2.6469, -0.6587 0.5404 2.6382, -0.7402 0.4524 2.6639, -0.6697 0.5514 2.6551, -0.7488 0.4596 2.684, -0.6773 0.5597 2.6752, -0.7533 0.4646 2.7087, -0.681 0.5654 2.6999, -0.7454 0.3174 2.6346, -0.7647 0.3265 2.6423, -0.7831 0.3358 2.656, -0.7967 0.3432 2.673, -0.8063 0.3491 2.6931, -0.8114 0.3535 2.7177, -0.7611 0.2025 2.6411, -0.7828 0.2087 2.6437, -0.8032 0.215 2.6514, -0.8227 0.2215 2.6651, -0.8373 0.227 2.6821, -0.8476 0.2315 2.7022, -0.8533 0.2351 2.7268, -0.81 -0.015 2.661, -0.8044 0.0968 2.6526, -0.8314 -0.0146 2.6687, -0.8255 0.1001 2.6603, -0.8519 -0.0136 2.6824, -0.8457 0.1039 2.674, -0.8674 -0.0124 2.6993, -0.8609 0.1072 2.691, -0.8786 -0.0109 2.7195, -0.8717 0.1102 2.7111, 0.4954 0.641 2.52, 0.5091 0.6574 2.5277, 0.5226 0.6728 2.5414, 0.5333 0.6841 2.5583, 0.5414 0.6919 2.5785, 0.547 0.6958 2.6031, 0.5485 0.6946 2.6272, 0.5464 0.6889 2.6505, 0.4006 0.7041 2.5288, 0.4119 0.7222 2.5365, 0.4231 0.7395 2.5502, 0.4321 0.7522 2.5672, 0.4391 0.761 2.5873, 0.444 0.7656 2.6119, 0.4457 0.7647 2.6361, 0.4444 0.7587 2.6593, 0.4404 0.7485 2.6799, -0.3553 0.7029 2.5882, -0.3651 0.7232 2.5908, -0.259 0.7676 2.5817, -0.374 0.7426 2.5985, -0.2651 0.7881 2.5894, -0.3821 0.7615 2.6122, -0.2704 0.808 2.6031, -0.3878 0.776 2.6292, -0.2739 0.8231 2.6201, -0.3912 0.7867 2.6493, -0.2759 0.8342 2.6402, -0.3923 0.7934 2.674, -0.276 0.8409 2.6648, -0.3907 0.7943 2.6981, -0.2742 0.8416 2.689, -0.3864 0.7899 2.7213, -0.2707 0.8367 2.7122, -0.4635 0.6645 2.5998, -0.475 0.6825 2.6075, -0.4857 0.7 2.6212, -0.4933 0.7136 2.6382, -0.4983 0.7237 2.6583, -0.5003 0.7301 2.683, -0.4987 0.7313 2.7071, -0.494 0.7275 2.7303, -0.5513 0.5937 2.6084, -0.5652 0.6098 2.6162, -0.5783 0.6258 2.6299, -0.5877 0.6381 2.6468, -0.594 0.6474 2.6669, -0.5969 0.6535 2.6916, -0.5955 0.6549 2.7157, 0.2883 0.7329 2.5353, 0.297 0.7537 2.5379, 0.3055 0.7733 2.5456, 0.3142 0.7919 2.5593, 0.3213 0.8057 2.5763, 0.327 0.8155 2.5964, 0.3312 0.8207 2.6211, 0.333 0.8201 2.6452, 0.3326 0.814 2.6684, 0.33 0.8033 2.689, 0.3257 0.789 2.706, 0.1874 0.7882 2.547, 0.1931 0.8087 2.5547, 0.1991 0.8284 2.5684, 0.2041 0.8431 2.5854, 0.2084 0.8535 2.6055, 0.2118 0.8593 2.6301, 0.2137 0.8589 2.6543, 0.2141 0.8529 2.6775, 0.2131 0.8419 2.6981, 0.2108 0.8271 2.7151, 0.2072 0.8079 2.7289, -0.1483 0.7965 2.5727, -0.1514 0.8176 2.5804, -0.1539 0.838 2.5941, -0.1552 0.8535 2.6111, -0.1556 0.8647 2.6312, -0.1548 0.8714 2.6558, -0.1529 0.8718 2.68, -0.1501 0.8664 2.7032, -0.1466 0.856 2.7238, 0.0752 0.8066 2.5558, 0.078 0.8278 2.5635, 0.0812 0.8481 2.5772, 0.0841 0.8634 2.5942, 0.0869 0.8743 2.6143, 0.0895 0.8805 2.6389, 0.0914 0.8804 2.6631, 0.0926 0.8744 2.6863, 0.0931 0.8635 2.7069, 0.093 0.8485 2.7239, 0.0921 0.829 2.7377, -0.0357 0.7867 2.5615, -0.0363 0.8093 2.5641, -0.0365 0.8307 2.5718, -0.0361 0.8512 2.5855, -0.0353 0.8667 2.6025, -0.0341 0.8779 2.6226, -0.0324 0.8845 2.6473, -0.0305 0.8846 2.6714, -0.0284 0.8789 2.6946, -0.0264 0.8681 2.7152, -0.0245 0.8532 2.7322, 0.2031 0.7887 2.7368, 0.3194 0.7705 2.7198, 0.434 0.735 2.6969, 0.541 0.6794 2.6711, 0.636 0.6072 2.6421, 0.7175 0.5182 2.6104, 0.7823 0.4137 2.5773, 0.8263 0.2984 2.5435, 0.8489 0.1781 2.5143, 0.8499 0.0585 2.4887, 0.8295 -0.056 2.4667, 0.7929 -0.166 2.4503, -0.6886 0.3954 1.6405, -0.6426 0.5004 1.6281, -0.6262 0.4882 1.6316, -0.7753 0.3076 1.6381, -0.7567 0.3011 1.6461, -0.7917 0.1911 1.6551, -0.7718 0.1868 1.6587, -0.7903 0.0771 1.6674, -0.8498 0.0804 1.6422, -0.8303 0.0797 1.6559, -0.8334 -0.035 1.6642, -0.8138 -0.0334 1.6722, -0.8012 -0.1462 1.6808, -0.7812 -0.1421 1.6843, -0.7534 -0.2508 1.6934, -0.8091 -0.2721 1.6681, -0.791 -0.2647 1.6818, -0.7455 -0.3741 1.691, -0.7283 -0.3645 1.699, -0.6697 -0.4635 1.7079, -0.6532 -0.4515 1.7115, -0.5843 -0.5377 1.72, -0.784 -0.3984 1.6396, -0.7751 -0.392 1.6602, -0.7121 -0.4972 1.6692, -0.7007 -0.4875 1.6862, -0.6263 -0.58 1.6948, -0.6129 -0.5658 1.7085, -0.5293 -0.6447 1.7168, -0.5174 -0.6289 1.7248, -0.4242 -0.6952 1.7336, -0.414 -0.6775 1.7372, -0.314 -0.7293 1.7463, -0.6431 -0.5998 1.6572, -0.5545 -0.6825 1.6655, -0.549 -0.673 1.6861, -0.4494 -0.7432 1.6949, -0.4429 -0.7297 1.7119, -0.3352 -0.785 1.721, -0.3287 -0.7666 1.7347, -0.2169 -0.8054 1.7438, -0.2125 -0.7862 1.7518, -0.1003 -0.8082 1.7607, -0.0982 -0.7879 1.7642, 0.0111 -0.7939 1.7725, -0.4549 -0.7593 1.6511, -0.3429 -0.816 1.6602, -0.3424 -0.81 1.6834, -0.2244 -0.8503 1.6925, -0.2232 -0.8393 1.7131, -0.1034 -0.8623 1.7219, -0.103 -0.8474 1.7389, 0.0145 -0.8535 1.7473, 0.0129 -0.834 1.761, 0.1283 -0.8242 1.7696, 0.1245 -0.8048 1.7775, 0.2366 -0.7793 1.7865, 0.2302 -0.7599 1.79, 0.3355 -0.7196 1.7992, -0.2221 -0.8567 1.6451, -0.0999 -0.8794 1.654, -0.1018 -0.8792 1.6781, 0.0201 -0.8849 1.6864, 0.0181 -0.8792 1.7097, 0.1397 -0.8682 1.7182, 0.1363 -0.8577 1.7388, 0.2557 -0.83 1.7478, 0.25 -0.8162 1.7648, 0.363 -0.7725 1.7739, 0.3536 -0.7554 1.7877, 0.4567 -0.6979 1.7967, 0.4452 -0.6819 1.8047, 0.5358 -0.6133 1.8133, 0.522 -0.5982 1.8169, 0.5992 -0.5209 1.8251, 0.1452 -0.8665 1.6462, 0.1444 -0.8732 1.6708, 0.2658 -0.8442 1.6798, 0.264 -0.8448 1.7039, 0.381 -0.7989 1.7131, 0.3768 -0.7945 1.7363, 0.4852 -0.7333 1.7453, 0.4778 -0.7252 1.7659, 0.5741 -0.6516 1.7746, 0.5632 -0.6414 1.7916, 0.6459 -0.558 1.7999, 0.6303 -0.5462 1.8136, 0.7004 -0.4529 1.8224, 0.6834 -0.4429 1.8303, 0.7391 -0.3418 1.8394, 0.7204 -0.3337 1.8429, 0.7604 -0.2283 1.8521, 0.264 -0.8263 1.635, 0.3783 -0.7806 1.6442, 0.3817 -0.7913 1.6643, 0.4895 -0.7295 1.6733, 0.4915 -0.736 1.698, 0.5892 -0.6604 1.7066, 0.5878 -0.6617 1.7307, 0.673 -0.5748 1.739, 0.6674 -0.5725 1.7623, 0.7408 -0.4737 1.771, 0.7308 -0.4693 1.7916, 0.7897 -0.3613 1.8007, 0.7756 -0.3564 1.8177, 0.8182 -0.243 1.8268, 0.7992 -0.2386 1.8405, 0.8248 -0.124 1.8495, 0.8052 -0.1218 1.8574, 0.8143 -0.0095 1.8659, 0.7939 -0.0097 1.8694, 0.7876 0.0999 1.8778, 0.4772 -0.7058 1.6362, 0.5708 -0.6324 1.6449, 0.5801 -0.6449 1.6619, 0.6631 -0.5592 1.6701, 0.6706 -0.5676 1.6903, 0.7432 -0.4685 1.699, 0.7476 -0.4736 1.7236, 0.807 -0.3632 1.7327, 0.8063 -0.365 1.7568, 0.8499 -0.2471 1.766, 0.8438 -0.2473 1.7892, 0.8702 -0.1263 1.7981, 0.8592 -0.1264 1.8187, 0.8684 -0.0065 1.8271, 0.8535 -0.0079 1.8441, 0.8464 0.11 1.8526, 0.8273 0.1062 1.8663, 0.8041 0.2214 1.8752, 0.7853 0.2154 1.8832, 0.7469 0.3244 1.8923, 0.7284 0.3158 1.8958, 0.6765 0.4156 1.9049, 0.6215 -0.5197 1.6318, 0.6373 -0.534 1.6395, 0.7056 -0.4398 1.6482, 0.7223 -0.4517 1.6619, 0.7789 -0.3451 1.671, 0.7925 -0.3527 1.6879, 0.8344 -0.2369 1.6971, 0.8447 -0.2416 1.7172, 0.8702 -0.1205 1.7261, 0.8764 -0.1233 1.7507, 0.885 -0.0012 1.7592, 0.8851 -0.0031 1.7833, 0.877 0.119 1.7917, 0.8715 0.1164 1.815, 0.8466 0.2377 1.8239, 0.8366 0.2331 1.8445, 0.7951 0.3492 1.8536, 0.7821 0.3419 1.8706, 0.7259 0.449 1.8796, 0.71 0.4377 1.8934, 0.6419 0.5326 1.9021, 0.6272 0.5194 1.9101, 0.55 0.6006 1.9184, 0.5366 0.5852 1.922, 0.4499 0.6542 1.9306, 0.7414 -0.3263 1.6496, 0.7802 -0.218 1.6587, 0.8005 -0.2246 1.6664, 0.8241 -0.1099 1.6753, 0.8443 -0.1138 1.689, 0.8519 0.0038 1.6975, 0.8674 0.0024 1.7144, 0.8588 0.1221 1.7228, 0.87 0.122 1.743, 0.8443 0.243 1.7519, 0.851 0.2428 1.7765, 0.8081 0.3609 1.7856, 0.8089 0.3592 1.8097, 0.75 0.4699 1.8188, 0.7461 0.4652 1.8421, 0.6738 0.5649 1.8508, 0.6666 0.5567 1.8714, 0.5839 0.6429 1.8797, 0.5749 0.6309 1.8967, 0.4816 0.7047 1.9053, 0.4716 0.688 1.9191, 0.3698 0.7476 1.9281, 0.3618 0.7296 1.9361, 0.2548 0.7735 1.9452, 0.2489 0.754 1.9487, 0.1402 0.7815 1.9577, 0.8101 0.0056 1.676, 0.8015 0.1173 1.6845, 0.8228 0.1196 1.6922, 0.7978 0.234 1.7011, 0.8179 0.2385 1.7148, 0.7759 0.3519 1.7239, 0.7905 0.357 1.7408, 0.7322 0.4651 1.7499, 0.7424 0.4697 1.77, 0.6696 0.5688 1.7788, 0.6758 0.5715 1.8034, 0.5909 0.6588 1.8117, 0.5924 0.6576 1.8358, 0.4952 0.7336 1.8445, 0.4935 0.7278 1.8677, 0.3859 0.7901 1.8768, 0.3826 0.7796 1.8973, 0.2683 0.826 1.9065, 0.2651 0.8114 1.9235, 0.1482 0.8406 1.9324, 0.146 0.8212 1.9462, 0.0308 0.8335 1.9547, 0.0308 0.8138 1.9627, -0.0813 0.8103 1.9711, -0.0788 0.7901 1.9746, -0.1887 0.7712 1.9834, 0.7369 0.3365 1.7025, 0.682 0.4372 1.7115, 0.7004 0.448 1.7193, 0.6309 0.5415 1.728, 0.6473 0.5539 1.7417, 0.5652 0.6375 1.75, 0.5765 0.6481 1.767, 0.4808 0.722 1.7756, 0.4883 0.7304 1.7957, 0.3804 0.7919 1.8047, 0.385 0.7969 1.8294, 0.2682 0.8434 1.8385, 0.2701 0.8429 1.8626, 0.1487 0.8725 1.8716, 0.1495 0.8665 1.8949, 0.028 0.8789 1.9034, 0.0293 0.868 1.924, -0.0903 0.8638 1.9323, -0.0873 0.8491 1.9493, -0.2054 0.8285 1.9582, -0.1995 0.8099 1.9719, -0.3121 0.7735 1.981, -0.304 0.7556 1.989, -0.4078 0.705 1.9981, -0.3972 0.6875 2.0016, -0.4896 0.6251 2.0104, 0.5359 0.6075 1.7286, 0.4462 0.6762 1.7372, 0.4586 0.6935 1.7449, 0.3562 0.7513 1.754, 0.3661 0.7693 1.7677, 0.2535 0.8134 1.7768, 0.2595 0.8277 1.7937, 0.1403 0.856 1.8027, 0.1438 0.8667 1.8228, 0.0222 0.8783 1.8314, 0.0244 0.8847 1.856, -0.0975 0.8797 1.8644, -0.0956 0.8799 1.8885, -0.2179 0.8579 1.8973, -0.2147 0.8527 1.9206, -0.3331 0.8138 1.9297, -0.3275 0.8044 1.9502, -0.438 0.75 1.9593, -0.4292 0.7378 1.9764, -0.5284 0.6704 1.9852, -0.5153 0.6559 1.9989, -0.6006 0.5788 2.0073, -0.5859 0.5657 2.0153, -0.6586 0.479 2.0238, -0.6419 0.4674 2.0273, -0.7013 0.3724 2.0363, 0.2391 0.774 1.7554, 0.1277 0.8 1.7643, 0.1319 0.8209 1.7721, 0.0168 0.8313 1.7806, 0.0185 0.8518 1.7943, -0.0988 0.8463 1.8026, -0.0991 0.8618 1.8196, -0.2188 0.8394 1.8284, -0.22 0.8506 1.8486, -0.3381 0.8109 1.8577, -0.3388 0.8177 1.8823, -0.4511 0.7615 1.8914, -0.4495 0.7625 1.9155, -0.5518 0.6921 1.9243, -0.5468 0.6887 1.9476, -0.6363 0.607 1.9559, -0.6273 0.6007 1.9765, -0.7045 0.508 1.9851, -0.6916 0.5004 2.0021, -0.7551 0.3981 2.011, -0.7373 0.3901 2.0248, -0.7851 0.2817 2.0339, -0.7663 0.2758 2.0419, -0.7976 0.1649 2.0509, -0.7775 0.1613 2.0544, -0.7924 0.0515 2.0631, 0.0156 0.81 1.7729, -0.0959 0.8044 1.7812, -0.0976 0.8257 1.7889, -0.2123 0.8039 1.7978, -0.2163 0.8241 1.8115, -0.3307 0.7852 1.8206, -0.3354 0.8 1.8375, -0.4452 0.7445 1.8466, -0.4495 0.7549 1.8668, -0.5508 0.6845 1.8756, -0.5533 0.6908 1.9002, -0.643 0.6082 1.9086, -0.6418 0.6096 1.9327, -0.7201 0.5148 1.9412, -0.7143 0.5129 1.9645, -0.7794 0.4073 1.9734, -0.769 0.4037 1.994, -0.8184 0.2908 2.0031, -0.8039 0.2871 2.0202, -0.8364 0.1708 2.0292, -0.817 0.1681 2.0429, -0.8325 0.0528 2.0516, -0.8128 0.0524 2.0596, -0.8122 -0.0597 2.0679, -0.7919 -0.0577 2.0714, -0.7761 -0.1677 2.0801, -0.2076 0.7831 1.7901, -0.3239 0.7658 1.8069, -0.4385 0.7305 1.8297, -0.5451 0.6748 1.8554, -0.6397 0.6023 1.8839, -0.7211 0.5132 1.9171, -0.7854 0.4083 1.9502, -0.8292 0.2928 1.9826, -0.8513 0.1724 2.0122, -0.852 0.0528 2.0378, -0.8318 -0.0619 2.0599, -0.796 -0.1725 2.0766, -0.7446 -0.2757 2.0892, -0.4186 0.6936 1.8082, -0.5117 0.6281 1.8171, -0.5245 0.6452 1.8248, -0.6083 0.5669 1.8331, -0.6224 0.5818 1.8468, -0.697 0.49 1.8554, -0.7089 0.5001 1.8723, -0.7722 0.3953 1.8813, -0.7813 0.4018 1.9014, -0.8304 0.2871 1.9106, -0.8358 0.2911 1.9352, -0.8686 0.1703 1.9442, -0.8683 0.1722 1.9683, -0.8838 0.0497 1.977, -0.8779 0.0512 2.0002, -0.8766 -0.0697 2.0085, -0.8659 -0.0672 2.0291, -0.8481 -0.1875 2.0379, -0.8338 -0.1828 2.0549, -0.7996 -0.2988 2.0639, -0.7818 -0.2909 2.0777, -0.7327 -0.3986 2.0868, -0.7158 -0.3885 2.0948, -0.6541 -0.4852 2.1037, -0.638 -0.4726 2.1072, -0.5667 -0.5562 2.1156, -0.6639 0.4643 1.834, -0.7227 0.3662 1.8429, -0.7414 0.3765 1.8506, -0.7872 0.2678 1.8598, -0.8062 0.2756 1.8735, -0.8371 0.1591 1.8825, -0.852 0.1634 1.8994, -0.8664 0.0433 1.9081, -0.8775 0.0455 1.9282, -0.8754 -0.0754 1.9365, -0.882 -0.074 1.9612, -0.863 -0.1964 1.9699, -0.8635 -0.1945 1.994, -0.8274 -0.3146 2.0031, -0.8226 -0.3108 2.0263, -0.7703 -0.4241 2.0355, -0.7616 -0.4174 2.056, -0.6955 -0.5203 2.0649, -0.6844 -0.5102 2.0819, -0.6074 -0.5997 2.0904, -0.5944 -0.5852 2.1041, -0.508 -0.6616 2.1126, -0.4966 -0.6455 2.1205, -0.401 -0.7088 2.1294, -0.3914 -0.6909 2.133, -0.2896 -0.7393 2.1421, -0.7963 0.1493 1.8611, -0.8093 0.037 1.8697, -0.8306 0.0388 1.8774, -0.8281 -0.0755 1.8857, -0.8486 -0.0761 1.8994, -0.8297 -0.1939 1.9082, -0.8451 -0.196 1.9251, -0.8089 -0.3134 1.9342, -0.8199 -0.3159 1.9543, -0.7669 -0.4288 1.9634, -0.7735 -0.4302 1.9881, -0.7054 -0.5346 1.997, -0.7066 -0.5331 2.0211, -0.6263 -0.6255 2.0295, -0.6235 -0.6201 2.0528, -0.532 -0.7002 2.0612, -0.5268 -0.6906 2.0818, -0.4245 -0.7577 2.0907, -0.4185 -0.744 2.1077, -0.3089 -0.7957 2.1168, -0.303 -0.7771 2.1306, -0.1902 -0.8121 2.1396, -0.1865 -0.7928 2.1476, -0.074 -0.811 2.1564, -0.0726 -0.7907 2.1599, 0.0366 -0.7931 2.1682, -0.7885 -0.1863 1.8868, -0.7542 -0.2958 1.8958, -0.7744 -0.3029 1.9035, -0.7237 -0.4094 1.9127, -0.7422 -0.4185 1.9264, -0.6761 -0.5185 1.9353, -0.6892 -0.5268 1.9522, -0.6099 -0.6169 1.9606, -0.6189 -0.6236 1.9808, -0.527 -0.703 1.9892, -0.5324 -0.707 2.0138, -0.4278 -0.7748 2.0227, -0.4295 -0.7739 2.0469, -0.3156 -0.8269 2.056, -0.3153 -0.8209 2.0792, -0.1961 -0.8572 2.0883, -0.1954 -0.8462 2.1089, -0.0753 -0.8652 2.1176, -0.0754 -0.8503 2.1346, 0.042 -0.8526 2.1429, 0.0398 -0.8331 2.1567, 0.1553 -0.8195 2.1653, 0.1509 -0.8003 2.1733, 0.2623 -0.771 2.1823, 0.2553 -0.7518 2.1859, 0.3592 -0.7081 2.195, -0.6416 -0.4947 1.9138, -0.5672 -0.5785 1.9223, -0.5828 -0.5931 1.93, -0.4953 -0.6678 1.9384, -0.5086 -0.6836 1.9521, -0.4075 -0.7482 1.961, -0.4162 -0.7611 1.978, -0.3042 -0.8124 1.9871, -0.3097 -0.8222 2.0072, -0.1904 -0.8577 2.0163, -0.1937 -0.8636 2.0409, -0.0713 -0.8822 2.0497, -0.0732 -0.8821 2.0738, 0.0486 -0.8838 2.0821, 0.0464 -0.8781 2.1053, 0.1682 -0.8631 2.114, 0.1644 -0.8528 2.1346, 0.2831 -0.821 2.1436, 0.2769 -0.8074 2.1606, 0.3885 -0.76 2.1697, 0.3785 -0.7432 2.1835, 0.4794 -0.6825 2.1924, 0.4674 -0.6669 2.2004, 0.5553 -0.5957 2.209, 0.541 -0.5811 2.2125, 0.6158 -0.5011 2.2208, -0.3857 -0.7124 1.9396, -0.281 -0.7599 1.9487, -0.2891 -0.7796 1.9564, -0.1761 -0.8126 1.9655, -0.1817 -0.8324 1.9792, -0.0637 -0.8496 1.988, -0.0663 -0.8649 2.0049, 0.0531 -0.8658 2.0132, 0.0521 -0.877 2.0333, 0.1736 -0.8612 2.042, 0.173 -0.868 2.0666, 0.2937 -0.8349 2.0756, 0.2919 -0.8356 2.0998, 0.4073 -0.7858 2.1089, 0.403 -0.7815 2.1321, 0.509 -0.717 2.1411, 0.5014 -0.7091 2.1617, 0.5948 -0.6328 2.1702, 0.5835 -0.6229 2.1872, 0.6637 -0.5367 2.1956, 0.6477 -0.5254 2.2093, 0.715 -0.4295 2.2182, 0.6977 -0.42 2.2261, 0.7501 -0.3171 2.2352, 0.7311 -0.3096 2.2388, 0.7675 -0.2031 2.2479, -0.0586 -0.808 1.9665, 0.0529 -0.8084 1.9748, 0.0535 -0.8297 1.9825, 0.1684 -0.8142 1.9912, 0.1714 -0.8346 2.0049, 0.2874 -0.802 2.0139, 0.2912 -0.8171 2.0309, 0.404 -0.7676 2.04, 0.4077 -0.7782 2.0601, 0.5132 -0.713 2.0691, 0.5154 -0.7195 2.0937, 0.6101 -0.6411 2.1023, 0.6088 -0.6425 2.1264, 0.6913 -0.5526 2.1347, 0.6857 -0.5505 2.158, 0.756 -0.449 2.1668, 0.7458 -0.4449 2.1874, 0.8013 -0.3349 2.1965, 0.787 -0.3304 2.2135, 0.8258 -0.2158 2.2226, 0.8066 -0.212 2.2364, 0.8284 -0.097 2.2452, 0.8087 -0.0955 2.2532, 0.8142 0.0166 2.2615, 0.7938 0.0157 2.265, 0.7839 0.1256 2.2736, 0.2751 -0.762 1.9925, 0.3803 -0.7153 2.0016, 0.3896 -0.7345 2.0093, 0.4891 -0.6723 2.0183, 0.5002 -0.6897 2.032, 0.5909 -0.6137 2.0405, 0.6006 -0.6259 2.0575, 0.6809 -0.5373 2.0658, 0.6887 -0.5455 2.086, 0.7583 -0.4437 2.0948, 0.7629 -0.4486 2.1194, 0.8187 -0.3362 2.1285, 0.818 -0.338 2.1527, 0.8576 -0.2189 2.1618, 0.8515 -0.2192 2.185, 0.8738 -0.0978 2.1938, 0.8629 -0.0983 2.2144, 0.8682 0.0213 2.2227, 0.8533 0.0195 2.2398, 0.8424 0.1376 2.2483, 0.8233 0.1333 2.2621, 0.7964 0.2479 2.271, 0.7778 0.2413 2.279, 0.7358 0.349 2.2881, 0.7175 0.3398 2.2917, 0.6624 0.4377 2.3007, 0.638 -0.4992 2.0275, 0.7017 -0.4049 2.0363, 0.7197 -0.4162 2.044, 0.7714 -0.3102 2.0531, 0.79 -0.319 2.0668, 0.8271 -0.2041 2.0759, 0.8418 -0.2092 2.0929, 0.8628 -0.0892 2.1017, 0.8737 -0.092 2.1218, 0.8781 0.029 2.1302, 0.8846 0.0272 2.1548, 0.8723 0.1496 2.1633, 0.8727 0.1477 2.1875, 0.8432 0.2691 2.1964, 0.8382 0.2656 2.2197, 0.7921 0.3816 2.2288, 0.7831 0.3754 2.2494, 0.7223 0.4821 2.2584, 0.7107 0.4727 2.2754, 0.6381 0.5669 2.2841, 0.6243 0.5531 2.2978, 0.5425 0.6336 2.3061, 0.5303 0.6181 2.3141, 0.4387 0.6861 2.3228, 0.4281 0.6686 2.3264, 0.3293 0.7224 2.3354, 0.787 -0.1921 2.0545, 0.8061 -0.08 2.0633, 0.8273 -0.0829 2.071, 0.8308 0.0316 2.0794, 0.8514 0.0311 2.0931, 0.8388 0.1489 2.1016, 0.8543 0.1501 2.1186, 0.8247 0.2689 2.1276, 0.8357 0.2708 2.1477, 0.789 0.3865 2.1568, 0.7956 0.3875 2.1814, 0.733 0.4959 2.1905, 0.7342 0.4943 2.2146, 0.6583 0.5917 2.2232, 0.6552 0.5864 2.2465, 0.5685 0.6708 2.2548, 0.5628 0.6615 2.2754, 0.4649 0.7336 2.2841, 0.4581 0.7202 2.3011, 0.3517 0.7777 2.3102, 0.3448 0.7595 2.3239, 0.2338 0.8006 2.3331, 0.229 0.7815 2.341, 0.117 0.8059 2.3499, 0.1146 0.7857 2.3535, 0.0051 0.794 2.3619, 0.7973 0.1435 2.0802, 0.7691 0.2544 2.0892, 0.7896 0.2603 2.0969, 0.7448 0.3695 2.106, 0.7637 0.3775 2.1197, 0.7029 0.4815 2.1287, 0.7164 0.489 2.1457, 0.6415 0.5839 2.1543, 0.6508 0.5902 2.1745, 0.5636 0.6739 2.1828, 0.5693 0.6776 2.2074, 0.4691 0.7505 2.2161, 0.4707 0.7495 2.2403, 0.3601 0.8085 2.2493, 0.3594 0.8025 2.2726, 0.2422 0.8453 2.2817, 0.2408 0.8344 2.3023, 0.1213 0.86 2.3112, 0.1206 0.845 2.3282, 0.0029 0.8536 2.3366, 0.004 0.8341 2.3504, -0.1112 0.8267 2.3588, -0.1077 0.8072 2.3668, -0.2201 0.7841 2.3757, -0.2141 0.7646 2.3792, -0.3202 0.7266 2.3884, 0.6672 0.4595 2.1073, 0.5968 0.5478 2.116, 0.6131 0.5616 2.1237, 0.5302 0.6405 2.132, 0.5442 0.6555 2.1457, 0.4473 0.7251 2.1544, 0.4567 0.7375 2.1714, 0.3479 0.7946 2.1804, 0.3539 0.8041 2.2006, 0.2365 0.8461 2.2097, 0.2401 0.8518 2.2343, 0.1181 0.8771 2.2432, 0.12 0.8769 2.2674, -0.0021 0.8851 2.2758, -0.0002 0.8793 2.299, -0.1216 0.8709 2.3075, -0.1184 0.8604 2.3281, -0.2382 0.8352 2.337, -0.2327 0.8213 2.354, -0.3466 0.7801 2.3631, -0.3376 0.7627 2.3768, -0.442 0.7074 2.3859, -0.4309 0.6911 2.3939, -0.5231 0.6242 2.4026, -0.5096 0.6089 2.4061, -0.5884 0.5332 2.4144, 0.4237 0.6905 2.133, 0.3218 0.7434 2.1421, 0.331 0.7627 2.1498, 0.2197 0.8019 2.1589, 0.2264 0.8214 2.1726, 0.1088 0.845 2.1815, 0.1122 0.8602 2.1985, -0.0075 0.8674 2.2069, -0.0059 0.8786 2.227, -0.1272 0.8693 2.2355, -0.1261 0.876 2.2601, -0.248 0.8496 2.269, -0.2462 0.8502 2.2931, -0.3641 0.8068 2.3022, -0.36 0.8023 2.3255, -0.4697 0.7434 2.3346, -0.4625 0.7351 2.3551, -0.5606 0.6634 2.3639, -0.5499 0.6529 2.3809, -0.6343 0.5713 2.3892, -0.619 0.5591 2.4029, -0.6908 0.4675 2.4116, -0.674 0.4572 2.4196, -0.7318 0.3575 2.4286, -0.7133 0.3489 2.4321, -0.7555 0.2444 2.4413, 0.1015 0.8037 2.1601, -0.0103 0.8101 2.1685, -0.0098 0.8314 2.1762, -0.1245 0.8221 2.1847, -0.1263 0.8426 2.1984, -0.2435 0.8165 2.2073, -0.2465 0.8317 2.2242, -0.3618 0.7884 2.2334, -0.3649 0.7992 2.2535, -0.4742 0.7397 2.2625, -0.476 0.7462 2.2872, -0.5755 0.6725 2.2959, -0.574 0.6738 2.32, -0.6611 0.5886 2.3283, -0.6555 0.5862 2.3516, -0.7307 0.4892 2.3602, -0.7208 0.4846 2.3808, -0.782 0.378 2.3898, -0.7679 0.3728 2.4069, -0.813 0.2603 2.416, -0.794 0.2555 2.4297, -0.8221 0.1412 2.4387, -0.8025 0.1387 2.4467, -0.814 0.0262 2.4552, -0.7936 0.026 2.4587, -0.7896 -0.0834 2.4671, -0.2334 0.7758 2.1859, -0.3409 0.7349 2.195, -0.3491 0.7546 2.2027, -0.4523 0.6977 2.2118, -0.4624 0.7157 2.2255, -0.5577 0.6441 2.2342, -0.5667 0.6568 2.2511, -0.6515 0.5728 2.2594, -0.6588 0.5814 2.2796, -0.7333 0.484 2.2882, -0.7376 0.4892 2.3129, -0.7992 0.3802 2.3219, -0.7985 0.382 2.346, -0.8445 0.2651 2.3551, -0.8385 0.2651 2.3784, -0.8674 0.1445 2.3874, -0.8565 0.1443 2.4079, -0.8682 0.0243 2.4165, -0.8533 0.0253 2.4335, -0.8486 -0.0923 2.4418, -0.8294 -0.0889 2.4556, -0.8087 -0.2043 2.4644, -0.7898 -0.1987 2.4724, -0.7538 -0.3084 2.4815, -0.7351 -0.3003 2.485, -0.6852 -0.4012 2.4941, -0.5318 0.6112 2.2128, -0.6107 0.5324 2.2211, -0.6262 0.547 2.2288, -0.6963 0.4545 2.2374, -0.7128 0.4668 2.2511, -0.7715 0.3616 2.2602, -0.7849 0.3695 2.2771, -0.8293 0.2546 2.2863, -0.8395 0.2594 2.3064, -0.8676 0.1387 2.3153, -0.8737 0.1417 2.34, -0.8849 0.0193 2.3485, -0.8849 0.0212 2.3726, -0.8794 -0.1007 2.381, -0.8739 -0.0982 2.4042, -0.8515 -0.2197 2.4131, -0.8414 -0.2154 2.4337, -0.8025 -0.3322 2.4428, -0.7893 -0.3252 2.4598, -0.7353 -0.4336 2.4689, -0.7191 -0.4226 2.4826, -0.6529 -0.5191 2.4914, -0.638 -0.5062 2.4994, -0.5623 -0.5891 2.5077, -0.5486 -0.574 2.5113, -0.4637 -0.6446 2.5198, -0.7345 0.342 2.2388, -0.7755 0.2345 2.2479, -0.7957 0.2415 2.2556, -0.8217 0.1271 2.2646, -0.8418 0.1315 2.2783, -0.8519 0.0136 2.2868, -0.8674 0.0153 2.3037, -0.8612 -0.1041 2.3121, -0.8725 -0.1038 2.3322, -0.8493 -0.225 2.3411, -0.8561 -0.2248 2.3657, -0.8157 -0.3436 2.3748, -0.8165 -0.3419 2.3989, -0.7599 -0.4539 2.408, -0.7559 -0.4494 2.4313, -0.6855 -0.5508 2.4401, -0.6781 -0.5427 2.4607, -0.5971 -0.6307 2.469, -0.5879 -0.6189 2.486, -0.4964 -0.6945 2.4946, -0.486 -0.6779 2.5083, -0.3857 -0.7396 2.5173, -0.3773 -0.7217 2.5253, -0.2713 -0.7679 2.5344, -0.2649 -0.7485 2.5379, -0.1567 -0.7784 2.5469, -0.8101 0.011 2.2654, -0.8039 -0.1006 2.2737, -0.8252 -0.1024 2.2814, -0.8027 -0.217 2.2903, -0.8228 -0.2212 2.304, -0.7833 -0.3354 2.3131, -0.798 -0.3401 2.33, -0.7419 -0.4496 2.3391, -0.7523 -0.4539 2.3593, -0.6813 -0.5548 2.3681, -0.6876 -0.5573 2.3927, -0.6045 -0.6465 2.401, -0.6059 -0.6452 2.4252, -0.5106 -0.723 2.4337, -0.5088 -0.7173 2.457, -0.4027 -0.7818 2.4659, -0.3992 -0.7713 2.4865, -0.2859 -0.8201 2.4957, -0.2823 -0.8056 2.5127, -0.1659 -0.8373 2.5217, -0.1633 -0.818 2.5354, -0.048 -0.8327 2.5441, -0.0477 -0.813 2.552, 0.0644 -0.8118 2.5603, 0.0623 -0.7915 2.5639, 0.1723 -0.7751 2.5726, -0.744 -0.3207 2.2917, -0.6911 -0.4227 2.3008, -0.7098 -0.4332 2.3085, -0.6421 -0.5283 2.3173, -0.6588 -0.5403 2.331, -0.5783 -0.6257 2.3393, -0.5898 -0.6361 2.3563, -0.4959 -0.7118 2.3648, -0.5036 -0.7199 2.385, -0.3972 -0.7837 2.3939, -0.4019 -0.7886 2.4186, -0.2862 -0.8375 2.4277, -0.288 -0.837 2.4518, -0.1671 -0.8692 2.4608, -0.1678 -0.8632 2.4841, -0.0462 -0.8781 2.4927, -0.0473 -0.8672 2.5133, 0.0722 -0.8655 2.5216, 0.0696 -0.8507 2.5386, 0.1878 -0.8327 2.5474, 0.1823 -0.8139 2.5611, 0.2955 -0.78 2.5702, 0.2878 -0.7618 2.5782, 0.3927 -0.7134 2.5873, 0.3825 -0.6958 2.5908, 0.4763 -0.6352 2.5997, -0.5484 -0.5963 2.3179, -0.4604 -0.6666 2.3265, -0.4732 -0.6837 2.3342, -0.3722 -0.7435 2.3432, -0.3825 -0.7613 2.3569, -0.2708 -0.8078 2.366, -0.2771 -0.822 2.3829, -0.1584 -0.8529 2.3919, -0.162 -0.8635 2.4121, -0.0404 -0.8777 2.4207, -0.0427 -0.884 2.4453, 0.0791 -0.8815 2.4536, 0.0772 -0.8817 2.4778, 0.1996 -0.8623 2.4865, 0.1965 -0.8571 2.5098, 0.3157 -0.8207 2.5188, 0.3102 -0.8112 2.5394, 0.4219 -0.7591 2.5485, 0.4134 -0.7468 2.5656, 0.5142 -0.6813 2.5744, 0.5015 -0.6665 2.5882, 0.5885 -0.591 2.5966, 0.5741 -0.5776 2.6046, 0.6484 -0.4927 2.613, 0.6318 -0.4808 2.6166, 0.6931 -0.3872 2.6255, -0.2556 -0.7688 2.3446, -0.1446 -0.7971 2.3536, -0.1492 -0.818 2.3613, -0.0341 -0.8308 2.3699, -0.0362 -0.8512 2.3836, 0.081 -0.8481 2.3919, 0.0811 -0.8637 2.4089, 0.201 -0.8438 2.4176, 0.2019 -0.8551 2.4378, 0.3207 -0.8179 2.4468, 0.3213 -0.8247 2.4715, 0.4348 -0.7709 2.4806, 0.4331 -0.7719 2.5047, 0.5372 -0.7034 2.5136, 0.5322 -0.7 2.5368, 0.6236 -0.6199 2.5453, 0.6148 -0.6134 2.5658, 0.6936 -0.5226 2.5743, 0.6808 -0.5148 2.5913, 0.7464 -0.414 2.6002, 0.7288 -0.4056 2.614, 0.7789 -0.2983 2.6231, 0.7602 -0.292 2.6311, 0.7938 -0.1817 2.6401, 0.7738 -0.1776 2.6437, 0.791 -0.0679 2.6524, 0.0791 -0.8063 2.3705, 0.1909 -0.7873 2.3793, 0.1952 -0.8082 2.387, 0.3074 -0.7725 2.3961, 0.3139 -0.7921 2.4098, 0.4228 -0.7396 2.4189, 0.4292 -0.7538 2.4358, 0.5308 -0.6861 2.4447, 0.5363 -0.6959 2.4648, 0.6271 -0.6153 2.4732, 0.6303 -0.6212 2.4979, 0.7101 -0.5282 2.5063, 0.709 -0.5298 2.5305, 0.7764 -0.4248 2.5394, 0.7705 -0.4237 2.5626, 0.8227 -0.3103 2.5718, 0.812 -0.3081 2.5923, 0.8473 -0.1903 2.6014, 0.8325 -0.1884 2.6184, 0.8506 -0.0704 2.6271, 0.8311 -0.07 2.6409, 0.8328 0.0447 2.6492, 0.8132 0.0428 2.6571, 0.7993 0.1557 2.6658, 0.7794 0.1513 2.6693, 0.7502 0.2598 2.6784, 0.4038 -0.7023 2.3974, 0.4984 -0.6387 2.4063, 0.5109 -0.656 2.4141, 0.5964 -0.5793 2.4225, 0.6103 -0.5945 2.4362, 0.6865 -0.5045 2.4446, 0.6981 -0.5148 2.4616, 0.7636 -0.4116 2.4705, 0.7726 -0.4183 2.4906, 0.824 -0.3047 2.4997, 0.8294 -0.3088 2.5244, 0.8647 -0.1885 2.5334, 0.8643 -0.1904 2.5576, 0.8824 -0.068 2.5663, 0.8765 -0.0694 2.5895, 0.8778 0.0516 2.5978, 0.867 0.0493 2.6184, 0.8517 0.1695 2.6271, 0.8374 0.1652 2.6441, 0.8057 0.2818 2.6531, 0.7877 0.2742 2.6669, 0.7409 0.383 2.676, 0.7238 0.3732 2.684, 0.6641 0.4714 2.6929, 0.6477 0.4592 2.6965, 0.5779 0.5444 2.705, 0.654 -0.4781 2.4232, 0.7147 -0.3814 2.4321, 0.7331 -0.3922 2.4398, 0.7812 -0.2844 2.449, 0.8001 -0.2926 2.4627, 0.8334 -0.1767 2.4717, 0.8482 -0.1813 2.4887, 0.8652 -0.0612 2.4974, 0.8762 -0.0636 2.5175, 0.8767 0.0572 2.5258, 0.8832 0.0557 2.5504, 0.8669 0.1782 2.5591, 0.8673 0.1763 2.5832, 0.8338 0.297 2.5923, 0.8289 0.2933 2.6155, 0.7791 0.4077 2.6247, 0.7702 0.4012 2.6452, 0.7061 0.5056 2.6542, 0.6948 0.4958 2.6712, 0.6195 0.5872 2.6797, 0.6062 0.5729 2.6935, 0.5216 0.6509 2.7018, 0.5099 0.635 2.7098, 0.4158 0.7002 2.7186, 0.4058 0.6824 2.7222, 0.3052 0.733 2.7313, -0.7065 0.4052 1.6369, -0.7376 0.294 1.6496, -0.811 0.195 1.6471, -0.8106 0.0786 1.6639, -0.7934 -0.0321 1.6757, -0.8528 -0.0371 1.6505, -0.8205 -0.1505 1.6728, -0.7726 -0.2577 1.6898, -0.7103 -0.355 1.7025, -0.8228 -0.2782 1.6511, -0.7624 -0.384 1.6772, -0.6854 -0.4754 1.7, -0.5989 -0.5519 1.7165, -0.5048 -0.6129 1.7284, -0.7201 -0.5048 1.6486, -0.6363 -0.5912 1.6778, -0.5407 -0.6605 1.7031, -0.4338 -0.7124 1.7257, -0.3216 -0.7482 1.7427, -0.2077 -0.7664 1.7554, -0.5567 -0.6881 1.6422, -0.4535 -0.7534 1.6743, -0.3397 -0.7993 1.704, -0.2208 -0.8246 1.7301, -0.1019 -0.8279 1.7527, 0.0118 -0.8143 1.769, 0.1209 -0.7847 1.7811, -0.224 -0.8563 1.6693, -0.103 -0.8733 1.7013, 0.0162 -0.8683 1.7303, 0.1326 -0.8432 1.7558, 0.2431 -0.7979 1.7785, 0.3446 -0.7379 1.7956, 0.4337 -0.6651 1.8082, 0.022 -0.8848 1.6623, 0.1425 -0.8736 1.695, 0.2605 -0.8398 1.7272, 0.3707 -0.7854 1.7569, 0.4684 -0.7136 1.7829, 0.5494 -0.6276 1.8053, 0.6149 -0.5339 1.8216, 0.666 -0.4322 1.8339, 0.2658 -0.8374 1.6552, 0.3827 -0.798 1.6889, 0.4899 -0.7371 1.7221, 0.5825 -0.6587 1.754, 0.6581 -0.5667 1.7829, 0.7174 -0.4624 1.8086, 0.7573 -0.3494 1.8314, 0.7801 -0.2337 1.8485, 0.7849 -0.1192 1.861, 0.4847 -0.7194 1.6532, 0.5863 -0.6543 1.682, 0.6742 -0.5733 1.7149, 0.7467 -0.4752 1.7478, 0.8003 -0.3643 1.7801, 0.8329 -0.2458 1.8098, 0.8442 -0.1256 1.8357, 0.834 -0.0089 1.8579, 0.8078 0.1029 1.8743, 0.7658 0.2095 1.8867, 0.558 -0.6164 1.6312, 0.6522 -0.5481 1.6532, 0.7347 -0.4611 1.6789, 0.802 -0.3587 1.7081, 0.8503 -0.2453 1.7418, 0.8762 -0.1253 1.7749, 0.8793 -0.0049 1.8066, 0.861 0.1133 1.8356, 0.8226 0.2277 1.8615, 0.7647 0.333 1.8843, 0.6936 0.4267 1.9014, 0.6118 0.506 1.9137, 0.6044 -0.5049 1.6291, 0.6879 -0.4278 1.6405, 0.7606 -0.3357 1.6573, 0.8199 -0.2313 1.6801, 0.8594 -0.1173 1.706, 0.8785 0.0008 1.7345, 0.8767 0.1209 1.7676, 0.8516 0.241 1.8006, 0.8044 0.3551 1.833, 0.7378 0.4581 1.8626, 0.6561 0.546 1.8884, 0.5627 0.6157 1.9104, 0.4611 0.6712 1.9271, 0.3532 0.7111 1.9396, 0.7586 -0.2116 1.656, 0.8031 -0.1063 1.6676, 0.8314 0.005 1.6838, 0.8433 0.1213 1.7059, 0.8331 0.2415 1.7317, 0.8014 0.3601 1.761, 0.749 0.4715 1.7947, 0.6771 0.57 1.8276, 0.5899 0.6521 1.8591, 0.4888 0.7179 1.8883, 0.3773 0.7656 1.9144, 0.2602 0.7925 1.9372, 0.1433 0.8017 1.9542, 0.0305 0.7934 1.9663, 0.7791 0.1145 1.6818, 0.7771 0.2287 1.6934, 0.7566 0.3446 1.7102, 0.7183 0.458 1.733, 0.66 0.5628 1.7587, 0.5851 0.6553 1.7871, 0.4935 0.7346 1.8204, 0.3867 0.7961 1.8535, 0.2701 0.8368 1.8859, 0.1493 0.8555 1.9154, 0.0302 0.8531 1.941, -0.0841 0.8298 1.9631, -0.194 0.7909 1.9799, -0.2959 0.7368 1.9925, 0.6627 0.4254 1.7089, 0.6142 0.5282 1.7203, 0.5506 0.623 1.7363, 0.471 0.7099 1.7586, 0.3741 0.7826 1.7846, 0.2644 0.8378 1.8139, 0.1468 0.8728 1.8475, 0.0263 0.8847 1.8802, -0.0931 0.8744 1.9117, -0.2104 0.8426 1.9411, -0.3205 0.7911 1.9673, -0.4184 0.7216 1.9901, -0.5025 0.6409 2.0069, -0.5709 0.5519 2.0188, 0.4334 0.6575 1.7346, 0.3463 0.7323 1.7462, 0.2462 0.7942 1.7631, 0.1364 0.841 1.7858, 0.0203 0.8672 1.8113, -0.0987 0.873 1.8397, -0.2197 0.8573 1.8732, -0.3371 0.8184 1.9064, -0.4449 0.7585 1.9388, -0.5387 0.6812 1.9682, -0.6155 0.5914 1.9935, -0.6751 0.49 2.0158, -0.7195 0.3816 2.0328, -0.747 0.2693 2.0454, -0.2022 0.7612 1.7874, -0.3163 0.7459 1.7991, -0.429 0.7123 1.816, -0.5365 0.6619 1.8385, -0.6327 0.5935 1.8638, -0.717 0.5078 1.8925, -0.7862 0.4066 1.9261, -0.8353 0.2929 1.9593, -0.8622 0.1729 1.9916, -0.867 0.0523 2.0208, -0.8512 -0.0646 2.0461, -0.815 -0.1775 2.0686, -0.7636 -0.2832 2.0857, -0.6981 -0.3783 2.0983, -0.4978 0.6104 1.8144, -0.5932 0.5518 1.8254, -0.681 0.4772 1.8417, -0.7591 0.387 1.8643, -0.8204 0.2819 1.8904, -0.8626 0.1671 1.9196, -0.8838 0.0478 1.9529, -0.8822 -0.0721 1.9853, -0.8583 -0.1915 2.0173, -0.8131 -0.3054 2.0469, -0.7493 -0.409 2.073, -0.6695 -0.4976 2.0957, -0.5809 -0.5708 2.1121, -0.4845 -0.629 2.1241, -0.7028 0.3556 1.8403, -0.7673 0.2601 1.8521, -0.8171 0.154 1.8688, -0.8511 0.0411 1.8911, -0.8642 -0.0761 1.9164, -0.8563 -0.1969 1.9453, -0.8266 -0.3164 1.979, -0.7745 -0.4286 2.0122, -0.7031 -0.5281 2.0444, -0.617 -0.6113 2.0734, -0.5188 -0.6778 2.0988, -0.41 -0.7264 2.1215, -0.2966 -0.7585 2.1386, -0.1823 -0.7728 2.1512, -0.7868 0.0356 1.8671, -0.8068 -0.0744 1.878, -0.8094 -0.1904 1.8945, -0.794 -0.3092 1.9172, -0.7564 -0.4248 1.9433, -0.6991 -0.5322 1.9723, -0.6249 -0.6268 2.0054, -0.534 -0.7059 2.038, -0.4284 -0.768 2.0701, -0.313 -0.8102 2.0998, -0.1934 -0.8314 2.1259, -0.0749 -0.8307 2.1484, 0.0381 -0.8135 2.1647, 0.1466 -0.7803 2.1768, -0.7331 -0.288 1.8932, -0.7048 -0.3996 1.9049, -0.659 -0.507 1.9216, -0.598 -0.6069 1.9437, -0.519 -0.6951 1.9691, -0.423 -0.7701 1.9981, -0.3138 -0.8276 2.0319, -0.1956 -0.8632 2.0651, -0.0746 -0.8762 2.097, 0.0442 -0.8674 2.1259, 0.1602 -0.8384 2.1516, 0.2694 -0.7894 2.1744, 0.3688 -0.726 2.1915, 0.4553 -0.6504 2.204, -0.5511 -0.5626 1.9196, -0.482 -0.6512 1.9307, -0.3966 -0.7308 1.9473, -0.2975 -0.7984 1.9701, -0.1864 -0.8472 1.9962, -0.0688 -0.8759 2.025, 0.0505 -0.8836 2.058, 0.1711 -0.8684 2.0907, 0.2882 -0.8307 2.123, 0.3965 -0.7727 2.1527, 0.4916 -0.6978 2.1787, 0.5693 -0.6095 2.201, 0.6319 -0.5136 2.2173, 0.6799 -0.4099 2.2297, -0.2728 -0.7388 1.9461, -0.1708 -0.7919 1.9578, -0.0609 -0.8292 1.9742, 0.0535 -0.8503 1.9962, 0.173 -0.85 2.0218, 0.2934 -0.8281 2.051, 0.409 -0.7849 2.0848, 0.5139 -0.7206 2.1179, 0.6035 -0.6395 2.1496, 0.6762 -0.545 2.1786, 0.7323 -0.4385 2.2044, 0.7685 -0.324 2.2273, 0.7874 -0.2078 2.2443, 0.7884 -0.0936 2.2567, 0.0518 -0.7858 1.9722, 0.1649 -0.7932 1.9835, 0.2816 -0.7823 2.0002, 0.3981 -0.7532 2.023, 0.5081 -0.7031 2.049, 0.6071 -0.6351 2.0776, 0.6925 -0.5511 2.1106, 0.7619 -0.4503 2.1436, 0.8119 -0.3375 2.1759, 0.8406 -0.2181 2.2056, 0.8479 -0.098 2.2314, 0.8339 0.0178 2.2535, 0.804 0.1293 2.27, 0.7584 0.2348 2.2825, 0.4772 -0.6546 2.0106, 0.5775 -0.5981 2.0268, 0.6697 -0.5266 2.0489, 0.7495 -0.4366 2.0747, 0.8134 -0.3319 2.1039, 0.858 -0.217 2.1376, 0.8798 -0.0966 2.1706, 0.879 0.0233 2.2022, 0.8568 0.1415 2.2313, 0.8146 0.2549 2.2573, 0.7532 0.3582 2.2802, 0.6792 0.4493 2.2972, 0.5951 0.5256 2.3093, 0.5633 -0.5822 2.0191, 0.6543 -0.513 2.0352, 0.7369 -0.4276 2.0577, 0.8037 -0.3262 2.0838, 0.8522 -0.2135 2.113, 0.8799 -0.0947 2.1465, 0.8847 0.0253 2.1789, 0.8673 0.1449 2.2107, 0.8284 0.2607 2.2403, 0.7703 0.3677 2.2664, 0.6952 0.4609 2.2892, 0.6101 0.5394 2.3058, 0.7519 -0.3015 2.0454, 0.8075 -0.198 2.0622, 0.8476 -0.0862 2.0847, 0.8669 0.0302 2.11, 0.8656 0.1504 2.1387, 0.8425 0.2709 2.1723, 0.7965 0.3858 2.2056, 0.7304 0.4896 2.2378, 0.6482 0.5779 2.2671, 0.5542 0.6492 2.2924, 0.4487 0.7031 2.3149, 0.3374 0.7412 2.3319, 0.2237 0.7618 2.3446, 0.8095 0.0316 2.0717, 0.8184 0.1465 2.0879, 0.8095 0.2655 2.1106, 0.7782 0.3831 2.1367, 0.7266 0.4939 2.1658, 0.6569 0.593 2.1991, 0.5708 0.6764 2.2315, 0.4692 0.7436 2.2635, 0.3565 0.7919 2.2932, 0.2381 0.8197 2.3193, 0.119 0.8255 2.3419, 0.0047 0.8144 2.3583, -0.1046 0.7871 2.3703, 0.7253 0.3607 2.0983, 0.6852 0.4709 2.115, 0.6291 0.5746 2.1374, 0.5552 0.6664 2.1626, 0.464 0.746 2.1915, 0.3583 0.8093 2.2252, 0.242 0.8514 2.2585, 0.1211 0.871 2.2906, 0.0015 0.8685 2.3196, -0.115 0.8458 2.3451, -0.2262 0.8028 2.3677, -0.3289 0.745 2.3848, -0.4197 0.674 2.3974, 0.516 0.6245 2.1243, 0.4355 0.7082 2.1407, 0.3404 0.781 2.1635, 0.2319 0.8359 2.1896, 0.1153 0.871 2.2186, -0.004 0.885 2.2516, -0.1243 0.8764 2.2842, -0.2428 0.8452 2.3164, -0.354 0.7931 2.3461, -0.4534 0.7233 2.3722, -0.5364 0.6388 2.3946, -0.6038 0.5465 2.4109, -0.6569 0.4461 2.4231, 0.2133 0.7815 2.1512, 0.105 0.8248 2.1678, -0.0088 0.8519 2.1899, -0.1272 0.8581 2.2153, -0.2481 0.8428 2.2444, -0.3658 0.8059 2.2781, -0.4744 0.7473 2.3113, -0.5689 0.6706 2.3433, -0.6463 0.5802 2.3722, -0.7076 0.4774 2.3978, -0.7499 0.3654 2.4206, -0.775 0.2502 2.4377, -0.7824 0.1356 2.4502, -0.1221 0.8009 2.177, -0.2388 0.7964 2.1936, -0.3566 0.7738 2.2164, -0.4695 0.7294 2.2424, -0.5727 0.6663 2.2713, -0.6623 0.5871 2.3042, -0.7366 0.4909 2.337, -0.7925 0.3812 2.3693, -0.8276 0.2634 2.399, -0.8415 0.1433 2.4249, -0.8337 0.026 2.4472, -0.8099 -0.0861 2.4636, -0.7702 -0.1933 2.4759, -0.4413 0.6794 2.204, -0.5452 0.6278 2.2205, -0.6408 0.5615 2.2425, -0.7249 0.4765 2.2681, -0.7943 0.3757 2.2973, -0.845 0.2632 2.331, -0.8734 0.1436 2.3641, -0.8791 0.0229 2.3959, -0.8633 -0.0953 2.4248, -0.8273 -0.2103 2.4507, -0.7717 -0.3167 2.4735, -0.7026 -0.412 2.4906, -0.6223 -0.4932 2.5029, -0.6788 0.4422 2.2297, -0.7534 0.3517 2.2465, -0.8149 0.2487 2.2693, -0.8569 0.1353 2.2952, -0.8785 0.0172 2.3239, -0.8791 -0.1026 2.3569, -0.8566 -0.2229 2.3898, -0.8119 -0.338 2.4222, -0.7474 -0.4424 2.4518, -0.6674 -0.5323 2.4777, -0.5754 -0.6039 2.4997, -0.4752 -0.6614 2.5163, -0.3683 -0.7034 2.5288, -0.8008 0.1231 2.2568, -0.8314 0.0121 2.2731, -0.8457 -0.1037 2.2951, -0.8381 -0.2238 2.3209, -0.8089 -0.343 2.3502, -0.7588 -0.4556 2.3839, -0.6889 -0.5559 2.4168, -0.6033 -0.6398 2.4484, -0.5038 -0.7074 2.4776, -0.3936 -0.7575 2.5035, -0.2771 -0.7868 2.5264, -0.1603 -0.7985 2.5434, -0.047 -0.7926 2.5556, -0.7819 -0.2122 2.2826, -0.7639 -0.3284 2.2994, -0.7279 -0.4428 2.3222, -0.6717 -0.549 2.3479, -0.5986 -0.6431 2.3764, -0.509 -0.7241 2.4096, -0.4036 -0.7877 2.4427, -0.2879 -0.8309 2.4751, -0.1674 -0.8522 2.5047, -0.0479 -0.8522 2.5303, 0.0668 -0.8314 2.5524, 0.1772 -0.7949 2.5691, 0.2801 -0.7429 2.5817, -0.6252 -0.5153 2.3096, -0.5634 -0.6115 2.3256, -0.4859 -0.6999 2.3479, -0.3907 -0.7745 2.3738, -0.2822 -0.832 2.4031, -0.1652 -0.8695 2.4367, -0.0446 -0.884 2.4695, 0.0748 -0.8761 2.501, 0.1925 -0.8469 2.5304, 0.3036 -0.7978 2.5564, 0.4029 -0.7303 2.5793, 0.489 -0.6512 2.5962, 0.5594 -0.5634 2.6081, -0.3619 -0.7248 2.3354, -0.2631 -0.7888 2.3523, -0.1541 -0.8379 2.375, -0.0383 -0.8666 2.4006, 0.0805 -0.8749 2.429, 0.2015 -0.8618 2.4624, 0.3195 -0.8254 2.4956, 0.4287 -0.7677 2.528, 0.5243 -0.6923 2.5574, 0.6032 -0.6039 2.5828, 0.6645 -0.504 2.6051, 0.7112 -0.3967 2.622, 0.741 -0.2851 2.6346, -0.0324 -0.8095 2.3622, 0.0803 -0.8276 2.3782, 0.1988 -0.8285 2.4007, 0.3182 -0.807 2.4267, 0.4333 -0.7643 2.456, 0.5387 -0.7022 2.4895, 0.629 -0.6226 2.522, 0.7033 -0.5278 2.5537, 0.7602 -0.4199 2.5832, 0.7975 -0.3041 2.6093, 0.8132 -0.1853 2.6322, 0.8114 -0.0692 2.6489, 0.7929 0.0413 2.6607, 0.3003 -0.7524 2.3883, 0.4137 -0.7212 2.4052, 0.5225 -0.6729 2.4278, 0.6203 -0.6063 2.4531, 0.7061 -0.5227 2.4817, 0.7773 -0.4231 2.5153, 0.8288 -0.3106 2.5485, 0.8583 -0.191 2.5808, 0.8656 -0.0702 2.6101, 0.8522 0.047 2.6354, 0.8185 0.1603 2.6578, 0.7693 0.267 2.6748, 0.7059 0.3635 2.6875, 0.5817 -0.5638 2.4147, 0.6707 -0.4913 2.4309, 0.7506 -0.403 2.4535, 0.8141 -0.2993 2.4796, 0.8588 -0.1852 2.5088, 0.8825 -0.066 2.5422, 0.8834 0.0538 2.5746, 0.862 0.1733 2.6065, 0.8193 0.2881 2.6361, 0.7577 0.3931 2.6622, 0.6797 0.4834 2.6849, 0.5924 0.5588 2.7014, 0.4975 0.6188 2.7133, 0.7615 -0.2764 2.4412, 0.8136 -0.1712 2.458, 0.8499 -0.0586 2.4804, 0.8655 0.0582 2.5057, 0.8601 0.1788 2.5345, 0.8331 0.2987 2.5681, 0.7833 0.4121 2.6014, 0.7139 0.5133 2.6336, 0.6293 0.5985 2.6627, 0.5328 0.6669 2.6881, 0.4252 0.7176 2.7107, 0.3126 0.752 2.7278, 0.1984 0.7688 2.7404, -0.0001 1.5456 1.6155, -1.0343 1.1486 1.6155, -0.6287 -1.412 1.6155, -0.7729 -1.3385 1.6155, -0.4777 -1.47 1.6155, -0.0001 -1.5456 1.6155, -0.6326 -1.4207 1.6194, -0.7776 -1.3468 1.6194, -0.6359 -1.4281 1.6257, -0.7817 -1.3538 1.6257, -0.6384 -1.4338 1.6339, -0.7848 -1.3593 1.6339, 1.4927 0.485 1.6339, 1.4964 0.4862 1.6434, 1.539 0.3271 1.6434, -0.64 -1.4374 1.6434, -0.7868 -1.3627 1.6434, 1.4374 0.64 1.6434, 1.3626 0.7867 1.6434, 1.1693 1.0529 1.6434, 0.6399 1.4374 1.6434, 0.4862 1.4965 1.6434, 0.1644 1.5648 1.6434, -0.0001 1.5735 1.6434, -0.3272 1.5391 1.6434, -0.9249 1.273 1.6434, -1.0529 1.1693 1.6434, -1.273 0.9249 1.6434, -0.4863 -1.4965 1.6434, -0.1645 -1.5648 1.6434, -0.0001 -1.5735 1.6434, 0.3271 -1.5391 1.6434, 1.4964 -0.4862 1.6434, 1.2729 -0.9249 1.6434, 1.3626 -0.7867 1.6434, 1.4374 -0.64 1.6434, 0.9248 -1.273 1.6434, 1.0528 -1.1693 1.6434, 1.1693 -1.0529 1.6434, 0.7867 -1.3627 1.6434, 0.6399 -1.4374 1.6434, -0.9249 -1.273 1.6434, -1.0529 -1.1693 1.6434, -1.1694 -1.0529 1.6434, -1.4375 -0.64 1.6434, -1.3627 -0.7867 1.6434, -1.273 -0.9249 1.6434, -1.5649 -0.1645 1.6434, -1.5391 -0.3271 1.6434, -1.4965 -0.4862 1.6434, -1.5735 -0.0 1.6434, -1.5649 0.1645 1.6434, -1.5391 0.3271 1.6434, -1.4965 0.4862 1.6434, -1.3627 0.7867 1.6434, -1.4375 0.64 1.6434, 1.5648 0.1645 1.6434, 1.5734 -0.0 1.6434, 1.5648 -0.1645 1.6434, 1.539 -0.3271 1.6434, -0.9226 -1.2698 1.6339, -1.0503 -1.1664 1.6339, -1.1664 -1.0502 1.6339, -1.2698 -0.9225 1.6339, -1.3593 -0.7848 1.6339, -1.4339 -0.6384 1.6339, -1.4928 -0.485 1.6339, -1.5353 -0.3263 1.6339, -1.561 -0.1641 1.6339, -1.5696 -0.0 1.6339, -1.561 0.1641 1.6339, -1.5353 0.3263 1.6339, -1.4928 0.485 1.6339, -1.4339 0.6384 1.6339, -1.3593 0.7848 1.6339, 1.4338 0.6384 1.6339, 1.4281 0.6358 1.6257, 1.5352 0.3263 1.6339, 1.5609 0.1641 1.6339, 1.5695 -0.0 1.6339, 1.5609 -0.1641 1.6339, 1.5352 -0.3263 1.6339, 1.4927 -0.485 1.6339, 1.4338 -0.6384 1.6339, 1.3592 -0.7848 1.6339, 1.2697 -0.9225 1.6339, 1.1663 -1.0502 1.6339, 1.0502 -1.1664 1.6339, 0.9225 -1.2698 1.6339, 0.7847 -1.3593 1.6339, 0.6383 -1.4338 1.6339, -0.9189 -1.2647 1.6257, -1.0461 -1.1617 1.6257, -1.1618 -1.046 1.6257, -1.2648 -0.9189 1.6257, -1.3539 -0.7816 1.6257, -1.4282 -0.6358 1.6257, -1.4868 -0.4831 1.6257, -1.5292 -0.325 1.6257, -1.5548 -0.1634 1.6257, -1.5633 -0.0 1.6257, -1.5548 0.1634 1.6257, -1.5292 0.325 1.6257, -1.4868 0.4831 1.6257, -1.4282 0.6358 1.6257, -1.3539 0.7816 1.6257, 1.3592 0.7848 1.6339, 1.3538 0.7816 1.6257, 1.3467 0.7776 1.6194, 1.4867 0.4831 1.6257, 1.5291 0.325 1.6257, 1.5547 0.1634 1.6257, 1.5632 -0.0 1.6257, 1.5547 -0.1634 1.6257, 1.5291 -0.325 1.6257, 1.4867 -0.4831 1.6257, 1.4281 -0.6358 1.6257, 1.3538 -0.7816 1.6257, 1.2647 -0.9189 1.6257, 1.1617 -1.046 1.6257, 1.046 -1.1617 1.6257, 0.9188 -1.2647 1.6257, 0.7816 -1.3538 1.6257, 0.6358 -1.4281 1.6257, -0.9141 -1.2581 1.6194, -1.0406 -1.1557 1.6194, -1.1557 -1.0406 1.6194, -1.2582 -0.9141 1.6194, -1.3468 -0.7776 1.6194, -1.4207 -0.6325 1.6194, -1.4791 -0.4806 1.6194, -1.5212 -0.3233 1.6194, -1.5466 -0.1626 1.6194, -1.5552 -0.0 1.6194, -1.5466 0.1626 1.6194, -1.5212 0.3233 1.6194, -1.4791 0.4806 1.6194, -1.4207 0.6325 1.6194, -1.3468 0.7776 1.6194, 1.2729 0.9249 1.6434, 1.2697 0.9225 1.6339, 1.2647 0.9189 1.6257, 1.2581 0.9141 1.6194, 1.2504 0.9085 1.6155, 1.4206 0.6325 1.6194, 1.479 0.4806 1.6194, 1.5211 0.3233 1.6194, 1.5465 0.1626 1.6194, 1.5551 -0.0 1.6194, 1.5465 -0.1626 1.6194, 1.5211 -0.3233 1.6194, 1.479 -0.4806 1.6194, 1.4206 -0.6325 1.6194, 1.3467 -0.7776 1.6194, 1.2581 -0.9141 1.6194, 1.1556 -1.0406 1.6194, 1.0405 -1.1557 1.6194, 0.914 -1.2581 1.6194, 0.7775 -1.3468 1.6194, 0.6325 -1.4207 1.6194, 0.1644 -1.5648 1.6434, 0.164 -1.5609 1.6339, -0.0001 -1.5695 1.6339, 0.1634 -1.5547 1.6257, -0.0001 -1.5633 1.6257, 0.1625 -1.5466 1.6194, -0.0001 -1.5551 1.6194, 0.1615 -1.5372 1.6155, -0.9085 -1.2504 1.6155, -1.0343 -1.1486 1.6155, -1.1487 -1.0342 1.6155, -1.2505 -0.9085 1.6155, -1.3386 -0.7728 1.6155, -1.412 -0.6287 1.6155, -1.47 -0.4776 1.6155, -1.5119 -0.3214 1.6155, -1.5372 -0.1616 1.6155, -1.5457 -0.0 1.6155, -1.5372 0.1616 1.6155, -1.5119 0.3214 1.6155, -1.47 0.4776 1.6155, -1.412 0.6287 1.6155, -1.3386 0.7728 1.6155, -0.7868 1.3627 1.6434, -0.64 1.4374 1.6434, -0.7848 1.3593 1.6339, -0.6384 1.4338 1.6339, -0.7817 1.3538 1.6257, -0.6359 1.4281 1.6257, -0.7776 1.3468 1.6194, -0.6326 1.4207 1.6194, -0.7729 1.3385 1.6155, -0.6287 1.412 1.6155, -0.1645 1.5648 1.6434, -0.1641 1.5609 1.6339, -0.0001 1.5695 1.6339, -0.1635 1.5547 1.6257, -0.0001 1.5633 1.6257, -0.1626 1.5466 1.6194, -0.0001 1.5551 1.6194, -0.1616 1.5372 1.6155, 0.3271 1.5391 1.6434, 0.3263 1.5352 1.6339, 0.485 1.4927 1.6339, 0.325 1.5291 1.6257, 0.483 1.4868 1.6257, 0.3233 1.5211 1.6194, 0.4805 1.479 1.6194, 0.3213 1.5118 1.6155, 0.4776 1.47 1.6155, 0.7867 1.3627 1.6434, 0.6383 1.4338 1.6339, 0.7847 1.3593 1.6339, 0.6358 1.4281 1.6257, 0.7816 1.3538 1.6257, 0.6325 1.4207 1.6194, 0.7775 1.3468 1.6194, 0.6286 1.412 1.6155, 0.7728 1.3385 1.6155, 0.9248 1.273 1.6434, 0.9225 1.2698 1.6339, 0.9188 1.2647 1.6257, 0.914 1.2581 1.6194, 0.9084 1.2504 1.6155, 1.0528 1.1693 1.6434, 1.0502 1.1664 1.6339, 1.1663 1.0502 1.6339, 1.046 1.1617 1.6257, 1.1617 1.046 1.6257, 1.0405 1.1557 1.6194, 1.1556 1.0406 1.6194, 1.0342 1.1486 1.6155, 1.1486 1.0342 1.6155, 1.3385 0.7728 1.6155, 1.4119 0.6287 1.6155, 1.4699 0.4776 1.6155, 1.5118 0.3214 1.6155, 1.5371 0.1616 1.6155, 1.5456 -0.0 1.6155, 1.5371 -0.1616 1.6155, 1.5118 -0.3214 1.6155, 1.4699 -0.4776 1.6155, 1.4119 -0.6287 1.6155, 1.3385 -0.7728 1.6155, 1.2504 -0.9085 1.6155, 1.1486 -1.0342 1.6155, 1.0342 -1.1486 1.6155, 0.9084 -1.2504 1.6155, 0.7728 -1.3385 1.6155, 0.6286 -1.412 1.6155, 0.4776 -1.47 1.6155, 0.4805 -1.479 1.6194, 0.483 -1.4868 1.6257, 0.485 -1.4927 1.6339, 0.4862 -1.4965 1.6434, 0.3263 -1.5352 1.6339, 0.325 -1.5291 1.6257, 0.3233 -1.5211 1.6194, 0.3213 -1.5118 1.6155, -0.1616 -1.5372 1.6155, -0.1626 -1.5466 1.6194, -0.1635 -1.5547 1.6257, -0.1641 -1.5609 1.6339, -0.3272 -1.5391 1.6434, -0.3264 -1.5352 1.6339, -0.3251 -1.5291 1.6257, -0.3234 -1.5211 1.6194, -0.3214 -1.5118 1.6155, -0.4851 -1.4927 1.6339, -0.4831 -1.4868 1.6257, -0.4806 -1.479 1.6194, -1.2505 0.9085 1.6155, -1.2582 0.9141 1.6194, -1.2648 0.9189 1.6257, -1.2698 0.9225 1.6339, -1.1694 1.0529 1.6434, -1.1664 1.0502 1.6339, -1.1618 1.046 1.6257, -1.1557 1.0406 1.6194, -1.1487 1.0342 1.6155, -1.0503 1.1664 1.6339, -1.0461 1.1617 1.6257, -1.0406 1.1557 1.6194, -0.9226 1.2698 1.6339, -0.9189 1.2647 1.6257, -0.9141 1.2581 1.6194, -0.9085 1.2504 1.6155, -0.4777 1.47 1.6155, -0.4806 1.479 1.6194, -0.4831 1.4868 1.6257, -0.4851 1.4927 1.6339, -0.4863 1.4965 1.6434, -0.3264 1.5352 1.6339, -0.3251 1.5291 1.6257, -0.3234 1.5211 1.6194, -0.3214 1.5118 1.6155, 0.1615 1.5372 1.6155, 0.1625 1.5466 1.6194, 0.1634 1.5547 1.6257, 0.164 1.5609 1.6339
            ]
        }
        coordIndex [
            0,1,2,-1,3,4,5,-1,6,7,8,-1,9,10,8,-1,11,12,13,-1,14,15,16,-1,17,18,19,-1,16,20,14,-1,14,20,21,-1,14,21,22,-1,22,21,23,-1,22,23,24,-1,21,17,23,-1,23,17,19,-1,23,19,25,-1,25,19,26,-1,27,28,29,-1,29,28,30,-1,29,30,31,-1,31,32,29,-1,29,32,33,-1,29,33,34,-1,26,19,29,-1,29,19,35,-1,29,35,27,-1,36,37,33,-1,33,37,38,-1,33,38,34,-1,13,39,40,-1,40,41,13,-1,13,41,42,-1,13,42,11,-1,43,44,45,-1,45,44,46,-1,45,46,47,-1,47,48,45,-1,45,48,49,-1,45,49,13,-1,13,49,50,-1,13,50,39,-1,24,51,22,-1,22,51,52,-1,22,52,53,-1,53,52,54,-1,53,54,55,-1,55,54,56,-1,55,56,45,-1,45,56,57,-1,45,57,43,-1,9,8,58,-1,58,8,59,-1,58,59,60,-1,60,59,61,-1,60,61,62,-1,3,63,4,-1,4,63,64,-1,4,64,65,-1,66,67,68,-1,69,70,71,-1,72,73,71,-1,71,73,74,-1,71,74,69,-1,75,76,72,-1,72,76,77,-1,72,77,73,-1,78,79,75,-1,75,79,80,-1,75,80,76,-1,66,81,67,-1,67,81,82,-1,67,82,78,-1,78,82,83,-1,78,83,79,-1,84,85,86,-1,86,85,87,-1,86,87,68,-1,68,87,88,-1,68,88,66,-1,89,90,91,-1,91,90,70,-1,91,70,92,-1,92,70,69,-1,93,94,13,-1,94,95,13,-1,13,95,96,-1,13,96,45,-1,45,96,97,-1,45,97,98,-1,99,100,98,-1,98,100,101,-1,101,102,98,-1,98,102,103,-1,98,103,45,-1,45,103,85,-1,45,85,55,-1,55,85,84,-1,55,84,104,-1,105,13,106,-1,106,13,107,-1,98,93,99,-1,99,93,13,-1,99,13,108,-1,108,13,105,-1,107,13,109,-1,109,13,12,-1,109,12,110,-1,110,12,111,-1,110,111,112,-1,112,111,15,-1,112,15,113,-1,113,15,14,-1,113,14,114,-1,114,14,115,-1,114,115,116,-1,117,118,115,-1,115,118,119,-1,115,119,116,-1,120,121,59,-1,59,121,117,-1,8,7,59,-1,59,7,122,-1,59,122,120,-1,3,123,63,-1,63,123,124,-1,63,124,10,-1,10,124,125,-1,10,125,8,-1,8,125,126,-1,8,126,6,-1,5,127,128,-1,129,130,5,-1,5,130,131,-1,5,131,3,-1,5,132,133,-1,128,134,5,-1,5,134,135,-1,5,135,136,-1,137,138,5,-1,5,138,139,-1,5,139,132,-1,133,140,5,-1,5,140,141,-1,5,141,129,-1,136,142,5,-1,5,142,143,-1,5,143,137,-1,4,144,5,-1,5,144,145,-1,5,145,146,-1,146,147,5,-1,5,147,148,-1,5,148,149,-1,149,150,5,-1,5,150,151,-1,5,151,152,-1,152,153,5,-1,5,153,154,-1,5,154,155,-1,5,156,157,-1,155,158,5,-1,5,158,159,-1,5,159,160,-1,161,162,127,-1,160,163,5,-1,5,163,164,-1,5,164,156,-1,157,165,5,-1,5,165,166,-1,5,166,167,-1,167,168,5,-1,5,168,169,-1,5,169,127,-1,127,169,170,-1,127,170,171,-1,172,173,127,-1,127,173,174,-1,127,174,161,-1,175,176,127,-1,127,176,177,-1,127,177,178,-1,171,179,127,-1,127,179,180,-1,127,180,172,-1,162,181,127,-1,127,181,182,-1,127,182,175,-1,178,183,127,-1,127,183,184,-1,127,184,185,-1,185,186,127,-1,127,186,187,-1,127,187,188,-1,188,187,189,-1,190,191,189,-1,189,191,192,-1,189,192,188,-1,193,194,195,-1,195,194,196,-1,195,196,197,-1,197,196,198,-1,197,198,199,-1,190,200,191,-1,191,200,201,-1,191,201,202,-1,202,203,191,-1,191,203,204,-1,191,204,193,-1,193,204,205,-1,193,205,194,-1,206,207,208,-1,208,207,209,-1,208,209,210,-1,198,211,199,-1,199,211,212,-1,199,212,208,-1,208,212,213,-1,208,213,206,-1,214,215,90,-1,216,217,218,-1,216,218,219,-1,89,220,90,-1,90,220,218,-1,90,218,214,-1,214,218,217,-1,215,221,90,-1,90,221,222,-1,90,222,223,-1,223,224,90,-1,90,224,225,-1,90,225,226,-1,227,218,228,-1,228,218,229,-1,227,230,218,-1,218,230,231,-1,218,231,232,-1,232,233,218,-1,218,233,234,-1,218,234,219,-1,209,235,210,-1,210,235,236,-1,210,236,237,-1,237,236,238,-1,237,238,239,-1,238,240,239,-1,239,240,241,-1,239,241,242,-1,241,243,242,-1,242,243,244,-1,242,244,218,-1,218,244,245,-1,218,245,229,-1,246,247,248,-1,248,247,249,-1,250,251,144,-1,252,253,144,-1,144,253,247,-1,246,254,247,-1,247,254,255,-1,247,255,144,-1,144,255,256,-1,144,256,250,-1,251,257,144,-1,144,257,258,-1,144,258,259,-1,259,260,144,-1,144,260,261,-1,144,261,145,-1,262,263,264,-1,104,265,55,-1,55,265,266,-1,55,266,53,-1,53,266,267,-1,53,267,262,-1,61,268,264,-1,263,252,264,-1,264,252,144,-1,264,144,61,-1,61,144,4,-1,61,4,62,-1,62,4,65,-1,62,65,269,-1,269,65,270,-1,115,271,268,-1,268,271,272,-1,268,272,273,-1,262,264,53,-1,53,264,268,-1,53,268,22,-1,22,268,273,-1,22,273,14,-1,273,274,14,-1,14,274,275,-1,14,275,115,-1,115,275,276,-1,277,278,276,-1,276,278,279,-1,276,279,115,-1,115,279,0,-1,115,0,271,-1,271,0,2,-1,280,281,59,-1,117,115,59,-1,59,115,282,-1,59,282,280,-1,283,284,59,-1,59,284,285,-1,59,285,61,-1,61,285,286,-1,61,286,287,-1,281,288,59,-1,59,288,289,-1,59,289,283,-1,287,290,61,-1,61,290,291,-1,61,291,292,-1,292,293,61,-1,61,293,294,-1,61,294,268,-1,268,294,295,-1,268,295,115,-1,115,295,296,-1,115,296,282,-1,297,298,299,-1,299,298,300,-1,301,302,303,-1,303,302,304,-1,305,306,307,-1,307,306,308,-1,309,310,311,-1,311,310,312,-1,313,314,315,-1,315,314,316,-1,317,318,319,-1,320,321,322,-1,322,321,323,-1,324,325,326,-1,319,318,321,-1,321,318,327,-1,321,327,328,-1,322,329,320,-1,320,329,330,-1,320,330,331,-1,332,321,333,-1,333,321,334,-1,332,335,321,-1,321,335,336,-1,321,336,323,-1,320,337,338,-1,320,339,326,-1,326,339,340,-1,326,340,341,-1,341,342,326,-1,326,342,343,-1,326,343,324,-1,325,344,326,-1,326,344,345,-1,326,345,346,-1,319,347,348,-1,328,349,321,-1,321,349,350,-1,321,350,334,-1,331,351,320,-1,320,351,352,-1,320,352,337,-1,338,353,320,-1,320,353,354,-1,320,354,339,-1,348,355,319,-1,319,355,356,-1,319,356,357,-1,357,358,319,-1,319,358,359,-1,319,359,317,-1,346,360,326,-1,326,360,361,-1,326,361,319,-1,319,361,362,-1,319,362,347,-1,363,297,364,-1,364,297,299,-1,365,366,367,-1,368,369,370,-1,367,371,372,-1,302,364,304,-1,304,364,299,-1,304,299,373,-1,373,299,367,-1,373,367,374,-1,374,367,366,-1,368,370,367,-1,367,370,375,-1,367,375,371,-1,372,376,367,-1,367,376,377,-1,367,377,365,-1,378,379,380,-1,380,379,381,-1,381,382,380,-1,380,382,383,-1,380,383,384,-1,306,364,308,-1,308,364,302,-1,308,302,385,-1,385,302,380,-1,385,380,386,-1,386,380,384,-1,380,387,388,-1,388,389,380,-1,380,389,390,-1,380,390,378,-1,306,305,364,-1,364,305,326,-1,364,326,391,-1,391,326,392,-1,319,393,394,-1,395,396,319,-1,319,396,397,-1,394,398,319,-1,319,398,399,-1,319,399,326,-1,326,399,400,-1,326,400,401,-1,397,402,319,-1,319,402,403,-1,319,403,393,-1,401,404,326,-1,326,404,405,-1,326,405,392,-1,397,396,406,-1,406,396,407,-1,408,409,410,-1,410,409,411,-1,411,412,410,-1,410,412,413,-1,410,413,414,-1,309,406,310,-1,310,406,407,-1,310,407,415,-1,415,407,410,-1,415,410,416,-1,416,410,414,-1,410,417,418,-1,418,419,410,-1,410,419,420,-1,410,420,408,-1,421,422,423,-1,423,422,424,-1,423,424,425,-1,316,406,315,-1,315,406,309,-1,315,309,426,-1,426,309,423,-1,426,423,427,-1,427,423,425,-1,428,429,430,-1,430,429,431,-1,430,431,432,-1,428,430,423,-1,423,430,433,-1,423,433,421,-1,321,434,435,-1,316,314,406,-1,406,314,321,-1,406,321,436,-1,436,321,435,-1,298,297,320,-1,320,297,363,-1,437,321,438,-1,438,321,320,-1,437,439,321,-1,321,439,440,-1,321,440,434,-1,363,441,320,-1,320,441,442,-1,320,442,443,-1,443,444,320,-1,320,444,445,-1,320,445,438,-1,400,446,438,-1,438,446,447,-1,438,447,448,-1,448,449,438,-1,438,449,450,-1,438,450,451,-1,452,453,400,-1,400,453,454,-1,400,454,446,-1,451,455,438,-1,438,455,456,-1,438,456,457,-1,458,457,459,-1,459,457,460,-1,458,461,457,-1,457,461,462,-1,457,462,438,-1,438,462,463,-1,438,463,464,-1,465,466,400,-1,400,466,467,-1,400,467,452,-1,400,468,469,-1,470,465,471,-1,471,465,400,-1,471,400,472,-1,472,400,473,-1,469,474,400,-1,400,474,475,-1,400,475,473,-1,464,476,438,-1,438,476,477,-1,438,477,437,-1,477,478,437,-1,437,478,479,-1,437,479,480,-1,481,400,482,-1,482,400,483,-1,481,484,400,-1,400,484,485,-1,400,485,468,-1,486,487,399,-1,399,487,488,-1,399,488,489,-1,489,490,399,-1,399,490,491,-1,399,491,400,-1,400,491,492,-1,400,492,483,-1,493,494,399,-1,399,494,495,-1,399,495,486,-1,496,497,399,-1,399,497,498,-1,399,498,499,-1,499,500,399,-1,399,500,501,-1,399,501,493,-1,480,502,437,-1,437,502,503,-1,437,503,504,-1,505,506,437,-1,437,506,507,-1,437,507,508,-1,509,510,399,-1,504,511,437,-1,437,511,512,-1,437,512,513,-1,513,514,437,-1,437,514,515,-1,437,515,505,-1,399,516,517,-1,517,518,399,-1,399,518,519,-1,399,519,496,-1,510,520,399,-1,399,520,521,-1,399,521,522,-1,523,524,399,-1,399,524,525,-1,399,525,516,-1,522,526,399,-1,399,526,527,-1,399,527,523,-1,528,529,437,-1,437,529,530,-1,531,532,437,-1,437,532,533,-1,437,533,534,-1,399,535,536,-1,508,537,437,-1,437,537,538,-1,437,538,539,-1,539,540,437,-1,437,540,541,-1,437,541,528,-1,535,399,542,-1,542,399,437,-1,542,437,543,-1,536,544,399,-1,399,544,545,-1,399,545,509,-1,530,546,437,-1,437,546,547,-1,437,547,548,-1,534,549,437,-1,437,549,550,-1,437,550,551,-1,548,552,437,-1,437,552,553,-1,437,553,531,-1,551,554,437,-1,437,554,555,-1,437,555,543,-1,321,314,319,-1,319,314,313,-1,556,557,558,-1,312,319,311,-1,311,319,313,-1,311,313,559,-1,559,313,558,-1,560,561,562,-1,556,558,562,-1,562,558,563,-1,562,563,560,-1,557,564,558,-1,558,564,565,-1,558,565,566,-1,566,567,558,-1,558,567,568,-1,558,568,559,-1,569,570,571,-1,572,573,574,-1,574,573,570,-1,574,570,575,-1,575,570,569,-1,395,319,576,-1,576,319,312,-1,576,312,577,-1,577,312,578,-1,577,578,574,-1,574,578,579,-1,574,579,572,-1,571,580,569,-1,569,580,581,-1,569,581,582,-1,407,396,576,-1,576,396,395,-1,301,303,320,-1,583,301,307,-1,307,301,320,-1,307,320,305,-1,305,320,326,-1,307,584,583,-1,583,584,585,-1,583,585,586,-1,587,588,589,-1,298,320,300,-1,300,320,303,-1,300,303,590,-1,590,303,591,-1,592,593,591,-1,587,589,594,-1,595,596,597,-1,594,589,598,-1,598,589,599,-1,598,599,600,-1,586,601,583,-1,583,601,598,-1,583,598,602,-1,602,598,600,-1,592,591,597,-1,597,591,603,-1,597,603,595,-1,593,604,591,-1,591,604,605,-1,591,605,606,-1,606,607,591,-1,591,607,608,-1,591,608,590,-1,578,312,415,-1,415,312,310,-1,578,415,416,-1,578,416,579,-1,579,416,414,-1,579,414,572,-1,572,414,413,-1,572,413,573,-1,573,413,412,-1,573,412,570,-1,570,412,411,-1,570,411,571,-1,571,411,409,-1,571,409,580,-1,580,409,408,-1,580,408,581,-1,581,408,420,-1,581,420,582,-1,582,420,419,-1,582,419,569,-1,569,419,418,-1,569,418,575,-1,575,418,417,-1,575,417,574,-1,574,417,410,-1,574,410,577,-1,576,577,407,-1,407,577,410,-1,558,426,427,-1,558,427,563,-1,563,427,425,-1,563,425,560,-1,560,425,424,-1,560,424,561,-1,561,424,422,-1,561,422,562,-1,562,422,421,-1,562,421,556,-1,556,421,433,-1,556,433,557,-1,557,433,430,-1,557,430,564,-1,564,430,432,-1,564,432,565,-1,565,432,431,-1,565,431,566,-1,566,431,429,-1,566,429,567,-1,567,429,428,-1,567,428,568,-1,568,428,423,-1,568,423,559,-1,311,559,309,-1,309,559,423,-1,558,313,426,-1,426,313,315,-1,584,307,385,-1,385,307,308,-1,584,385,386,-1,584,386,585,-1,585,386,384,-1,585,384,586,-1,586,384,383,-1,586,383,601,-1,601,383,382,-1,601,382,598,-1,598,382,381,-1,598,381,594,-1,594,381,379,-1,594,379,587,-1,587,379,378,-1,587,378,588,-1,588,378,390,-1,588,390,589,-1,589,390,389,-1,589,389,599,-1,599,389,388,-1,599,388,600,-1,600,388,387,-1,600,387,602,-1,602,387,380,-1,602,380,583,-1,301,583,302,-1,302,583,380,-1,591,373,374,-1,591,374,603,-1,603,374,366,-1,603,366,595,-1,595,366,365,-1,595,365,596,-1,596,365,377,-1,596,377,597,-1,597,377,376,-1,597,376,592,-1,592,376,372,-1,592,372,593,-1,593,372,371,-1,593,371,604,-1,604,371,375,-1,604,375,605,-1,605,375,370,-1,605,370,606,-1,606,370,369,-1,606,369,607,-1,607,369,368,-1,607,368,608,-1,608,368,367,-1,608,367,590,-1,300,590,299,-1,299,590,367,-1,591,303,373,-1,373,303,304,-1,400,438,445,-1,400,445,401,-1,401,445,444,-1,401,444,404,-1,404,444,443,-1,404,443,405,-1,405,443,442,-1,405,442,392,-1,392,442,441,-1,392,441,391,-1,391,441,363,-1,391,363,364,-1,437,399,398,-1,437,398,439,-1,439,398,394,-1,439,394,440,-1,440,394,393,-1,440,393,434,-1,434,393,403,-1,434,403,435,-1,435,403,402,-1,435,402,436,-1,436,402,397,-1,436,397,406,-1,339,354,609,-1,353,610,354,-1,354,610,611,-1,354,611,609,-1,612,613,338,-1,338,613,614,-1,338,614,353,-1,353,614,615,-1,353,615,610,-1,612,338,616,-1,616,338,337,-1,616,337,617,-1,617,337,618,-1,618,337,352,-1,618,352,619,-1,351,620,352,-1,352,620,621,-1,352,621,619,-1,331,622,351,-1,351,622,623,-1,351,623,620,-1,330,624,331,-1,331,624,625,-1,331,625,622,-1,329,626,330,-1,330,626,627,-1,330,627,624,-1,628,629,322,-1,322,629,630,-1,322,630,329,-1,329,630,631,-1,329,631,626,-1,628,322,632,-1,632,322,323,-1,632,323,633,-1,633,323,634,-1,634,323,336,-1,634,336,635,-1,335,636,336,-1,336,636,637,-1,336,637,635,-1,332,638,335,-1,335,638,639,-1,335,639,636,-1,333,640,332,-1,332,640,641,-1,332,641,638,-1,334,642,333,-1,333,642,643,-1,333,643,640,-1,644,645,350,-1,350,645,646,-1,350,646,334,-1,334,646,647,-1,334,647,642,-1,644,350,648,-1,648,350,349,-1,648,349,649,-1,649,349,650,-1,650,349,328,-1,650,328,651,-1,327,652,328,-1,328,652,653,-1,328,653,651,-1,318,654,327,-1,327,654,655,-1,327,655,652,-1,317,656,318,-1,318,656,657,-1,318,657,654,-1,359,658,317,-1,317,658,659,-1,317,659,656,-1,660,661,358,-1,358,661,662,-1,358,662,359,-1,359,662,663,-1,359,663,658,-1,660,358,664,-1,664,358,357,-1,664,357,665,-1,665,357,666,-1,666,357,356,-1,666,356,667,-1,355,668,356,-1,356,668,669,-1,356,669,667,-1,348,670,355,-1,355,670,671,-1,355,671,668,-1,347,672,348,-1,348,672,673,-1,348,673,670,-1,362,674,347,-1,347,674,675,-1,347,675,672,-1,676,677,361,-1,361,677,678,-1,361,678,362,-1,362,678,679,-1,362,679,674,-1,676,361,680,-1,680,361,360,-1,680,360,681,-1,681,360,682,-1,682,360,346,-1,682,346,683,-1,345,684,346,-1,346,684,685,-1,346,685,683,-1,344,686,345,-1,345,686,687,-1,345,687,684,-1,325,688,344,-1,344,688,689,-1,344,689,686,-1,324,690,325,-1,325,690,691,-1,325,691,688,-1,692,693,343,-1,343,693,694,-1,343,694,324,-1,324,694,695,-1,324,695,690,-1,692,343,696,-1,696,343,342,-1,696,342,697,-1,697,342,698,-1,698,342,341,-1,698,341,699,-1,340,700,341,-1,341,700,701,-1,341,701,699,-1,609,702,339,-1,339,702,703,-1,339,703,340,-1,340,703,704,-1,340,704,700,-1,705,706,451,-1,707,708,709,-1,709,708,710,-1,711,712,713,-1,713,712,714,-1,715,716,717,-1,717,716,718,-1,719,720,721,-1,721,720,722,-1,723,724,725,-1,725,724,726,-1,727,728,729,-1,729,728,730,-1,729,730,731,-1,731,730,726,-1,731,726,732,-1,732,726,724,-1,725,733,723,-1,723,733,734,-1,723,734,735,-1,735,734,736,-1,735,736,737,-1,737,736,738,-1,737,738,739,-1,739,738,740,-1,739,740,741,-1,741,740,742,-1,741,742,743,-1,743,742,744,-1,743,744,745,-1,745,744,746,-1,745,746,747,-1,747,746,722,-1,747,722,748,-1,748,722,720,-1,721,749,719,-1,719,749,750,-1,719,750,751,-1,751,750,752,-1,751,752,753,-1,753,752,754,-1,753,754,755,-1,755,754,756,-1,755,756,757,-1,757,756,758,-1,757,758,759,-1,759,758,760,-1,759,760,761,-1,761,760,762,-1,761,762,763,-1,763,762,764,-1,763,764,765,-1,766,767,768,-1,768,767,769,-1,768,769,770,-1,765,764,771,-1,771,764,772,-1,771,772,766,-1,766,772,773,-1,766,773,767,-1,770,769,774,-1,774,769,775,-1,774,775,776,-1,775,777,776,-1,776,777,778,-1,776,778,779,-1,779,778,780,-1,779,780,781,-1,781,780,782,-1,781,782,783,-1,783,782,784,-1,783,784,785,-1,786,787,788,-1,788,787,789,-1,788,789,790,-1,785,784,791,-1,791,784,792,-1,791,792,786,-1,786,792,793,-1,786,793,787,-1,790,789,794,-1,794,789,795,-1,794,795,796,-1,797,798,799,-1,799,798,800,-1,799,800,801,-1,801,800,802,-1,801,802,803,-1,803,802,804,-1,803,804,805,-1,805,804,806,-1,805,806,807,-1,807,806,796,-1,807,796,808,-1,808,796,795,-1,799,809,797,-1,797,809,810,-1,797,810,811,-1,811,810,812,-1,811,812,813,-1,813,812,814,-1,813,814,815,-1,815,814,816,-1,817,818,819,-1,819,818,820,-1,819,820,821,-1,821,820,822,-1,821,822,823,-1,823,822,824,-1,823,824,825,-1,825,824,826,-1,825,826,827,-1,827,826,816,-1,827,816,828,-1,828,816,814,-1,819,829,817,-1,817,829,830,-1,817,830,831,-1,831,830,832,-1,831,832,833,-1,833,832,834,-1,833,834,835,-1,835,834,836,-1,836,834,837,-1,836,837,838,-1,838,837,839,-1,838,839,840,-1,839,841,840,-1,840,841,842,-1,840,842,843,-1,843,842,844,-1,843,844,845,-1,845,844,846,-1,845,846,847,-1,847,846,848,-1,848,846,849,-1,848,849,850,-1,849,851,850,-1,850,851,852,-1,850,852,853,-1,853,852,854,-1,853,854,855,-1,855,854,856,-1,855,856,857,-1,857,856,858,-1,857,858,859,-1,859,858,860,-1,858,861,860,-1,860,861,862,-1,860,862,863,-1,863,862,864,-1,863,864,865,-1,865,864,866,-1,865,866,867,-1,867,866,868,-1,868,866,869,-1,868,869,870,-1,869,871,870,-1,870,871,872,-1,870,872,873,-1,873,872,874,-1,873,874,875,-1,875,874,876,-1,875,876,877,-1,877,876,878,-1,876,879,878,-1,878,879,880,-1,878,880,881,-1,881,880,882,-1,881,882,883,-1,883,882,884,-1,883,884,885,-1,885,884,886,-1,885,886,887,-1,887,886,888,-1,888,886,889,-1,888,889,890,-1,889,891,890,-1,890,891,892,-1,890,892,893,-1,893,892,894,-1,893,894,895,-1,895,894,896,-1,895,896,897,-1,897,896,898,-1,896,899,898,-1,898,899,900,-1,898,900,901,-1,901,900,902,-1,901,902,903,-1,903,902,904,-1,903,904,905,-1,905,904,906,-1,905,906,907,-1,907,906,908,-1,907,908,909,-1,909,908,910,-1,908,911,910,-1,910,911,912,-1,910,912,913,-1,913,912,914,-1,913,914,915,-1,915,914,916,-1,915,916,917,-1,917,916,918,-1,918,916,919,-1,918,919,920,-1,920,919,921,-1,920,921,922,-1,921,923,922,-1,922,923,924,-1,922,924,925,-1,925,924,926,-1,925,926,927,-1,927,926,928,-1,927,928,929,-1,929,928,930,-1,928,931,930,-1,930,931,932,-1,930,932,933,-1,933,932,934,-1,933,934,935,-1,935,934,936,-1,935,936,937,-1,937,936,938,-1,937,938,939,-1,939,938,940,-1,939,940,941,-1,941,940,942,-1,942,940,943,-1,942,943,944,-1,943,945,944,-1,944,945,946,-1,944,946,947,-1,947,946,718,-1,947,718,948,-1,948,718,716,-1,717,949,715,-1,715,949,950,-1,715,950,951,-1,951,950,952,-1,951,952,953,-1,953,952,954,-1,953,954,955,-1,955,954,956,-1,955,956,957,-1,957,956,958,-1,958,956,959,-1,958,959,960,-1,959,961,960,-1,960,961,962,-1,960,962,963,-1,963,962,714,-1,963,714,964,-1,964,714,712,-1,713,965,711,-1,711,965,966,-1,711,966,967,-1,967,966,968,-1,967,968,969,-1,969,968,970,-1,969,970,971,-1,971,970,972,-1,971,972,973,-1,973,972,974,-1,973,974,975,-1,975,974,976,-1,975,976,977,-1,977,976,978,-1,977,978,979,-1,979,978,710,-1,979,710,980,-1,980,710,708,-1,709,981,707,-1,707,981,982,-1,707,982,983,-1,983,982,984,-1,983,984,985,-1,985,984,986,-1,985,986,987,-1,987,986,988,-1,987,988,989,-1,989,988,990,-1,989,990,991,-1,991,990,992,-1,991,992,993,-1,993,992,994,-1,993,994,995,-1,995,994,996,-1,995,996,997,-1,998,999,1000,-1,1000,999,1001,-1,1000,1001,1002,-1,997,996,1003,-1,1003,996,1004,-1,1003,1004,998,-1,998,1004,1005,-1,998,1005,999,-1,1002,1001,1006,-1,1006,1001,1007,-1,1006,1007,1008,-1,1009,1010,1011,-1,1011,1010,1012,-1,1011,1012,1013,-1,1013,1012,1014,-1,1013,1014,1015,-1,1015,1014,1016,-1,1015,1016,1017,-1,1017,1016,1018,-1,1017,1018,1019,-1,1019,1018,1008,-1,1019,1008,1020,-1,1020,1008,1007,-1,1011,1021,1009,-1,1009,1021,1022,-1,1009,1022,1023,-1,1023,1022,1024,-1,1023,1024,1025,-1,1025,1024,1026,-1,1026,1024,1027,-1,1026,1027,1028,-1,1029,1030,1031,-1,1031,1030,1032,-1,1031,1032,1033,-1,1033,1032,1034,-1,1033,1034,1035,-1,1035,1034,1036,-1,1035,1036,1037,-1,1037,1036,1038,-1,1037,1038,1039,-1,1039,1038,1028,-1,1039,1028,1040,-1,1040,1028,1027,-1,1031,1041,1029,-1,1029,1041,1042,-1,1029,1042,1043,-1,1043,1042,1044,-1,1043,1044,1045,-1,1045,1044,1046,-1,1045,1046,1047,-1,1047,1046,1048,-1,1046,1049,1048,-1,1048,1049,1050,-1,1048,1050,1051,-1,1051,1050,1052,-1,1051,1052,1053,-1,1053,1052,1054,-1,1053,1054,1055,-1,1055,1054,1056,-1,1055,1056,1057,-1,1057,1056,1058,-1,1057,1058,1059,-1,1059,1058,1060,-1,1060,1058,1061,-1,1060,1061,1062,-1,1061,1063,1062,-1,1062,1063,1064,-1,1062,1064,1065,-1,1065,1064,1066,-1,1065,1066,1067,-1,1067,1066,249,-1,1067,249,1068,-1,1068,249,247,-1,1068,247,1069,-1,1069,247,253,-1,263,1070,252,-1,252,1070,1071,-1,252,1071,253,-1,253,1071,1072,-1,253,1072,1069,-1,262,1073,263,-1,263,1073,1074,-1,263,1074,1070,-1,266,1075,267,-1,267,1075,1076,-1,267,1076,262,-1,262,1076,1077,-1,262,1077,1073,-1,265,1078,266,-1,266,1078,1079,-1,266,1079,1075,-1,84,1080,1081,-1,84,1081,104,-1,104,1081,1082,-1,104,1082,265,-1,265,1082,1083,-1,265,1083,1078,-1,1080,84,1084,-1,1084,84,86,-1,1084,86,1085,-1,68,1086,86,-1,86,1086,1087,-1,86,1087,1085,-1,1088,1089,67,-1,67,1089,1090,-1,67,1090,68,-1,68,1090,1091,-1,68,1091,1086,-1,1088,67,1092,-1,1092,67,78,-1,1092,78,1093,-1,1093,78,1094,-1,1094,78,75,-1,1094,75,1095,-1,72,1096,75,-1,75,1096,1097,-1,75,1097,1095,-1,1098,1099,71,-1,71,1099,1100,-1,71,1100,72,-1,72,1100,1101,-1,72,1101,1096,-1,1098,71,1102,-1,1102,71,70,-1,1102,70,1103,-1,1103,70,90,-1,1103,90,226,-1,729,1104,727,-1,727,1104,460,-1,727,460,1105,-1,1105,460,457,-1,1105,457,1106,-1,1106,457,456,-1,1106,456,1107,-1,1107,456,1108,-1,1108,456,1109,-1,1109,456,455,-1,1109,455,1110,-1,451,706,455,-1,455,706,1111,-1,455,1111,1110,-1,705,451,1112,-1,1112,451,450,-1,1112,450,1113,-1,449,1114,450,-1,450,1114,1115,-1,450,1115,1113,-1,448,1116,449,-1,449,1116,1117,-1,449,1117,1114,-1,1118,1119,447,-1,447,1119,1120,-1,447,1120,448,-1,448,1120,1121,-1,448,1121,1116,-1,1118,447,1122,-1,1122,447,446,-1,1122,446,1123,-1,1123,446,1124,-1,1124,446,454,-1,1124,454,1125,-1,453,1126,454,-1,454,1126,1127,-1,454,1127,1125,-1,1128,1129,452,-1,452,1129,1130,-1,452,1130,453,-1,453,1130,1131,-1,453,1131,1126,-1,1128,452,1132,-1,1132,452,467,-1,1132,467,1133,-1,466,1134,467,-1,467,1134,1135,-1,467,1135,1133,-1,470,1136,465,-1,465,1136,1137,-1,465,1137,466,-1,466,1137,1138,-1,466,1138,1134,-1,812,810,1139,-1,1140,1141,1142,-1,1143,1144,1145,-1,724,723,1146,-1,741,743,1147,-1,720,719,1148,-1,757,759,1149,-1,771,766,1150,-1,776,779,1151,-1,791,786,1152,-1,796,806,1153,-1,798,797,1154,-1,816,826,1155,-1,818,817,1156,-1,845,847,1157,-1,855,857,1158,-1,865,867,1159,-1,875,877,1160,-1,885,887,1161,-1,895,897,1162,-1,905,907,1163,-1,915,917,1164,-1,925,927,1165,-1,935,937,1166,-1,944,947,1167,-1,951,953,1168,-1,960,963,1169,-1,967,969,1170,-1,977,979,1171,-1,983,985,1172,-1,993,995,1173,-1,497,496,1174,-1,535,542,1175,-1,546,530,1176,-1,529,528,1177,-1,1103,226,225,-1,201,200,1178,-1,156,164,1179,-1,155,154,1180,-1,1136,470,471,-1,1181,1137,1136,-1,473,475,1181,-1,1136,471,1181,-1,1181,471,472,-1,1181,472,473,-1,255,254,1066,-1,255,1066,256,-1,254,246,1066,-1,1066,246,248,-1,1066,248,249,-1,257,251,1182,-1,1182,251,250,-1,1182,250,256,-1,257,1182,258,-1,258,1182,1183,-1,258,1183,259,-1,148,147,1184,-1,1184,147,146,-1,146,145,1184,-1,1184,145,261,-1,1184,261,260,-1,151,150,1185,-1,1185,150,149,-1,1185,149,148,-1,153,152,1186,-1,159,158,1187,-1,1187,158,155,-1,163,160,1188,-1,166,165,1189,-1,1189,165,157,-1,156,1179,157,-1,170,169,1142,-1,1142,169,168,-1,1142,168,167,-1,170,1190,171,-1,171,1190,179,-1,172,180,1191,-1,161,174,1191,-1,1191,174,173,-1,1191,173,172,-1,1192,181,162,-1,177,176,1193,-1,1193,176,175,-1,1193,175,182,-1,184,183,1194,-1,1194,183,178,-1,1194,178,177,-1,187,186,1195,-1,1195,186,185,-1,200,190,1178,-1,1178,190,189,-1,1178,189,187,-1,204,203,1196,-1,1196,203,202,-1,1196,202,201,-1,198,196,1197,-1,1197,196,194,-1,1197,194,205,-1,212,211,1198,-1,1198,211,198,-1,206,213,1199,-1,235,209,1200,-1,1200,209,207,-1,240,238,1201,-1,1201,238,236,-1,1201,236,235,-1,1202,228,229,-1,229,245,1203,-1,1203,245,244,-1,1203,244,243,-1,233,232,1204,-1,1204,232,231,-1,1204,231,230,-1,216,219,1205,-1,1205,219,234,-1,225,224,1206,-1,224,223,1206,-1,1206,223,222,-1,1206,222,221,-1,221,215,1206,-1,1206,215,214,-1,1206,214,217,-1,1207,1102,1103,-1,458,459,1208,-1,1208,459,460,-1,1208,460,1104,-1,476,464,1208,-1,1208,464,463,-1,463,462,1208,-1,1208,462,461,-1,1208,461,458,-1,479,478,1208,-1,1208,478,477,-1,1208,477,476,-1,503,502,1209,-1,1209,502,480,-1,1209,480,1210,-1,513,512,1211,-1,1211,512,511,-1,1211,511,1209,-1,1209,511,504,-1,1209,504,503,-1,508,507,1212,-1,1212,507,506,-1,1212,506,1213,-1,505,515,1211,-1,1211,515,514,-1,1211,514,513,-1,539,538,1214,-1,1214,538,537,-1,528,541,1177,-1,1177,541,540,-1,1177,540,1215,-1,553,552,1216,-1,1216,552,548,-1,1216,548,1217,-1,546,1176,547,-1,533,532,1218,-1,1218,532,531,-1,551,550,1219,-1,1219,550,549,-1,1219,549,534,-1,543,555,1220,-1,535,1175,536,-1,520,510,1221,-1,1221,510,509,-1,1221,509,1222,-1,1222,509,545,-1,1222,545,544,-1,520,1221,521,-1,521,1221,1223,-1,521,1223,522,-1,524,523,1224,-1,1224,523,527,-1,1224,527,1223,-1,1223,527,526,-1,1223,526,522,-1,519,518,1225,-1,1225,518,517,-1,1225,517,516,-1,1224,1226,524,-1,524,1226,1225,-1,524,1225,525,-1,525,1225,516,-1,497,1174,498,-1,498,1174,1227,-1,498,1227,499,-1,494,493,1228,-1,1228,493,501,-1,1228,501,1227,-1,1227,501,500,-1,1227,500,499,-1,1228,1229,1230,-1,494,1228,495,-1,495,1228,1230,-1,495,1230,486,-1,492,491,1231,-1,1231,491,490,-1,1231,490,1232,-1,489,488,1230,-1,1230,488,487,-1,1230,487,486,-1,483,1233,482,-1,482,1233,1234,-1,482,1234,481,-1,474,469,1235,-1,468,485,1234,-1,1234,485,484,-1,1234,484,481,-1,1102,1207,1098,-1,1101,1100,1236,-1,1236,1100,1099,-1,1237,1096,1101,-1,1096,1237,1097,-1,1093,1094,1238,-1,1238,1094,1095,-1,1239,1092,1093,-1,1092,1239,1088,-1,1091,1090,1240,-1,1240,1090,1089,-1,1241,1086,1091,-1,1086,1241,1087,-1,1080,1084,1242,-1,1242,1084,1085,-1,1243,1081,1080,-1,1081,1243,1082,-1,1079,1078,1244,-1,1244,1078,1083,-1,1245,1075,1079,-1,1077,1076,1246,-1,1074,1073,1247,-1,1247,1073,1077,-1,1248,1070,1074,-1,1070,1248,1071,-1,1068,1069,1249,-1,1249,1069,1072,-1,1250,1067,1068,-1,1067,1250,1065,-1,1059,1060,1251,-1,1251,1060,1062,-1,1252,1057,1059,-1,1057,1252,1055,-1,1048,1051,1253,-1,1253,1051,1053,-1,1254,1047,1048,-1,1047,1254,1045,-1,1030,1029,1255,-1,1255,1029,1043,-1,1256,1032,1030,-1,1032,1256,1034,-1,1028,1038,1257,-1,1257,1038,1036,-1,1258,1026,1028,-1,1026,1258,1025,-1,1010,1009,1259,-1,1259,1009,1023,-1,1260,1012,1010,-1,1012,1260,1014,-1,1008,1018,1261,-1,1261,1018,1016,-1,1262,1006,1008,-1,1006,1262,1002,-1,1003,998,1263,-1,1263,998,1000,-1,1264,997,1003,-1,997,1264,995,-1,1265,991,993,-1,1266,987,989,-1,987,1266,985,-1,1267,707,983,-1,1268,980,708,-1,980,1268,979,-1,1269,975,977,-1,1270,971,973,-1,971,1270,969,-1,1271,711,967,-1,1272,964,712,-1,964,1272,963,-1,1273,958,960,-1,1274,955,957,-1,955,1274,953,-1,1275,715,951,-1,1276,948,716,-1,948,1276,947,-1,1277,942,944,-1,1278,939,941,-1,939,1278,937,-1,1279,933,935,-1,1280,929,930,-1,929,1280,927,-1,1281,922,925,-1,1282,918,920,-1,918,1282,917,-1,1283,913,915,-1,1284,909,910,-1,909,1284,907,-1,1285,903,905,-1,1286,898,901,-1,898,1286,897,-1,1287,893,895,-1,1288,888,890,-1,888,1288,887,-1,1289,883,885,-1,1290,878,881,-1,878,1290,877,-1,1291,873,875,-1,1292,868,870,-1,868,1292,867,-1,1293,863,865,-1,1294,859,860,-1,859,1294,857,-1,1295,853,855,-1,1296,848,850,-1,848,1296,847,-1,1297,843,845,-1,843,1297,840,-1,1298,838,840,-1,1145,835,836,-1,835,1145,833,-1,833,1145,1144,-1,833,1144,831,-1,822,820,1299,-1,813,815,1300,-1,802,800,1301,-1,790,794,1302,-1,783,785,1303,-1,770,774,1304,-1,763,765,1305,-1,753,755,1306,-1,747,748,1307,-1,737,739,1308,-1,731,732,1309,-1,1104,729,1208,-1,1208,729,1210,-1,1208,1210,479,-1,479,1210,480,-1,817,831,1156,-1,1156,831,1144,-1,1156,1144,1310,-1,1310,1144,1143,-1,1310,1143,1311,-1,729,731,1210,-1,1210,731,1309,-1,1210,1309,1209,-1,1209,1309,1312,-1,1209,1312,1211,-1,820,818,1299,-1,1299,818,1156,-1,1299,1156,1313,-1,1313,1156,1310,-1,1313,1310,1314,-1,1314,1310,1311,-1,1314,1311,1315,-1,732,724,1309,-1,1309,724,1146,-1,1309,1146,1312,-1,1312,1146,1316,-1,1312,1316,1211,-1,1211,1316,1213,-1,1211,1213,505,-1,505,1213,506,-1,824,822,1317,-1,1317,822,1299,-1,1317,1299,1318,-1,1318,1299,1313,-1,1318,1313,1319,-1,1319,1313,1314,-1,1319,1314,1320,-1,1320,1314,1315,-1,1320,1315,1321,-1,735,737,1322,-1,1322,737,1308,-1,1322,1308,1323,-1,1323,1308,1324,-1,1323,1324,1325,-1,1325,1324,1326,-1,1325,1326,1214,-1,1214,1326,1215,-1,1214,1215,539,-1,539,1215,540,-1,723,735,1146,-1,1146,735,1322,-1,1146,1322,1316,-1,1316,1322,1323,-1,1316,1323,1213,-1,1213,1323,1325,-1,1213,1325,1212,-1,1212,1325,1214,-1,1212,1214,508,-1,508,1214,537,-1,826,824,1155,-1,1155,824,1317,-1,1155,1317,1327,-1,1327,1317,1318,-1,1327,1318,1328,-1,1328,1318,1319,-1,1328,1319,1329,-1,1329,1319,1320,-1,1329,1320,1330,-1,1330,1320,1321,-1,1330,1321,1331,-1,743,745,1147,-1,1147,745,1332,-1,1147,1332,1333,-1,1333,1332,1334,-1,1333,1334,1335,-1,1335,1334,1336,-1,1335,1336,1337,-1,1337,1336,1338,-1,1337,1338,1176,-1,1176,1338,1217,-1,1176,1217,547,-1,547,1217,548,-1,739,741,1308,-1,1308,741,1147,-1,1308,1147,1324,-1,1324,1147,1333,-1,1324,1333,1326,-1,1326,1333,1335,-1,1326,1335,1215,-1,1215,1335,1337,-1,1215,1337,1177,-1,1177,1337,1176,-1,1177,1176,529,-1,529,1176,530,-1,815,816,1300,-1,1300,816,1155,-1,1300,1155,1339,-1,1339,1155,1327,-1,1339,1327,1340,-1,1340,1327,1328,-1,1340,1328,1341,-1,1341,1328,1329,-1,1341,1329,1342,-1,1342,1329,1330,-1,1342,1330,1343,-1,1343,1330,1331,-1,1343,1331,1344,-1,719,751,1148,-1,1148,751,1345,-1,1148,1345,1346,-1,1346,1345,1347,-1,1346,1347,1348,-1,1348,1347,1349,-1,1348,1349,1350,-1,1350,1349,1351,-1,1350,1351,1352,-1,1352,1351,1353,-1,1352,1353,1219,-1,1219,1353,1354,-1,1219,1354,551,-1,551,1354,1220,-1,551,1220,554,-1,554,1220,555,-1,748,720,1307,-1,1307,720,1148,-1,1307,1148,1355,-1,1355,1148,1346,-1,1355,1346,1356,-1,1356,1346,1348,-1,1356,1348,1357,-1,1357,1348,1350,-1,1357,1350,1358,-1,1358,1350,1352,-1,1358,1352,1218,-1,1218,1352,1219,-1,1218,1219,533,-1,533,1219,534,-1,745,747,1332,-1,1332,747,1307,-1,1332,1307,1334,-1,1334,1307,1355,-1,1334,1355,1336,-1,1336,1355,1356,-1,1336,1356,1338,-1,1338,1356,1357,-1,1338,1357,1217,-1,1217,1357,1358,-1,1217,1358,1216,-1,1216,1358,1218,-1,1216,1218,553,-1,553,1218,531,-1,811,813,1359,-1,1359,813,1300,-1,1359,1300,1360,-1,1360,1300,1339,-1,1360,1339,1361,-1,1361,1339,1340,-1,1361,1340,1362,-1,1362,1340,1341,-1,1362,1341,1363,-1,1363,1341,1342,-1,1363,1342,1364,-1,1364,1342,1343,-1,1364,1343,1365,-1,1365,1343,1344,-1,1365,1344,1366,-1,766,768,1150,-1,1150,768,1367,-1,1150,1367,1368,-1,1368,1367,1369,-1,1368,1369,1370,-1,1370,1369,1371,-1,1370,1371,1372,-1,1372,1371,1373,-1,1372,1373,1374,-1,1374,1373,1375,-1,1374,1375,1376,-1,1376,1375,1377,-1,1376,1377,1378,-1,1378,1377,1379,-1,765,771,1305,-1,1305,771,1150,-1,1305,1150,1380,-1,1380,1150,1368,-1,1380,1368,1381,-1,1381,1368,1370,-1,1381,1370,1382,-1,1382,1370,1372,-1,1382,1372,1383,-1,1383,1372,1374,-1,1383,1374,1384,-1,1384,1374,1376,-1,1384,1376,1385,-1,1385,1376,1378,-1,761,763,1386,-1,1386,763,1305,-1,1386,1305,1387,-1,1387,1305,1380,-1,1387,1380,1388,-1,1388,1380,1381,-1,1388,1381,1389,-1,1389,1381,1382,-1,1389,1382,1390,-1,1390,1382,1383,-1,1390,1383,1391,-1,1391,1383,1384,-1,1391,1384,1392,-1,1392,1384,1385,-1,755,757,1306,-1,1306,757,1149,-1,1306,1149,1393,-1,1393,1149,1394,-1,1393,1394,1395,-1,1395,1394,1396,-1,1395,1396,1397,-1,1397,1396,1398,-1,1397,1398,1399,-1,1399,1398,1400,-1,1399,1400,1401,-1,1401,1400,1402,-1,1401,1402,1175,-1,1175,1402,1222,-1,1175,1222,536,-1,536,1222,544,-1,751,753,1345,-1,1345,753,1306,-1,1345,1306,1347,-1,1347,1306,1393,-1,1347,1393,1349,-1,1349,1393,1395,-1,1349,1395,1351,-1,1351,1395,1397,-1,1351,1397,1353,-1,1353,1397,1399,-1,1353,1399,1354,-1,1354,1399,1401,-1,1354,1401,1220,-1,1220,1401,1175,-1,1220,1175,543,-1,543,1175,542,-1,797,811,1154,-1,1154,811,1359,-1,1154,1359,1403,-1,1403,1359,1360,-1,1403,1360,1404,-1,1404,1360,1361,-1,1404,1361,1405,-1,1405,1361,1362,-1,1405,1362,1406,-1,1406,1362,1363,-1,1406,1363,1407,-1,1407,1363,1364,-1,1407,1364,1408,-1,1408,1364,1365,-1,1408,1365,1409,-1,1409,1365,1366,-1,1409,1366,1410,-1,759,761,1149,-1,1149,761,1386,-1,1149,1386,1394,-1,1394,1386,1387,-1,1394,1387,1396,-1,1396,1387,1388,-1,1396,1388,1398,-1,1398,1388,1389,-1,1398,1389,1400,-1,1400,1389,1390,-1,1400,1390,1402,-1,1402,1390,1391,-1,1402,1391,1222,-1,1222,1391,1392,-1,1222,1392,1221,-1,1221,1392,1385,-1,1221,1385,1223,-1,1223,1385,1378,-1,1223,1378,1224,-1,1224,1378,1379,-1,1224,1379,1226,-1,800,798,1301,-1,1301,798,1154,-1,1301,1154,1411,-1,1411,1154,1403,-1,1411,1403,1412,-1,1412,1403,1404,-1,1412,1404,1413,-1,1413,1404,1405,-1,1413,1405,1414,-1,1414,1405,1406,-1,1414,1406,1415,-1,1415,1406,1407,-1,1415,1407,1416,-1,1416,1407,1408,-1,1416,1408,1417,-1,1417,1408,1409,-1,1417,1409,1418,-1,1418,1409,1410,-1,1418,1410,1419,-1,781,783,1420,-1,1420,783,1303,-1,1420,1303,1421,-1,1421,1303,1422,-1,1421,1422,1423,-1,1423,1422,1424,-1,1423,1424,1425,-1,1425,1424,1426,-1,1425,1426,1427,-1,1427,1426,1428,-1,1427,1428,1429,-1,1429,1428,1430,-1,1429,1430,1431,-1,1431,1430,1432,-1,1431,1432,1433,-1,1433,1432,1434,-1,1433,1434,1435,-1,1435,1434,1436,-1,779,781,1151,-1,1151,781,1420,-1,1151,1420,1437,-1,1437,1420,1421,-1,1437,1421,1438,-1,1438,1421,1423,-1,1438,1423,1439,-1,1439,1423,1425,-1,1439,1425,1440,-1,1440,1425,1427,-1,1440,1427,1441,-1,1441,1427,1429,-1,1441,1429,1442,-1,1442,1429,1431,-1,1442,1431,1443,-1,1443,1431,1433,-1,1443,1433,1444,-1,1444,1433,1435,-1,768,770,1367,-1,1367,770,1304,-1,1367,1304,1369,-1,1369,1304,1445,-1,1369,1445,1371,-1,1371,1445,1446,-1,1371,1446,1373,-1,1373,1446,1447,-1,1373,1447,1375,-1,1375,1447,1448,-1,1375,1448,1377,-1,1377,1448,1449,-1,1377,1449,1379,-1,1379,1449,1450,-1,1379,1450,1226,-1,1226,1450,1451,-1,1226,1451,1225,-1,1225,1451,1174,-1,1225,1174,519,-1,519,1174,496,-1,804,802,1452,-1,1452,802,1301,-1,1452,1301,1453,-1,1453,1301,1411,-1,1453,1411,1454,-1,1454,1411,1412,-1,1454,1412,1455,-1,1455,1412,1413,-1,1455,1413,1456,-1,1456,1413,1414,-1,1456,1414,1457,-1,1457,1414,1415,-1,1457,1415,1458,-1,1458,1415,1416,-1,1458,1416,1459,-1,1459,1416,1417,-1,1459,1417,1460,-1,1460,1417,1418,-1,1460,1418,1461,-1,1461,1418,1419,-1,1461,1419,1462,-1,774,776,1304,-1,1304,776,1151,-1,1304,1151,1445,-1,1445,1151,1437,-1,1445,1437,1446,-1,1446,1437,1438,-1,1446,1438,1447,-1,1447,1438,1439,-1,1447,1439,1448,-1,1448,1439,1440,-1,1448,1440,1449,-1,1449,1440,1441,-1,1449,1441,1450,-1,1450,1441,1442,-1,1450,1442,1451,-1,1451,1442,1443,-1,1451,1443,1174,-1,1174,1443,1444,-1,1174,1444,1227,-1,1227,1444,1435,-1,1227,1435,1228,-1,1228,1435,1436,-1,1228,1436,1229,-1,806,804,1153,-1,1153,804,1452,-1,1153,1452,1463,-1,1463,1452,1453,-1,1463,1453,1464,-1,1464,1453,1454,-1,1464,1454,1465,-1,1465,1454,1455,-1,1465,1455,1466,-1,1466,1455,1456,-1,1466,1456,1467,-1,1467,1456,1457,-1,1467,1457,1468,-1,1468,1457,1458,-1,1468,1458,1469,-1,1469,1458,1459,-1,1469,1459,1470,-1,1470,1459,1460,-1,1470,1460,1471,-1,1471,1460,1461,-1,1471,1461,1472,-1,1472,1461,1462,-1,1472,1462,1473,-1,785,791,1303,-1,1303,791,1152,-1,1303,1152,1422,-1,1422,1152,1474,-1,1422,1474,1424,-1,1424,1474,1475,-1,1424,1475,1426,-1,1426,1475,1476,-1,1426,1476,1428,-1,1428,1476,1477,-1,1428,1477,1430,-1,1430,1477,1478,-1,1430,1478,1432,-1,1432,1478,1479,-1,1432,1479,1434,-1,1434,1479,1480,-1,1434,1480,1436,-1,1436,1480,1481,-1,1436,1481,1229,-1,1229,1481,1482,-1,1229,1482,1230,-1,1230,1482,1232,-1,1230,1232,489,-1,489,1232,490,-1,794,796,1302,-1,1302,796,1153,-1,1302,1153,1483,-1,1483,1153,1463,-1,1483,1463,1484,-1,1484,1463,1464,-1,1484,1464,1485,-1,1485,1464,1465,-1,1485,1465,1486,-1,1486,1465,1466,-1,1486,1466,1487,-1,1487,1466,1467,-1,1487,1467,1488,-1,1488,1467,1468,-1,1488,1468,1489,-1,1489,1468,1469,-1,1489,1469,1490,-1,1490,1469,1470,-1,1490,1470,1491,-1,1491,1470,1471,-1,1491,1471,1492,-1,1492,1471,1472,-1,1492,1472,1493,-1,1493,1472,1473,-1,1493,1473,1235,-1,786,788,1152,-1,1152,788,1494,-1,1152,1494,1474,-1,1474,1494,1495,-1,1474,1495,1475,-1,1475,1495,1496,-1,1475,1496,1476,-1,1476,1496,1497,-1,1476,1497,1477,-1,1477,1497,1498,-1,1477,1498,1478,-1,1478,1498,1499,-1,1478,1499,1479,-1,1479,1499,1500,-1,1479,1500,1480,-1,1480,1500,1501,-1,1480,1501,1481,-1,1481,1501,1502,-1,1481,1502,1482,-1,1482,1502,1503,-1,1482,1503,1232,-1,1232,1503,1504,-1,1232,1504,1231,-1,1231,1504,1233,-1,1231,1233,492,-1,492,1233,483,-1,475,474,1181,-1,1181,474,1235,-1,1181,1235,1505,-1,1505,1235,1473,-1,1505,1473,1506,-1,1506,1473,1462,-1,1506,1462,1507,-1,1507,1462,1419,-1,1507,1419,1508,-1,1508,1419,1410,-1,1508,1410,1509,-1,1509,1410,1366,-1,1509,1366,1510,-1,1510,1366,1344,-1,1510,1344,1511,-1,1511,1344,1331,-1,1511,1331,1512,-1,1512,1331,1321,-1,1512,1321,1513,-1,1513,1321,1315,-1,1513,1315,1514,-1,1514,1315,1311,-1,1514,1311,1515,-1,1515,1311,1143,-1,1515,1143,1516,-1,1516,1143,1145,-1,1516,1145,1298,-1,1298,1145,836,-1,1298,836,838,-1,788,790,1494,-1,1494,790,1302,-1,1494,1302,1495,-1,1495,1302,1483,-1,1495,1483,1496,-1,1496,1483,1484,-1,1496,1484,1497,-1,1497,1484,1485,-1,1497,1485,1498,-1,1498,1485,1486,-1,1498,1486,1499,-1,1499,1486,1487,-1,1499,1487,1500,-1,1500,1487,1488,-1,1500,1488,1501,-1,1501,1488,1489,-1,1501,1489,1502,-1,1502,1489,1490,-1,1502,1490,1503,-1,1503,1490,1491,-1,1503,1491,1504,-1,1504,1491,1492,-1,1504,1492,1233,-1,1233,1492,1493,-1,1233,1493,1234,-1,1234,1493,1235,-1,1234,1235,468,-1,468,1235,469,-1,1517,1518,1519,-1,1519,1518,1184,-1,1519,1184,1183,-1,1183,1184,260,-1,1183,260,259,-1,154,153,1180,-1,1180,153,1186,-1,1180,1186,1520,-1,1520,1186,1521,-1,1520,1521,1522,-1,1522,1521,1523,-1,1522,1523,1524,-1,164,163,1179,-1,1179,163,1188,-1,1179,1188,1525,-1,1525,1188,1526,-1,1525,1526,1527,-1,1527,1526,1528,-1,1527,1528,1529,-1,1529,1528,1530,-1,1529,1530,1531,-1,1141,1140,1532,-1,1532,1140,1533,-1,1532,1533,1534,-1,1534,1533,1535,-1,1534,1535,1536,-1,1536,1535,1537,-1,1536,1537,1538,-1,161,1191,1539,-1,1539,1191,1540,-1,1539,1540,1541,-1,1541,1540,1542,-1,1541,1542,1543,-1,1543,1542,1544,-1,1543,1544,1545,-1,1545,1544,1546,-1,1545,1546,1547,-1,1547,1546,1548,-1,1547,1548,1549,-1,177,1193,1194,-1,1194,1193,1550,-1,1194,1550,1551,-1,1551,1550,1552,-1,1551,1552,1553,-1,1553,1552,1554,-1,1553,1554,1555,-1,1555,1554,1556,-1,1555,1556,1557,-1,1557,1556,1558,-1,1557,1558,1559,-1,1559,1558,1560,-1,1559,1560,1561,-1,187,1195,1178,-1,1178,1195,1562,-1,1178,1562,1563,-1,1563,1562,1564,-1,1563,1564,1565,-1,1565,1564,1566,-1,1565,1566,1567,-1,1567,1566,1568,-1,1567,1568,1569,-1,1569,1568,1570,-1,1569,1570,1571,-1,1571,1570,1572,-1,1571,1572,1573,-1,1573,1572,1574,-1,1573,1574,1575,-1,1197,1576,1577,-1,1577,1576,1578,-1,1577,1578,1579,-1,1579,1578,1580,-1,1579,1580,1581,-1,1581,1580,1582,-1,1581,1582,1583,-1,1583,1582,1584,-1,1583,1584,1585,-1,1585,1584,1586,-1,1585,1586,1587,-1,1587,1586,1588,-1,1587,1588,1589,-1,1589,1588,1590,-1,1589,1590,1591,-1,207,206,1200,-1,1200,206,1199,-1,1200,1199,1592,-1,1592,1199,1593,-1,1592,1593,1594,-1,1594,1593,1595,-1,1594,1595,1596,-1,1596,1595,1597,-1,1596,1597,1598,-1,1598,1597,1599,-1,1598,1599,1600,-1,1600,1599,1601,-1,1600,1601,1602,-1,1602,1601,1603,-1,1602,1603,1604,-1,1604,1603,1605,-1,1604,1605,1606,-1,1606,1605,1607,-1,1606,1607,1608,-1,243,241,1203,-1,1203,241,1609,-1,1203,1609,1610,-1,1610,1609,1611,-1,1610,1611,1612,-1,1612,1611,1613,-1,1612,1613,1614,-1,1614,1613,1615,-1,1614,1615,1616,-1,1616,1615,1617,-1,1616,1617,1618,-1,1618,1617,1619,-1,1618,1619,1620,-1,1620,1619,1621,-1,1620,1621,1622,-1,1622,1621,1623,-1,1622,1623,1624,-1,1624,1623,1625,-1,1624,1625,1626,-1,1626,1625,1627,-1,1626,1627,1628,-1,230,227,1204,-1,1204,227,1629,-1,1204,1629,1630,-1,1630,1629,1631,-1,1630,1631,1632,-1,1632,1631,1633,-1,1632,1633,1634,-1,1634,1633,1635,-1,1634,1635,1636,-1,1636,1635,1637,-1,1636,1637,1638,-1,1638,1637,1639,-1,1638,1639,1640,-1,1640,1639,1641,-1,1640,1641,1642,-1,1642,1641,1643,-1,1642,1643,1644,-1,1644,1643,1645,-1,1644,1645,1646,-1,1646,1645,1647,-1,1646,1647,1648,-1,1648,1647,1649,-1,1648,1649,1650,-1,1103,225,1207,-1,1207,225,1206,-1,1207,1206,1651,-1,1651,1206,1652,-1,1651,1652,1653,-1,1653,1652,1654,-1,1653,1654,1655,-1,1655,1654,1656,-1,1655,1656,1657,-1,1657,1656,1658,-1,1657,1658,1659,-1,1659,1658,1660,-1,1659,1660,1661,-1,1661,1660,1662,-1,1661,1662,1663,-1,1663,1662,1664,-1,1663,1664,1665,-1,1665,1664,1666,-1,1665,1666,1667,-1,1667,1666,1668,-1,1667,1668,1669,-1,1669,1668,1670,-1,1669,1670,1671,-1,1671,1670,1672,-1,1671,1672,1673,-1,1673,1672,1674,-1,1673,1674,1675,-1,1101,1236,1237,-1,1237,1236,1676,-1,1237,1676,1677,-1,1677,1676,1678,-1,1677,1678,1679,-1,1679,1678,1680,-1,1679,1680,1681,-1,1681,1680,1682,-1,1681,1682,1683,-1,1683,1682,1684,-1,1683,1684,1685,-1,1685,1684,1686,-1,1685,1686,1687,-1,1687,1686,1688,-1,1687,1688,1689,-1,1689,1688,1690,-1,1689,1690,1691,-1,1691,1690,1692,-1,1691,1692,1693,-1,1693,1692,1694,-1,1693,1694,1695,-1,1695,1694,1696,-1,1695,1696,1697,-1,1697,1696,1698,-1,1697,1698,1699,-1,1699,1698,1700,-1,1699,1700,1701,-1,1093,1238,1239,-1,1239,1238,1702,-1,1239,1702,1703,-1,1703,1702,1704,-1,1703,1704,1705,-1,1705,1704,1706,-1,1705,1706,1707,-1,1707,1706,1708,-1,1707,1708,1709,-1,1709,1708,1710,-1,1709,1710,1711,-1,1711,1710,1712,-1,1711,1712,1713,-1,1713,1712,1714,-1,1713,1714,1715,-1,1715,1714,1716,-1,1715,1716,1717,-1,1717,1716,1718,-1,1717,1718,1719,-1,1719,1718,1720,-1,1719,1720,1721,-1,1721,1720,1722,-1,1721,1722,1723,-1,1723,1722,1724,-1,1723,1724,1725,-1,1725,1724,1726,-1,1725,1726,1727,-1,1091,1240,1241,-1,1241,1240,1728,-1,1241,1728,1729,-1,1729,1728,1730,-1,1729,1730,1731,-1,1731,1730,1732,-1,1731,1732,1733,-1,1733,1732,1734,-1,1733,1734,1735,-1,1735,1734,1736,-1,1735,1736,1737,-1,1737,1736,1738,-1,1737,1738,1739,-1,1739,1738,1740,-1,1739,1740,1741,-1,1741,1740,1742,-1,1741,1742,1743,-1,1743,1742,1744,-1,1743,1744,1745,-1,1745,1744,1746,-1,1745,1746,1747,-1,1747,1746,1748,-1,1747,1748,1749,-1,1749,1748,1750,-1,1749,1750,1751,-1,1751,1750,1752,-1,1751,1752,1753,-1,1080,1242,1243,-1,1243,1242,1754,-1,1243,1754,1755,-1,1755,1754,1756,-1,1755,1756,1757,-1,1757,1756,1758,-1,1757,1758,1759,-1,1759,1758,1760,-1,1759,1760,1761,-1,1761,1760,1762,-1,1761,1762,1763,-1,1763,1762,1764,-1,1763,1764,1765,-1,1765,1764,1766,-1,1765,1766,1767,-1,1767,1766,1768,-1,1767,1768,1769,-1,1769,1768,1770,-1,1769,1770,1771,-1,1771,1770,1772,-1,1771,1772,1773,-1,1773,1772,1774,-1,1773,1774,1775,-1,1775,1774,1776,-1,1775,1776,1777,-1,1777,1776,1778,-1,1777,1778,1779,-1,1079,1244,1245,-1,1245,1244,1780,-1,1245,1780,1781,-1,1781,1780,1782,-1,1781,1782,1783,-1,1783,1782,1784,-1,1783,1784,1785,-1,1785,1784,1786,-1,1785,1786,1787,-1,1787,1786,1788,-1,1787,1788,1789,-1,1789,1788,1790,-1,1789,1790,1791,-1,1791,1790,1792,-1,1791,1792,1793,-1,1793,1792,1794,-1,1793,1794,1795,-1,1795,1794,1796,-1,1795,1796,1797,-1,1797,1796,1798,-1,1797,1798,1799,-1,1799,1798,1800,-1,1799,1800,1801,-1,1801,1800,1802,-1,1801,1802,1803,-1,1803,1802,1804,-1,1803,1804,1805,-1,1077,1246,1247,-1,1247,1246,1806,-1,1247,1806,1807,-1,1807,1806,1808,-1,1807,1808,1809,-1,1809,1808,1810,-1,1809,1810,1811,-1,1811,1810,1812,-1,1811,1812,1813,-1,1813,1812,1814,-1,1813,1814,1815,-1,1815,1814,1816,-1,1815,1816,1817,-1,1817,1816,1818,-1,1817,1818,1819,-1,1819,1818,1820,-1,1819,1820,1821,-1,1821,1820,1822,-1,1821,1822,1823,-1,1823,1822,1824,-1,1823,1824,1825,-1,1825,1824,1826,-1,1825,1826,1827,-1,1827,1826,1828,-1,1827,1828,1829,-1,1829,1828,1830,-1,1829,1830,1831,-1,1074,1247,1248,-1,1248,1247,1807,-1,1248,1807,1832,-1,1832,1807,1809,-1,1832,1809,1833,-1,1833,1809,1811,-1,1833,1811,1834,-1,1834,1811,1813,-1,1834,1813,1835,-1,1835,1813,1815,-1,1835,1815,1836,-1,1836,1815,1817,-1,1836,1817,1837,-1,1837,1817,1819,-1,1837,1819,1838,-1,1838,1819,1821,-1,1838,1821,1839,-1,1839,1821,1823,-1,1839,1823,1840,-1,1840,1823,1825,-1,1840,1825,1841,-1,1841,1825,1827,-1,1841,1827,1842,-1,1842,1827,1829,-1,1842,1829,1843,-1,1843,1829,1831,-1,1843,1831,1844,-1,1068,1249,1250,-1,1250,1249,1845,-1,1250,1845,1846,-1,1846,1845,1847,-1,1846,1847,1848,-1,1848,1847,1849,-1,1848,1849,1850,-1,1850,1849,1851,-1,1850,1851,1852,-1,1852,1851,1853,-1,1852,1853,1854,-1,1854,1853,1855,-1,1854,1855,1856,-1,1856,1855,1857,-1,1856,1857,1858,-1,1858,1857,1859,-1,1858,1859,1860,-1,1860,1859,1861,-1,1860,1861,1862,-1,1862,1861,1863,-1,1862,1863,1864,-1,1864,1863,1865,-1,1864,1865,1866,-1,1866,1865,1867,-1,1866,1867,1868,-1,1868,1867,1869,-1,1868,1869,1870,-1,1059,1251,1252,-1,1252,1251,1871,-1,1252,1871,1872,-1,1872,1871,1873,-1,1872,1873,1874,-1,1874,1873,1875,-1,1874,1875,1876,-1,1876,1875,1877,-1,1876,1877,1878,-1,1878,1877,1879,-1,1878,1879,1880,-1,1880,1879,1881,-1,1880,1881,1882,-1,1882,1881,1883,-1,1882,1883,1884,-1,1884,1883,1885,-1,1884,1885,1886,-1,1886,1885,1887,-1,1886,1887,1888,-1,1888,1887,1889,-1,1888,1889,1890,-1,1890,1889,1891,-1,1890,1891,1892,-1,1892,1891,1893,-1,1892,1893,1894,-1,1894,1893,1895,-1,1894,1895,1896,-1,1048,1253,1254,-1,1254,1253,1897,-1,1254,1897,1898,-1,1898,1897,1899,-1,1898,1899,1900,-1,1900,1899,1901,-1,1900,1901,1902,-1,1902,1901,1903,-1,1902,1903,1904,-1,1904,1903,1905,-1,1904,1905,1906,-1,1906,1905,1907,-1,1906,1907,1908,-1,1908,1907,1909,-1,1908,1909,1910,-1,1910,1909,1911,-1,1910,1911,1912,-1,1912,1911,1913,-1,1912,1913,1914,-1,1914,1913,1915,-1,1914,1915,1916,-1,1916,1915,1917,-1,1916,1917,1918,-1,1918,1917,1919,-1,1918,1919,1920,-1,1920,1919,1921,-1,1920,1921,1922,-1,1030,1255,1256,-1,1256,1255,1923,-1,1256,1923,1924,-1,1924,1923,1925,-1,1924,1925,1926,-1,1926,1925,1927,-1,1926,1927,1928,-1,1928,1927,1929,-1,1928,1929,1930,-1,1930,1929,1931,-1,1930,1931,1932,-1,1932,1931,1933,-1,1932,1933,1934,-1,1934,1933,1935,-1,1934,1935,1936,-1,1936,1935,1937,-1,1936,1937,1938,-1,1938,1937,1939,-1,1938,1939,1940,-1,1940,1939,1941,-1,1940,1941,1942,-1,1942,1941,1943,-1,1942,1943,1944,-1,1944,1943,1945,-1,1944,1945,1946,-1,1946,1945,1947,-1,1946,1947,1948,-1,1028,1257,1258,-1,1258,1257,1949,-1,1258,1949,1950,-1,1950,1949,1951,-1,1950,1951,1952,-1,1952,1951,1953,-1,1952,1953,1954,-1,1954,1953,1955,-1,1954,1955,1956,-1,1956,1955,1957,-1,1956,1957,1958,-1,1958,1957,1959,-1,1958,1959,1960,-1,1960,1959,1961,-1,1960,1961,1962,-1,1962,1961,1963,-1,1962,1963,1964,-1,1964,1963,1965,-1,1964,1965,1966,-1,1966,1965,1967,-1,1966,1967,1968,-1,1968,1967,1969,-1,1968,1969,1970,-1,1970,1969,1971,-1,1970,1971,1972,-1,1972,1971,1973,-1,1972,1973,1974,-1,1010,1259,1260,-1,1260,1259,1975,-1,1260,1975,1976,-1,1976,1975,1977,-1,1976,1977,1978,-1,1978,1977,1979,-1,1978,1979,1980,-1,1980,1979,1981,-1,1980,1981,1982,-1,1982,1981,1983,-1,1982,1983,1984,-1,1984,1983,1985,-1,1984,1985,1986,-1,1986,1985,1987,-1,1986,1987,1988,-1,1988,1987,1989,-1,1988,1989,1990,-1,1990,1989,1991,-1,1990,1991,1992,-1,1992,1991,1993,-1,1992,1993,1994,-1,1994,1993,1995,-1,1994,1995,1996,-1,1996,1995,1997,-1,1996,1997,1998,-1,1998,1997,1999,-1,1998,1999,2000,-1,1008,1261,1262,-1,1262,1261,2001,-1,1262,2001,2002,-1,2002,2001,2003,-1,2002,2003,2004,-1,2004,2003,2005,-1,2004,2005,2006,-1,2006,2005,2007,-1,2006,2007,2008,-1,2008,2007,2009,-1,2008,2009,2010,-1,2010,2009,2011,-1,2010,2011,2012,-1,2012,2011,2013,-1,2012,2013,2014,-1,2014,2013,2015,-1,2014,2015,2016,-1,2016,2015,2017,-1,2016,2017,2018,-1,2018,2017,2019,-1,2018,2019,2020,-1,2020,2019,2021,-1,2020,2021,2022,-1,2022,2021,2023,-1,2022,2023,2024,-1,2024,2023,2025,-1,2024,2025,2026,-1,1003,1263,1264,-1,1264,1263,2027,-1,1264,2027,2028,-1,2028,2027,2029,-1,2028,2029,2030,-1,2030,2029,2031,-1,2030,2031,2032,-1,2032,2031,2033,-1,2032,2033,2034,-1,2034,2033,2035,-1,2034,2035,2036,-1,2036,2035,2037,-1,2036,2037,2038,-1,2038,2037,2039,-1,2038,2039,2040,-1,2040,2039,2041,-1,2040,2041,2042,-1,2042,2041,2043,-1,2042,2043,2044,-1,2044,2043,2045,-1,2044,2045,2046,-1,2046,2045,2047,-1,2046,2047,2048,-1,2048,2047,2049,-1,2048,2049,2050,-1,2050,2049,2051,-1,2050,2051,2052,-1,985,1266,1172,-1,1172,1266,2053,-1,1172,2053,2054,-1,2054,2053,2055,-1,2054,2055,2056,-1,2056,2055,2057,-1,2056,2057,2058,-1,2058,2057,2059,-1,2058,2059,2060,-1,2060,2059,2061,-1,2060,2061,2062,-1,2062,2061,2063,-1,2062,2063,2064,-1,2064,2063,2065,-1,2064,2065,2066,-1,2066,2065,2067,-1,2066,2067,2068,-1,2068,2067,2069,-1,2068,2069,2070,-1,2070,2069,2071,-1,2070,2071,2072,-1,2072,2071,2073,-1,2072,2073,2074,-1,2074,2073,2075,-1,2074,2075,2076,-1,2076,2075,2077,-1,2076,2077,2078,-1,979,1268,1171,-1,1171,1268,2079,-1,1171,2079,2080,-1,2080,2079,2081,-1,2080,2081,2082,-1,2082,2081,2083,-1,2082,2083,2084,-1,2084,2083,2085,-1,2084,2085,2086,-1,2086,2085,2087,-1,2086,2087,2088,-1,2088,2087,2089,-1,2088,2089,2090,-1,2090,2089,2091,-1,2090,2091,2092,-1,2092,2091,2093,-1,2092,2093,2094,-1,2094,2093,2095,-1,2094,2095,2096,-1,2096,2095,2097,-1,2096,2097,2098,-1,2098,2097,2099,-1,2098,2099,2100,-1,2100,2099,2101,-1,2100,2101,2102,-1,2102,2101,2103,-1,2102,2103,2104,-1,969,1270,1170,-1,1170,1270,2105,-1,1170,2105,2106,-1,2106,2105,2107,-1,2106,2107,2108,-1,2108,2107,2109,-1,2108,2109,2110,-1,2110,2109,2111,-1,2110,2111,2112,-1,2112,2111,2113,-1,2112,2113,2114,-1,2114,2113,2115,-1,2114,2115,2116,-1,2116,2115,2117,-1,2116,2117,2118,-1,2118,2117,2119,-1,2118,2119,2120,-1,2120,2119,2121,-1,2120,2121,2122,-1,2122,2121,2123,-1,2122,2123,2124,-1,2124,2123,2125,-1,2124,2125,2126,-1,2126,2125,2127,-1,2126,2127,2128,-1,2128,2127,2129,-1,2128,2129,2130,-1,963,1272,1169,-1,1169,1272,2131,-1,1169,2131,2132,-1,2132,2131,2133,-1,2132,2133,2134,-1,2134,2133,2135,-1,2134,2135,2136,-1,2136,2135,2137,-1,2136,2137,2138,-1,2138,2137,2139,-1,2138,2139,2140,-1,2140,2139,2141,-1,2140,2141,2142,-1,2142,2141,2143,-1,2142,2143,2144,-1,2144,2143,2145,-1,2144,2145,2146,-1,2146,2145,2147,-1,2146,2147,2148,-1,2148,2147,2149,-1,2148,2149,2150,-1,2150,2149,2151,-1,2150,2151,2152,-1,2152,2151,2153,-1,2152,2153,2154,-1,2154,2153,2155,-1,2154,2155,2156,-1,953,1274,1168,-1,1168,1274,2157,-1,1168,2157,2158,-1,2158,2157,2159,-1,2158,2159,2160,-1,2160,2159,2161,-1,2160,2161,2162,-1,2162,2161,2163,-1,2162,2163,2164,-1,2164,2163,2165,-1,2164,2165,2166,-1,2166,2165,2167,-1,2166,2167,2168,-1,2168,2167,2169,-1,2168,2169,2170,-1,2170,2169,2171,-1,2170,2171,2172,-1,2172,2171,2173,-1,2172,2173,2174,-1,2174,2173,2175,-1,2174,2175,2176,-1,2176,2175,2177,-1,2176,2177,2178,-1,2178,2177,2179,-1,2178,2179,2180,-1,2180,2179,2181,-1,2180,2181,2182,-1,947,1276,1167,-1,1167,1276,2183,-1,1167,2183,2184,-1,2184,2183,2185,-1,2184,2185,2186,-1,2186,2185,2187,-1,2186,2187,2188,-1,2188,2187,2189,-1,2188,2189,2190,-1,2190,2189,2191,-1,2190,2191,2192,-1,2192,2191,2193,-1,2192,2193,2194,-1,2194,2193,2195,-1,2194,2195,2196,-1,2196,2195,2197,-1,2196,2197,2198,-1,2198,2197,2199,-1,2198,2199,2200,-1,2200,2199,2201,-1,2200,2201,2202,-1,2202,2201,2203,-1,2202,2203,2204,-1,2204,2203,2205,-1,2204,2205,2206,-1,2206,2205,2207,-1,2206,2207,2208,-1,937,1278,1166,-1,1166,1278,2209,-1,1166,2209,2210,-1,2210,2209,2211,-1,2210,2211,2212,-1,2212,2211,2213,-1,2212,2213,2214,-1,2214,2213,2215,-1,2214,2215,2216,-1,2216,2215,2217,-1,2216,2217,2218,-1,2218,2217,2219,-1,2218,2219,2220,-1,2220,2219,2221,-1,2220,2221,2222,-1,2222,2221,2223,-1,2222,2223,2224,-1,2224,2223,2225,-1,2224,2225,2226,-1,2226,2225,2227,-1,2226,2227,2228,-1,2228,2227,2229,-1,2228,2229,2230,-1,2230,2229,2231,-1,2230,2231,2232,-1,2232,2231,2233,-1,2232,2233,2234,-1,927,1280,1165,-1,1165,1280,2235,-1,1165,2235,2236,-1,2236,2235,2237,-1,2236,2237,2238,-1,2238,2237,2239,-1,2238,2239,2240,-1,2240,2239,2241,-1,2240,2241,2242,-1,2242,2241,2243,-1,2242,2243,2244,-1,2244,2243,2245,-1,2244,2245,2246,-1,2246,2245,2247,-1,2246,2247,2248,-1,2248,2247,2249,-1,2248,2249,2250,-1,2250,2249,2251,-1,2250,2251,2252,-1,2252,2251,2253,-1,2252,2253,2254,-1,2254,2253,2255,-1,2254,2255,2256,-1,2256,2255,2257,-1,2256,2257,2258,-1,2258,2257,2259,-1,2258,2259,2260,-1,917,1282,1164,-1,1164,1282,2261,-1,1164,2261,2262,-1,2262,2261,2263,-1,2262,2263,2264,-1,2264,2263,2265,-1,2264,2265,2266,-1,2266,2265,2267,-1,2266,2267,2268,-1,2268,2267,2269,-1,2268,2269,2270,-1,2270,2269,2271,-1,2270,2271,2272,-1,2272,2271,2273,-1,2272,2273,2274,-1,2274,2273,2275,-1,2274,2275,2276,-1,2276,2275,2277,-1,2276,2277,2278,-1,2278,2277,2279,-1,2278,2279,2280,-1,2280,2279,2281,-1,2280,2281,2282,-1,2282,2281,2283,-1,2282,2283,2284,-1,2284,2283,2285,-1,2284,2285,2286,-1,907,1284,1163,-1,1163,1284,2287,-1,1163,2287,2288,-1,2288,2287,2289,-1,2288,2289,2290,-1,2290,2289,2291,-1,2290,2291,2292,-1,2292,2291,2293,-1,2292,2293,2294,-1,2294,2293,2295,-1,2294,2295,2296,-1,2296,2295,2297,-1,2296,2297,2298,-1,2298,2297,2299,-1,2298,2299,2300,-1,2300,2299,2301,-1,2300,2301,2302,-1,2302,2301,2303,-1,2302,2303,2304,-1,2304,2303,2305,-1,2304,2305,2306,-1,2306,2305,2307,-1,2306,2307,2308,-1,2308,2307,2309,-1,2308,2309,2310,-1,2310,2309,2311,-1,2310,2311,2312,-1,897,1286,1162,-1,1162,1286,2313,-1,1162,2313,2314,-1,2314,2313,2315,-1,2314,2315,2316,-1,2316,2315,2317,-1,2316,2317,2318,-1,2318,2317,2319,-1,2318,2319,2320,-1,2320,2319,2321,-1,2320,2321,2322,-1,2322,2321,2323,-1,2322,2323,2324,-1,2324,2323,2325,-1,2324,2325,2326,-1,2326,2325,2327,-1,2326,2327,2328,-1,2328,2327,2329,-1,2328,2329,2330,-1,2330,2329,2331,-1,2330,2331,2332,-1,2332,2331,2333,-1,2332,2333,2334,-1,2334,2333,2335,-1,2334,2335,2336,-1,2336,2335,2337,-1,2336,2337,2338,-1,887,1288,1161,-1,1161,1288,2339,-1,1161,2339,2340,-1,2340,2339,2341,-1,2340,2341,2342,-1,2342,2341,2343,-1,2342,2343,2344,-1,2344,2343,2345,-1,2344,2345,2346,-1,2346,2345,2347,-1,2346,2347,2348,-1,2348,2347,2349,-1,2348,2349,2350,-1,2350,2349,2351,-1,2350,2351,2352,-1,2352,2351,2353,-1,2352,2353,2354,-1,2354,2353,2355,-1,2354,2355,2356,-1,2356,2355,2357,-1,2356,2357,2358,-1,2358,2357,2359,-1,2358,2359,2360,-1,2360,2359,2361,-1,2360,2361,2362,-1,2362,2361,2363,-1,2362,2363,2364,-1,877,1290,1160,-1,1160,1290,2365,-1,1160,2365,2366,-1,2366,2365,2367,-1,2366,2367,2368,-1,2368,2367,2369,-1,2368,2369,2370,-1,2370,2369,2371,-1,2370,2371,2372,-1,2372,2371,2373,-1,2372,2373,2374,-1,2374,2373,2375,-1,2374,2375,2376,-1,2376,2375,2377,-1,2376,2377,2378,-1,2378,2377,2379,-1,2378,2379,2380,-1,2380,2379,2381,-1,2380,2381,2382,-1,2382,2381,2383,-1,2382,2383,2384,-1,2384,2383,2385,-1,2384,2385,2386,-1,2386,2385,2387,-1,2386,2387,2388,-1,2388,2387,2389,-1,2388,2389,2390,-1,867,1292,1159,-1,1159,1292,2391,-1,1159,2391,2392,-1,2392,2391,2393,-1,2392,2393,2394,-1,2394,2393,2395,-1,2394,2395,2396,-1,2396,2395,2397,-1,2396,2397,2398,-1,2398,2397,2399,-1,2398,2399,2400,-1,2400,2399,2401,-1,2400,2401,2402,-1,2402,2401,2403,-1,2402,2403,2404,-1,2404,2403,2405,-1,2404,2405,2406,-1,2406,2405,2407,-1,2406,2407,2408,-1,2408,2407,2409,-1,2408,2409,2410,-1,2410,2409,2411,-1,2410,2411,2412,-1,2412,2411,2413,-1,2412,2413,2414,-1,2414,2413,2415,-1,2414,2415,2416,-1,857,1294,1158,-1,1158,1294,2417,-1,1158,2417,2418,-1,2418,2417,2419,-1,2418,2419,2420,-1,2420,2419,2421,-1,2420,2421,2422,-1,2422,2421,2423,-1,2422,2423,2424,-1,2424,2423,2425,-1,2424,2425,2426,-1,2426,2425,2427,-1,2426,2427,2428,-1,2428,2427,2429,-1,2428,2429,2430,-1,2430,2429,2431,-1,2430,2431,2432,-1,2432,2431,2433,-1,2432,2433,2434,-1,2434,2433,2435,-1,2434,2435,2436,-1,2436,2435,2437,-1,2436,2437,2438,-1,2438,2437,2439,-1,2438,2439,2440,-1,2440,2439,2441,-1,2440,2441,2442,-1,847,1296,1157,-1,1157,1296,2443,-1,1157,2443,2444,-1,2444,2443,2445,-1,2444,2445,2446,-1,2446,2445,2447,-1,2446,2447,2448,-1,2448,2447,2449,-1,2448,2449,2450,-1,2450,2449,2451,-1,2450,2451,2452,-1,2452,2451,2453,-1,2452,2453,2454,-1,2454,2453,2455,-1,2454,2455,2456,-1,2456,2455,2457,-1,2456,2457,2458,-1,2458,2457,2459,-1,2458,2459,2460,-1,2460,2459,2461,-1,2460,2461,2462,-1,2462,2461,2463,-1,2462,2463,2464,-1,2464,2463,2465,-1,2464,2465,2466,-1,2466,2465,2467,-1,2466,2467,2468,-1,256,1066,1182,-1,1182,1066,1064,-1,1182,1064,1183,-1,1183,1064,1063,-1,1183,1063,1519,-1,148,1184,1185,-1,1185,1184,1518,-1,1185,1518,2469,-1,2469,1518,1517,-1,2469,1517,2470,-1,2470,1517,1054,-1,2470,1054,1052,-1,1063,1061,1519,-1,1519,1061,1058,-1,1519,1058,1517,-1,1517,1058,1056,-1,1517,1056,1054,-1,1052,1523,2470,-1,2470,1523,1521,-1,2470,1521,2469,-1,2469,1521,1186,-1,2469,1186,1185,-1,1185,1186,152,-1,1185,152,151,-1,155,1180,1187,-1,1187,1180,1520,-1,1187,1520,2471,-1,2471,1520,1522,-1,2471,1522,2472,-1,2472,1522,1524,-1,2472,1524,2473,-1,2473,1524,1044,-1,2473,1044,1042,-1,1052,1050,1523,-1,1523,1050,1049,-1,1523,1049,1524,-1,1524,1049,1046,-1,1524,1046,1044,-1,1042,1530,2473,-1,2473,1530,1528,-1,2473,1528,2472,-1,2472,1528,1526,-1,2472,1526,2471,-1,2471,1526,1188,-1,2471,1188,1187,-1,1187,1188,160,-1,1187,160,159,-1,157,1179,1189,-1,1189,1179,1525,-1,1189,1525,2474,-1,2474,1525,1527,-1,2474,1527,2475,-1,2475,1527,1529,-1,2475,1529,2476,-1,2476,1529,1531,-1,2476,1531,2477,-1,2477,1531,1035,-1,2477,1035,1037,-1,1042,1041,1530,-1,1530,1041,1031,-1,1530,1031,1531,-1,1531,1031,1033,-1,1531,1033,1035,-1,1037,1537,2477,-1,2477,1537,1535,-1,2477,1535,2476,-1,2476,1535,1533,-1,2476,1533,2475,-1,2475,1533,1140,-1,2475,1140,2474,-1,2474,1140,1142,-1,2474,1142,1189,-1,1189,1142,167,-1,1189,167,166,-1,170,1142,1190,-1,1190,1142,1141,-1,1190,1141,2478,-1,2478,1141,1532,-1,2478,1532,2479,-1,2479,1532,1534,-1,2479,1534,2480,-1,2480,1534,1536,-1,2480,1536,2481,-1,2481,1536,1538,-1,2481,1538,2482,-1,2482,1538,1024,-1,2482,1024,1022,-1,1037,1039,1537,-1,1537,1039,1040,-1,1537,1040,1538,-1,1538,1040,1027,-1,1538,1027,1024,-1,1022,1548,2482,-1,2482,1548,1546,-1,2482,1546,2481,-1,2481,1546,1544,-1,2481,1544,2480,-1,2480,1544,1542,-1,2480,1542,2479,-1,2479,1542,1540,-1,2479,1540,2478,-1,2478,1540,1191,-1,2478,1191,1190,-1,1190,1191,180,-1,1190,180,179,-1,162,161,1192,-1,1192,161,1539,-1,1192,1539,2483,-1,2483,1539,1541,-1,2483,1541,2484,-1,2484,1541,1543,-1,2484,1543,2485,-1,2485,1543,1545,-1,2485,1545,2486,-1,2486,1545,1547,-1,2486,1547,2487,-1,2487,1547,1549,-1,2487,1549,2488,-1,2488,1549,1015,-1,2488,1015,1017,-1,1022,1021,1548,-1,1548,1021,1011,-1,1548,1011,1549,-1,1549,1011,1013,-1,1549,1013,1015,-1,1017,1560,2488,-1,2488,1560,1558,-1,2488,1558,2487,-1,2487,1558,1556,-1,2487,1556,2486,-1,2486,1556,1554,-1,2486,1554,2485,-1,2485,1554,1552,-1,2485,1552,2484,-1,2484,1552,1550,-1,2484,1550,2483,-1,2483,1550,1193,-1,2483,1193,1192,-1,1192,1193,182,-1,1192,182,181,-1,184,1194,2489,-1,2489,1194,1551,-1,2489,1551,2490,-1,2490,1551,1553,-1,2490,1553,2491,-1,2491,1553,1555,-1,2491,1555,2492,-1,2492,1555,1557,-1,2492,1557,2493,-1,2493,1557,1559,-1,2493,1559,2494,-1,2494,1559,1561,-1,2494,1561,2495,-1,2495,1561,1001,-1,2495,1001,999,-1,1017,1019,1560,-1,1560,1019,1020,-1,1560,1020,1561,-1,1561,1020,1007,-1,1561,1007,1001,-1,185,184,1195,-1,1195,184,2489,-1,1195,2489,1562,-1,1562,2489,2490,-1,1562,2490,1564,-1,1564,2490,2491,-1,1564,2491,1566,-1,1566,2491,2492,-1,1566,2492,1568,-1,1568,2492,2493,-1,1568,2493,1570,-1,1570,2493,2494,-1,1570,2494,1572,-1,1572,2494,2495,-1,1572,2495,1574,-1,1574,2495,999,-1,201,1178,1196,-1,1196,1178,1563,-1,1196,1563,2496,-1,2496,1563,1565,-1,2496,1565,2497,-1,2497,1565,1567,-1,2497,1567,2498,-1,2498,1567,1569,-1,2498,1569,2499,-1,2499,1569,1571,-1,2499,1571,2500,-1,2500,1571,1573,-1,2500,1573,2501,-1,2501,1573,1575,-1,2501,1575,2502,-1,2502,1575,994,-1,2502,994,992,-1,999,1005,1574,-1,1574,1005,1004,-1,1574,1004,1575,-1,1575,1004,996,-1,1575,996,994,-1,205,204,1197,-1,1197,204,1196,-1,1197,1196,1576,-1,1576,1196,2496,-1,1576,2496,1578,-1,1578,2496,2497,-1,1578,2497,1580,-1,1580,2497,2498,-1,1580,2498,1582,-1,1582,2498,2499,-1,1582,2499,1584,-1,1584,2499,2500,-1,1584,2500,1586,-1,1586,2500,2501,-1,1586,2501,1588,-1,1588,2501,2502,-1,1588,2502,1590,-1,1590,2502,992,-1,198,1197,1198,-1,1198,1197,1577,-1,1198,1577,2503,-1,2503,1577,1579,-1,2503,1579,2504,-1,2504,1579,1581,-1,2504,1581,2505,-1,2505,1581,1583,-1,2505,1583,2506,-1,2506,1583,1585,-1,2506,1585,2507,-1,2507,1585,1587,-1,2507,1587,2508,-1,2508,1587,1589,-1,2508,1589,2509,-1,2509,1589,1591,-1,2509,1591,2510,-1,2510,1591,984,-1,2510,984,982,-1,992,990,1590,-1,1590,990,988,-1,1590,988,1591,-1,1591,988,986,-1,1591,986,984,-1,982,1607,2510,-1,2510,1607,1605,-1,2510,1605,2509,-1,2509,1605,1603,-1,2509,1603,2508,-1,2508,1603,1601,-1,2508,1601,2507,-1,2507,1601,1599,-1,2507,1599,2506,-1,2506,1599,1597,-1,2506,1597,2505,-1,2505,1597,1595,-1,2505,1595,2504,-1,2504,1595,1593,-1,2504,1593,2503,-1,2503,1593,1199,-1,2503,1199,1198,-1,1198,1199,213,-1,1198,213,212,-1,235,1200,1201,-1,1201,1200,1592,-1,1201,1592,2511,-1,2511,1592,1594,-1,2511,1594,2512,-1,2512,1594,1596,-1,2512,1596,2513,-1,2513,1596,1598,-1,2513,1598,2514,-1,2514,1598,1600,-1,2514,1600,2515,-1,2515,1600,1602,-1,2515,1602,2516,-1,2516,1602,1604,-1,2516,1604,2517,-1,2517,1604,1606,-1,2517,1606,2518,-1,2518,1606,1608,-1,2518,1608,2519,-1,2519,1608,978,-1,2519,978,976,-1,982,981,1607,-1,1607,981,709,-1,1607,709,1608,-1,1608,709,710,-1,1608,710,978,-1,976,1627,2519,-1,2519,1627,1625,-1,2519,1625,2518,-1,2518,1625,1623,-1,2518,1623,2517,-1,2517,1623,1621,-1,2517,1621,2516,-1,2516,1621,1619,-1,2516,1619,2515,-1,2515,1619,1617,-1,2515,1617,2514,-1,2514,1617,1615,-1,2514,1615,2513,-1,2513,1615,1613,-1,2513,1613,2512,-1,2512,1613,1611,-1,2512,1611,2511,-1,2511,1611,1609,-1,2511,1609,1201,-1,1201,1609,241,-1,1201,241,240,-1,229,1203,1202,-1,1202,1203,1610,-1,1202,1610,2520,-1,2520,1610,1612,-1,2520,1612,2521,-1,2521,1612,1614,-1,2521,1614,2522,-1,2522,1614,1616,-1,2522,1616,2523,-1,2523,1616,1618,-1,2523,1618,2524,-1,2524,1618,1620,-1,2524,1620,2525,-1,2525,1620,1622,-1,2525,1622,2526,-1,2526,1622,1624,-1,2526,1624,2527,-1,2527,1624,1626,-1,2527,1626,2528,-1,2528,1626,1628,-1,2528,1628,2529,-1,2529,1628,968,-1,2529,968,966,-1,976,974,1627,-1,1627,974,972,-1,1627,972,1628,-1,1628,972,970,-1,1628,970,968,-1,966,1649,2529,-1,2529,1649,1647,-1,2529,1647,2528,-1,2528,1647,1645,-1,2528,1645,2527,-1,2527,1645,1643,-1,2527,1643,2526,-1,2526,1643,1641,-1,2526,1641,2525,-1,2525,1641,1639,-1,2525,1639,2524,-1,2524,1639,1637,-1,2524,1637,2523,-1,2523,1637,1635,-1,2523,1635,2522,-1,2522,1635,1633,-1,2522,1633,2521,-1,2521,1633,1631,-1,2521,1631,2520,-1,2520,1631,1629,-1,2520,1629,1202,-1,1202,1629,227,-1,1202,227,228,-1,234,233,1205,-1,1205,233,1204,-1,1205,1204,2530,-1,2530,1204,1630,-1,2530,1630,2531,-1,2531,1630,1632,-1,2531,1632,2532,-1,2532,1632,1634,-1,2532,1634,2533,-1,2533,1634,1636,-1,2533,1636,2534,-1,2534,1636,1638,-1,2534,1638,2535,-1,2535,1638,1640,-1,2535,1640,2536,-1,2536,1640,1642,-1,2536,1642,2537,-1,2537,1642,1644,-1,2537,1644,2538,-1,2538,1644,1646,-1,2538,1646,2539,-1,2539,1646,1648,-1,2539,1648,2540,-1,2540,1648,1650,-1,2540,1650,2541,-1,2541,1650,962,-1,2541,962,961,-1,966,965,1649,-1,1649,965,713,-1,1649,713,1650,-1,1650,713,714,-1,1650,714,962,-1,961,1674,2541,-1,2541,1674,1672,-1,2541,1672,2540,-1,2540,1672,1670,-1,2540,1670,2539,-1,2539,1670,1668,-1,2539,1668,2538,-1,2538,1668,1666,-1,2538,1666,2537,-1,2537,1666,1664,-1,2537,1664,2536,-1,2536,1664,1662,-1,2536,1662,2535,-1,2535,1662,1660,-1,2535,1660,2534,-1,2534,1660,1658,-1,2534,1658,2533,-1,2533,1658,1656,-1,2533,1656,2532,-1,2532,1656,1654,-1,2532,1654,2531,-1,2531,1654,1652,-1,2531,1652,2530,-1,2530,1652,1206,-1,2530,1206,1205,-1,1205,1206,217,-1,1205,217,216,-1,1098,1207,2542,-1,2542,1207,1651,-1,2542,1651,2543,-1,2543,1651,1653,-1,2543,1653,2544,-1,2544,1653,1655,-1,2544,1655,2545,-1,2545,1655,1657,-1,2545,1657,2546,-1,2546,1657,1659,-1,2546,1659,2547,-1,2547,1659,1661,-1,2547,1661,2548,-1,2548,1661,1663,-1,2548,1663,2549,-1,2549,1663,1665,-1,2549,1665,2550,-1,2550,1665,1667,-1,2550,1667,2551,-1,2551,1667,1669,-1,2551,1669,2552,-1,2552,1669,1671,-1,2552,1671,2553,-1,2553,1671,1673,-1,2553,1673,2554,-1,2554,1673,1675,-1,2554,1675,2555,-1,2555,1675,952,-1,2555,952,950,-1,961,959,1674,-1,1674,959,956,-1,1674,956,1675,-1,1675,956,954,-1,1675,954,952,-1,950,1700,2555,-1,2555,1700,1698,-1,2555,1698,2554,-1,2554,1698,1696,-1,2554,1696,2553,-1,2553,1696,1694,-1,2553,1694,2552,-1,2552,1694,1692,-1,2552,1692,2551,-1,2551,1692,1690,-1,2551,1690,2550,-1,2550,1690,1688,-1,2550,1688,2549,-1,2549,1688,1686,-1,2549,1686,2548,-1,2548,1686,1684,-1,2548,1684,2547,-1,2547,1684,1682,-1,2547,1682,2546,-1,2546,1682,1680,-1,2546,1680,2545,-1,2545,1680,1678,-1,2545,1678,2544,-1,2544,1678,1676,-1,2544,1676,2543,-1,2543,1676,1236,-1,2543,1236,2542,-1,2542,1236,1099,-1,2542,1099,1098,-1,1097,1237,2556,-1,2556,1237,1677,-1,2556,1677,2557,-1,2557,1677,1679,-1,2557,1679,2558,-1,2558,1679,1681,-1,2558,1681,2559,-1,2559,1681,1683,-1,2559,1683,2560,-1,2560,1683,1685,-1,2560,1685,2561,-1,2561,1685,1687,-1,2561,1687,2562,-1,2562,1687,1689,-1,2562,1689,2563,-1,2563,1689,1691,-1,2563,1691,2564,-1,2564,1691,1693,-1,2564,1693,2565,-1,2565,1693,1695,-1,2565,1695,2566,-1,2566,1695,1697,-1,2566,1697,2567,-1,2567,1697,1699,-1,2567,1699,2568,-1,2568,1699,1701,-1,2568,1701,2569,-1,2569,1701,946,-1,2569,946,945,-1,950,949,1700,-1,1700,949,717,-1,1700,717,1701,-1,1701,717,718,-1,1701,718,946,-1,945,1726,2569,-1,2569,1726,1724,-1,2569,1724,2568,-1,2568,1724,1722,-1,2568,1722,2567,-1,2567,1722,1720,-1,2567,1720,2566,-1,2566,1720,1718,-1,2566,1718,2565,-1,2565,1718,1716,-1,2565,1716,2564,-1,2564,1716,1714,-1,2564,1714,2563,-1,2563,1714,1712,-1,2563,1712,2562,-1,2562,1712,1710,-1,2562,1710,2561,-1,2561,1710,1708,-1,2561,1708,2560,-1,2560,1708,1706,-1,2560,1706,2559,-1,2559,1706,1704,-1,2559,1704,2558,-1,2558,1704,1702,-1,2558,1702,2557,-1,2557,1702,1238,-1,2557,1238,2556,-1,2556,1238,1095,-1,2556,1095,1097,-1,1088,1239,2570,-1,2570,1239,1703,-1,2570,1703,2571,-1,2571,1703,1705,-1,2571,1705,2572,-1,2572,1705,1707,-1,2572,1707,2573,-1,2573,1707,1709,-1,2573,1709,2574,-1,2574,1709,1711,-1,2574,1711,2575,-1,2575,1711,1713,-1,2575,1713,2576,-1,2576,1713,1715,-1,2576,1715,2577,-1,2577,1715,1717,-1,2577,1717,2578,-1,2578,1717,1719,-1,2578,1719,2579,-1,2579,1719,1721,-1,2579,1721,2580,-1,2580,1721,1723,-1,2580,1723,2581,-1,2581,1723,1725,-1,2581,1725,2582,-1,2582,1725,1727,-1,2582,1727,2583,-1,2583,1727,936,-1,2583,936,934,-1,945,943,1726,-1,1726,943,940,-1,1726,940,1727,-1,1727,940,938,-1,1727,938,936,-1,934,1752,2583,-1,2583,1752,1750,-1,2583,1750,2582,-1,2582,1750,1748,-1,2582,1748,2581,-1,2581,1748,1746,-1,2581,1746,2580,-1,2580,1746,1744,-1,2580,1744,2579,-1,2579,1744,1742,-1,2579,1742,2578,-1,2578,1742,1740,-1,2578,1740,2577,-1,2577,1740,1738,-1,2577,1738,2576,-1,2576,1738,1736,-1,2576,1736,2575,-1,2575,1736,1734,-1,2575,1734,2574,-1,2574,1734,1732,-1,2574,1732,2573,-1,2573,1732,1730,-1,2573,1730,2572,-1,2572,1730,1728,-1,2572,1728,2571,-1,2571,1728,1240,-1,2571,1240,2570,-1,2570,1240,1089,-1,2570,1089,1088,-1,934,932,1752,-1,1752,932,931,-1,1752,931,1753,-1,1753,931,928,-1,1753,928,926,-1,1087,1241,2584,-1,2584,1241,1729,-1,2584,1729,2585,-1,2585,1729,1731,-1,2585,1731,2586,-1,2586,1731,1733,-1,2586,1733,2587,-1,2587,1733,1735,-1,2587,1735,2588,-1,2588,1735,1737,-1,2588,1737,2589,-1,2589,1737,1739,-1,2589,1739,2590,-1,2590,1739,1741,-1,2590,1741,2591,-1,2591,1741,1743,-1,2591,1743,2592,-1,2592,1743,1745,-1,2592,1745,2593,-1,2593,1745,1747,-1,2593,1747,2594,-1,2594,1747,1749,-1,2594,1749,2595,-1,2595,1749,1751,-1,2595,1751,2596,-1,2596,1751,1753,-1,2596,1753,2597,-1,2597,1753,926,-1,2597,926,924,-1,924,1778,2597,-1,2597,1778,1776,-1,2597,1776,2596,-1,2596,1776,1774,-1,2596,1774,2595,-1,2595,1774,1772,-1,2595,1772,2594,-1,2594,1772,1770,-1,2594,1770,2593,-1,2593,1770,1768,-1,2593,1768,2592,-1,2592,1768,1766,-1,2592,1766,2591,-1,2591,1766,1764,-1,2591,1764,2590,-1,2590,1764,1762,-1,2590,1762,2589,-1,2589,1762,1760,-1,2589,1760,2588,-1,2588,1760,1758,-1,2588,1758,2587,-1,2587,1758,1756,-1,2587,1756,2586,-1,2586,1756,1754,-1,2586,1754,2585,-1,2585,1754,1242,-1,2585,1242,2584,-1,2584,1242,1085,-1,2584,1085,1087,-1,924,923,1778,-1,1778,923,921,-1,1778,921,1779,-1,1779,921,919,-1,1779,919,916,-1,1082,1243,2598,-1,2598,1243,1755,-1,2598,1755,2599,-1,2599,1755,1757,-1,2599,1757,2600,-1,2600,1757,1759,-1,2600,1759,2601,-1,2601,1759,1761,-1,2601,1761,2602,-1,2602,1761,1763,-1,2602,1763,2603,-1,2603,1763,1765,-1,2603,1765,2604,-1,2604,1765,1767,-1,2604,1767,2605,-1,2605,1767,1769,-1,2605,1769,2606,-1,2606,1769,1771,-1,2606,1771,2607,-1,2607,1771,1773,-1,2607,1773,2608,-1,2608,1773,1775,-1,2608,1775,2609,-1,2609,1775,1777,-1,2609,1777,2610,-1,2610,1777,1779,-1,2610,1779,2611,-1,2611,1779,916,-1,2611,916,914,-1,914,1804,2611,-1,2611,1804,1802,-1,2611,1802,2610,-1,2610,1802,1800,-1,2610,1800,2609,-1,2609,1800,1798,-1,2609,1798,2608,-1,2608,1798,1796,-1,2608,1796,2607,-1,2607,1796,1794,-1,2607,1794,2606,-1,2606,1794,1792,-1,2606,1792,2605,-1,2605,1792,1790,-1,2605,1790,2604,-1,2604,1790,1788,-1,2604,1788,2603,-1,2603,1788,1786,-1,2603,1786,2602,-1,2602,1786,1784,-1,2602,1784,2601,-1,2601,1784,1782,-1,2601,1782,2600,-1,2600,1782,1780,-1,2600,1780,2599,-1,2599,1780,1244,-1,2599,1244,2598,-1,2598,1244,1083,-1,2598,1083,1082,-1,914,912,1804,-1,1804,912,911,-1,1804,911,1805,-1,1805,911,908,-1,1805,908,906,-1,906,1830,1805,-1,1805,1830,1828,-1,1805,1828,1803,-1,1803,1828,1826,-1,1803,1826,1801,-1,1801,1826,1824,-1,1801,1824,1799,-1,1799,1824,1822,-1,1799,1822,1797,-1,1797,1822,1820,-1,1797,1820,1795,-1,1795,1820,1818,-1,1795,1818,1793,-1,1793,1818,1816,-1,1793,1816,1791,-1,1791,1816,1814,-1,1791,1814,1789,-1,1789,1814,1812,-1,1789,1812,1787,-1,1787,1812,1810,-1,1787,1810,1785,-1,1785,1810,1808,-1,1785,1808,1783,-1,1783,1808,1806,-1,1783,1806,1781,-1,1781,1806,1246,-1,1781,1246,1245,-1,1245,1246,1076,-1,1245,1076,1075,-1,906,904,1830,-1,1830,904,902,-1,1830,902,1831,-1,1831,902,900,-1,1831,900,1844,-1,1844,900,899,-1,1844,899,896,-1,1071,1248,2612,-1,2612,1248,1832,-1,2612,1832,2613,-1,2613,1832,1833,-1,2613,1833,2614,-1,2614,1833,1834,-1,2614,1834,2615,-1,2615,1834,1835,-1,2615,1835,2616,-1,2616,1835,1836,-1,2616,1836,2617,-1,2617,1836,1837,-1,2617,1837,2618,-1,2618,1837,1838,-1,2618,1838,2619,-1,2619,1838,1839,-1,2619,1839,2620,-1,2620,1839,1840,-1,2620,1840,2621,-1,2621,1840,1841,-1,2621,1841,2622,-1,2622,1841,1842,-1,2622,1842,2623,-1,2623,1842,1843,-1,2623,1843,2624,-1,2624,1843,1844,-1,2624,1844,2625,-1,2625,1844,896,-1,2625,896,894,-1,894,1869,2625,-1,2625,1869,1867,-1,2625,1867,2624,-1,2624,1867,1865,-1,2624,1865,2623,-1,2623,1865,1863,-1,2623,1863,2622,-1,2622,1863,1861,-1,2622,1861,2621,-1,2621,1861,1859,-1,2621,1859,2620,-1,2620,1859,1857,-1,2620,1857,2619,-1,2619,1857,1855,-1,2619,1855,2618,-1,2618,1855,1853,-1,2618,1853,2617,-1,2617,1853,1851,-1,2617,1851,2616,-1,2616,1851,1849,-1,2616,1849,2615,-1,2615,1849,1847,-1,2615,1847,2614,-1,2614,1847,1845,-1,2614,1845,2613,-1,2613,1845,1249,-1,2613,1249,2612,-1,2612,1249,1072,-1,2612,1072,1071,-1,894,892,1869,-1,1869,892,891,-1,1869,891,1870,-1,1870,891,889,-1,1870,889,886,-1,1065,1250,2626,-1,2626,1250,1846,-1,2626,1846,2627,-1,2627,1846,1848,-1,2627,1848,2628,-1,2628,1848,1850,-1,2628,1850,2629,-1,2629,1850,1852,-1,2629,1852,2630,-1,2630,1852,1854,-1,2630,1854,2631,-1,2631,1854,1856,-1,2631,1856,2632,-1,2632,1856,1858,-1,2632,1858,2633,-1,2633,1858,1860,-1,2633,1860,2634,-1,2634,1860,1862,-1,2634,1862,2635,-1,2635,1862,1864,-1,2635,1864,2636,-1,2636,1864,1866,-1,2636,1866,2637,-1,2637,1866,1868,-1,2637,1868,2638,-1,2638,1868,1870,-1,2638,1870,2639,-1,2639,1870,886,-1,2639,886,884,-1,884,1895,2639,-1,2639,1895,1893,-1,2639,1893,2638,-1,2638,1893,1891,-1,2638,1891,2637,-1,2637,1891,1889,-1,2637,1889,2636,-1,2636,1889,1887,-1,2636,1887,2635,-1,2635,1887,1885,-1,2635,1885,2634,-1,2634,1885,1883,-1,2634,1883,2633,-1,2633,1883,1881,-1,2633,1881,2632,-1,2632,1881,1879,-1,2632,1879,2631,-1,2631,1879,1877,-1,2631,1877,2630,-1,2630,1877,1875,-1,2630,1875,2629,-1,2629,1875,1873,-1,2629,1873,2628,-1,2628,1873,1871,-1,2628,1871,2627,-1,2627,1871,1251,-1,2627,1251,2626,-1,2626,1251,1062,-1,2626,1062,1065,-1,884,882,1895,-1,1895,882,880,-1,1895,880,1896,-1,1896,880,879,-1,1896,879,876,-1,1055,1252,2640,-1,2640,1252,1872,-1,2640,1872,2641,-1,2641,1872,1874,-1,2641,1874,2642,-1,2642,1874,1876,-1,2642,1876,2643,-1,2643,1876,1878,-1,2643,1878,2644,-1,2644,1878,1880,-1,2644,1880,2645,-1,2645,1880,1882,-1,2645,1882,2646,-1,2646,1882,1884,-1,2646,1884,2647,-1,2647,1884,1886,-1,2647,1886,2648,-1,2648,1886,1888,-1,2648,1888,2649,-1,2649,1888,1890,-1,2649,1890,2650,-1,2650,1890,1892,-1,2650,1892,2651,-1,2651,1892,1894,-1,2651,1894,2652,-1,2652,1894,1896,-1,2652,1896,2653,-1,2653,1896,876,-1,2653,876,874,-1,874,1921,2653,-1,2653,1921,1919,-1,2653,1919,2652,-1,2652,1919,1917,-1,2652,1917,2651,-1,2651,1917,1915,-1,2651,1915,2650,-1,2650,1915,1913,-1,2650,1913,2649,-1,2649,1913,1911,-1,2649,1911,2648,-1,2648,1911,1909,-1,2648,1909,2647,-1,2647,1909,1907,-1,2647,1907,2646,-1,2646,1907,1905,-1,2646,1905,2645,-1,2645,1905,1903,-1,2645,1903,2644,-1,2644,1903,1901,-1,2644,1901,2643,-1,2643,1901,1899,-1,2643,1899,2642,-1,2642,1899,1897,-1,2642,1897,2641,-1,2641,1897,1253,-1,2641,1253,2640,-1,2640,1253,1053,-1,2640,1053,1055,-1,874,872,1921,-1,1921,872,871,-1,1921,871,1922,-1,1922,871,869,-1,1922,869,866,-1,1045,1254,2654,-1,2654,1254,1898,-1,2654,1898,2655,-1,2655,1898,1900,-1,2655,1900,2656,-1,2656,1900,1902,-1,2656,1902,2657,-1,2657,1902,1904,-1,2657,1904,2658,-1,2658,1904,1906,-1,2658,1906,2659,-1,2659,1906,1908,-1,2659,1908,2660,-1,2660,1908,1910,-1,2660,1910,2661,-1,2661,1910,1912,-1,2661,1912,2662,-1,2662,1912,1914,-1,2662,1914,2663,-1,2663,1914,1916,-1,2663,1916,2664,-1,2664,1916,1918,-1,2664,1918,2665,-1,2665,1918,1920,-1,2665,1920,2666,-1,2666,1920,1922,-1,2666,1922,2667,-1,2667,1922,866,-1,2667,866,864,-1,864,1947,2667,-1,2667,1947,1945,-1,2667,1945,2666,-1,2666,1945,1943,-1,2666,1943,2665,-1,2665,1943,1941,-1,2665,1941,2664,-1,2664,1941,1939,-1,2664,1939,2663,-1,2663,1939,1937,-1,2663,1937,2662,-1,2662,1937,1935,-1,2662,1935,2661,-1,2661,1935,1933,-1,2661,1933,2660,-1,2660,1933,1931,-1,2660,1931,2659,-1,2659,1931,1929,-1,2659,1929,2658,-1,2658,1929,1927,-1,2658,1927,2657,-1,2657,1927,1925,-1,2657,1925,2656,-1,2656,1925,1923,-1,2656,1923,2655,-1,2655,1923,1255,-1,2655,1255,2654,-1,2654,1255,1043,-1,2654,1043,1045,-1,864,862,1947,-1,1947,862,861,-1,1947,861,1948,-1,1948,861,858,-1,1948,858,856,-1,1034,1256,2668,-1,2668,1256,1924,-1,2668,1924,2669,-1,2669,1924,1926,-1,2669,1926,2670,-1,2670,1926,1928,-1,2670,1928,2671,-1,2671,1928,1930,-1,2671,1930,2672,-1,2672,1930,1932,-1,2672,1932,2673,-1,2673,1932,1934,-1,2673,1934,2674,-1,2674,1934,1936,-1,2674,1936,2675,-1,2675,1936,1938,-1,2675,1938,2676,-1,2676,1938,1940,-1,2676,1940,2677,-1,2677,1940,1942,-1,2677,1942,2678,-1,2678,1942,1944,-1,2678,1944,2679,-1,2679,1944,1946,-1,2679,1946,2680,-1,2680,1946,1948,-1,2680,1948,2681,-1,2681,1948,856,-1,2681,856,854,-1,854,1973,2681,-1,2681,1973,1971,-1,2681,1971,2680,-1,2680,1971,1969,-1,2680,1969,2679,-1,2679,1969,1967,-1,2679,1967,2678,-1,2678,1967,1965,-1,2678,1965,2677,-1,2677,1965,1963,-1,2677,1963,2676,-1,2676,1963,1961,-1,2676,1961,2675,-1,2675,1961,1959,-1,2675,1959,2674,-1,2674,1959,1957,-1,2674,1957,2673,-1,2673,1957,1955,-1,2673,1955,2672,-1,2672,1955,1953,-1,2672,1953,2671,-1,2671,1953,1951,-1,2671,1951,2670,-1,2670,1951,1949,-1,2670,1949,2669,-1,2669,1949,1257,-1,2669,1257,2668,-1,2668,1257,1036,-1,2668,1036,1034,-1,854,852,1973,-1,1973,852,851,-1,1973,851,1974,-1,1974,851,849,-1,1974,849,846,-1,1025,1258,2682,-1,2682,1258,1950,-1,2682,1950,2683,-1,2683,1950,1952,-1,2683,1952,2684,-1,2684,1952,1954,-1,2684,1954,2685,-1,2685,1954,1956,-1,2685,1956,2686,-1,2686,1956,1958,-1,2686,1958,2687,-1,2687,1958,1960,-1,2687,1960,2688,-1,2688,1960,1962,-1,2688,1962,2689,-1,2689,1962,1964,-1,2689,1964,2690,-1,2690,1964,1966,-1,2690,1966,2691,-1,2691,1966,1968,-1,2691,1968,2692,-1,2692,1968,1970,-1,2692,1970,2693,-1,2693,1970,1972,-1,2693,1972,2694,-1,2694,1972,1974,-1,2694,1974,2695,-1,2695,1974,846,-1,2695,846,844,-1,844,1999,2695,-1,2695,1999,1997,-1,2695,1997,2694,-1,2694,1997,1995,-1,2694,1995,2693,-1,2693,1995,1993,-1,2693,1993,2692,-1,2692,1993,1991,-1,2692,1991,2691,-1,2691,1991,1989,-1,2691,1989,2690,-1,2690,1989,1987,-1,2690,1987,2689,-1,2689,1987,1985,-1,2689,1985,2688,-1,2688,1985,1983,-1,2688,1983,2687,-1,2687,1983,1981,-1,2687,1981,2686,-1,2686,1981,1979,-1,2686,1979,2685,-1,2685,1979,1977,-1,2685,1977,2684,-1,2684,1977,1975,-1,2684,1975,2683,-1,2683,1975,1259,-1,2683,1259,2682,-1,2682,1259,1023,-1,2682,1023,1025,-1,844,842,1999,-1,1999,842,841,-1,1999,841,2000,-1,2000,841,839,-1,2000,839,837,-1,1014,1260,2696,-1,2696,1260,1976,-1,2696,1976,2697,-1,2697,1976,1978,-1,2697,1978,2698,-1,2698,1978,1980,-1,2698,1980,2699,-1,2699,1980,1982,-1,2699,1982,2700,-1,2700,1982,1984,-1,2700,1984,2701,-1,2701,1984,1986,-1,2701,1986,2702,-1,2702,1986,1988,-1,2702,1988,2703,-1,2703,1988,1990,-1,2703,1990,2704,-1,2704,1990,1992,-1,2704,1992,2705,-1,2705,1992,1994,-1,2705,1994,2706,-1,2706,1994,1996,-1,2706,1996,2707,-1,2707,1996,1998,-1,2707,1998,2708,-1,2708,1998,2000,-1,2708,2000,2709,-1,2709,2000,837,-1,2709,837,834,-1,834,2025,2709,-1,2709,2025,2023,-1,2709,2023,2708,-1,2708,2023,2021,-1,2708,2021,2707,-1,2707,2021,2019,-1,2707,2019,2706,-1,2706,2019,2017,-1,2706,2017,2705,-1,2705,2017,2015,-1,2705,2015,2704,-1,2704,2015,2013,-1,2704,2013,2703,-1,2703,2013,2011,-1,2703,2011,2702,-1,2702,2011,2009,-1,2702,2009,2701,-1,2701,2009,2007,-1,2701,2007,2700,-1,2700,2007,2005,-1,2700,2005,2699,-1,2699,2005,2003,-1,2699,2003,2698,-1,2698,2003,2001,-1,2698,2001,2697,-1,2697,2001,1261,-1,2697,1261,2696,-1,2696,1261,1016,-1,2696,1016,1014,-1,834,832,2025,-1,2025,832,830,-1,2025,830,2026,-1,2026,830,829,-1,2026,829,819,-1,1002,1262,2710,-1,2710,1262,2002,-1,2710,2002,2711,-1,2711,2002,2004,-1,2711,2004,2712,-1,2712,2004,2006,-1,2712,2006,2713,-1,2713,2006,2008,-1,2713,2008,2714,-1,2714,2008,2010,-1,2714,2010,2715,-1,2715,2010,2012,-1,2715,2012,2716,-1,2716,2012,2014,-1,2716,2014,2717,-1,2717,2014,2016,-1,2717,2016,2718,-1,2718,2016,2018,-1,2718,2018,2719,-1,2719,2018,2020,-1,2719,2020,2720,-1,2720,2020,2022,-1,2720,2022,2721,-1,2721,2022,2024,-1,2721,2024,2722,-1,2722,2024,2026,-1,2722,2026,2723,-1,2723,2026,819,-1,2723,819,821,-1,821,2051,2723,-1,2723,2051,2049,-1,2723,2049,2722,-1,2722,2049,2047,-1,2722,2047,2721,-1,2721,2047,2045,-1,2721,2045,2720,-1,2720,2045,2043,-1,2720,2043,2719,-1,2719,2043,2041,-1,2719,2041,2718,-1,2718,2041,2039,-1,2718,2039,2717,-1,2717,2039,2037,-1,2717,2037,2716,-1,2716,2037,2035,-1,2716,2035,2715,-1,2715,2035,2033,-1,2715,2033,2714,-1,2714,2033,2031,-1,2714,2031,2713,-1,2713,2031,2029,-1,2713,2029,2712,-1,2712,2029,2027,-1,2712,2027,2711,-1,2711,2027,1263,-1,2711,1263,2710,-1,2710,1263,1000,-1,2710,1000,1002,-1,821,823,2051,-1,2051,823,825,-1,2051,825,2052,-1,2052,825,827,-1,2052,827,828,-1,995,1264,1173,-1,1173,1264,2028,-1,1173,2028,2724,-1,2724,2028,2030,-1,2724,2030,2725,-1,2725,2030,2032,-1,2725,2032,2726,-1,2726,2032,2034,-1,2726,2034,2727,-1,2727,2034,2036,-1,2727,2036,2728,-1,2728,2036,2038,-1,2728,2038,2729,-1,2729,2038,2040,-1,2729,2040,2730,-1,2730,2040,2042,-1,2730,2042,2731,-1,2731,2042,2044,-1,2731,2044,2732,-1,2732,2044,2046,-1,2732,2046,2733,-1,2733,2046,2048,-1,2733,2048,2734,-1,2734,2048,2050,-1,2734,2050,2735,-1,2735,2050,2052,-1,2735,2052,2736,-1,2736,2052,828,-1,2736,828,814,-1,993,1173,1265,-1,1265,1173,2724,-1,1265,2724,2737,-1,2737,2724,2725,-1,2737,2725,2738,-1,2738,2725,2726,-1,2738,2726,2739,-1,2739,2726,2727,-1,2739,2727,2740,-1,2740,2727,2728,-1,2740,2728,2741,-1,2741,2728,2729,-1,2741,2729,2742,-1,2742,2729,2730,-1,2742,2730,2743,-1,2743,2730,2731,-1,2743,2731,2744,-1,2744,2731,2732,-1,2744,2732,2745,-1,2745,2732,2733,-1,2745,2733,2746,-1,2746,2733,2734,-1,2746,2734,2747,-1,2747,2734,2735,-1,2747,2735,2748,-1,2748,2735,2736,-1,2748,2736,1139,-1,1139,2736,814,-1,1139,814,812,-1,810,2077,1139,-1,1139,2077,2075,-1,1139,2075,2748,-1,2748,2075,2073,-1,2748,2073,2747,-1,2747,2073,2071,-1,2747,2071,2746,-1,2746,2071,2069,-1,2746,2069,2745,-1,2745,2069,2067,-1,2745,2067,2744,-1,2744,2067,2065,-1,2744,2065,2743,-1,2743,2065,2063,-1,2743,2063,2742,-1,2742,2063,2061,-1,2742,2061,2741,-1,2741,2061,2059,-1,2741,2059,2740,-1,2740,2059,2057,-1,2740,2057,2739,-1,2739,2057,2055,-1,2739,2055,2738,-1,2738,2055,2053,-1,2738,2053,2737,-1,2737,2053,1266,-1,2737,1266,1265,-1,1265,1266,989,-1,1265,989,991,-1,983,1172,1267,-1,1267,1172,2054,-1,1267,2054,2749,-1,2749,2054,2056,-1,2749,2056,2750,-1,2750,2056,2058,-1,2750,2058,2751,-1,2751,2058,2060,-1,2751,2060,2752,-1,2752,2060,2062,-1,2752,2062,2753,-1,2753,2062,2064,-1,2753,2064,2754,-1,2754,2064,2066,-1,2754,2066,2755,-1,2755,2066,2068,-1,2755,2068,2756,-1,2756,2068,2070,-1,2756,2070,2757,-1,2757,2070,2072,-1,2757,2072,2758,-1,2758,2072,2074,-1,2758,2074,2759,-1,2759,2074,2076,-1,2759,2076,2760,-1,2760,2076,2078,-1,2760,2078,2761,-1,2761,2078,803,-1,2761,803,805,-1,810,809,2077,-1,2077,809,799,-1,2077,799,2078,-1,2078,799,801,-1,2078,801,803,-1,805,2103,2761,-1,2761,2103,2101,-1,2761,2101,2760,-1,2760,2101,2099,-1,2760,2099,2759,-1,2759,2099,2097,-1,2759,2097,2758,-1,2758,2097,2095,-1,2758,2095,2757,-1,2757,2095,2093,-1,2757,2093,2756,-1,2756,2093,2091,-1,2756,2091,2755,-1,2755,2091,2089,-1,2755,2089,2754,-1,2754,2089,2087,-1,2754,2087,2753,-1,2753,2087,2085,-1,2753,2085,2752,-1,2752,2085,2083,-1,2752,2083,2751,-1,2751,2083,2081,-1,2751,2081,2750,-1,2750,2081,2079,-1,2750,2079,2749,-1,2749,2079,1268,-1,2749,1268,1267,-1,1267,1268,708,-1,1267,708,707,-1,977,1171,1269,-1,1269,1171,2080,-1,1269,2080,2762,-1,2762,2080,2082,-1,2762,2082,2763,-1,2763,2082,2084,-1,2763,2084,2764,-1,2764,2084,2086,-1,2764,2086,2765,-1,2765,2086,2088,-1,2765,2088,2766,-1,2766,2088,2090,-1,2766,2090,2767,-1,2767,2090,2092,-1,2767,2092,2768,-1,2768,2092,2094,-1,2768,2094,2769,-1,2769,2094,2096,-1,2769,2096,2770,-1,2770,2096,2098,-1,2770,2098,2771,-1,2771,2098,2100,-1,2771,2100,2772,-1,2772,2100,2102,-1,2772,2102,2773,-1,2773,2102,2104,-1,2773,2104,2774,-1,2774,2104,789,-1,2774,789,787,-1,805,807,2103,-1,2103,807,808,-1,2103,808,2104,-1,2104,808,795,-1,2104,795,789,-1,787,2129,2774,-1,2774,2129,2127,-1,2774,2127,2773,-1,2773,2127,2125,-1,2773,2125,2772,-1,2772,2125,2123,-1,2772,2123,2771,-1,2771,2123,2121,-1,2771,2121,2770,-1,2770,2121,2119,-1,2770,2119,2769,-1,2769,2119,2117,-1,2769,2117,2768,-1,2768,2117,2115,-1,2768,2115,2767,-1,2767,2115,2113,-1,2767,2113,2766,-1,2766,2113,2111,-1,2766,2111,2765,-1,2765,2111,2109,-1,2765,2109,2764,-1,2764,2109,2107,-1,2764,2107,2763,-1,2763,2107,2105,-1,2763,2105,2762,-1,2762,2105,1270,-1,2762,1270,1269,-1,1269,1270,973,-1,1269,973,975,-1,967,1170,1271,-1,1271,1170,2106,-1,1271,2106,2775,-1,2775,2106,2108,-1,2775,2108,2776,-1,2776,2108,2110,-1,2776,2110,2777,-1,2777,2110,2112,-1,2777,2112,2778,-1,2778,2112,2114,-1,2778,2114,2779,-1,2779,2114,2116,-1,2779,2116,2780,-1,2780,2116,2118,-1,2780,2118,2781,-1,2781,2118,2120,-1,2781,2120,2782,-1,2782,2120,2122,-1,2782,2122,2783,-1,2783,2122,2124,-1,2783,2124,2784,-1,2784,2124,2126,-1,2784,2126,2785,-1,2785,2126,2128,-1,2785,2128,2786,-1,2786,2128,2130,-1,2786,2130,2787,-1,2787,2130,782,-1,2787,782,780,-1,787,793,2129,-1,2129,793,792,-1,2129,792,2130,-1,2130,792,784,-1,2130,784,782,-1,780,2155,2787,-1,2787,2155,2153,-1,2787,2153,2786,-1,2786,2153,2151,-1,2786,2151,2785,-1,2785,2151,2149,-1,2785,2149,2784,-1,2784,2149,2147,-1,2784,2147,2783,-1,2783,2147,2145,-1,2783,2145,2782,-1,2782,2145,2143,-1,2782,2143,2781,-1,2781,2143,2141,-1,2781,2141,2780,-1,2780,2141,2139,-1,2780,2139,2779,-1,2779,2139,2137,-1,2779,2137,2778,-1,2778,2137,2135,-1,2778,2135,2777,-1,2777,2135,2133,-1,2777,2133,2776,-1,2776,2133,2131,-1,2776,2131,2775,-1,2775,2131,1272,-1,2775,1272,1271,-1,1271,1272,712,-1,1271,712,711,-1,960,1169,1273,-1,1273,1169,2132,-1,1273,2132,2788,-1,2788,2132,2134,-1,2788,2134,2789,-1,2789,2134,2136,-1,2789,2136,2790,-1,2790,2136,2138,-1,2790,2138,2791,-1,2791,2138,2140,-1,2791,2140,2792,-1,2792,2140,2142,-1,2792,2142,2793,-1,2793,2142,2144,-1,2793,2144,2794,-1,2794,2144,2146,-1,2794,2146,2795,-1,2795,2146,2148,-1,2795,2148,2796,-1,2796,2148,2150,-1,2796,2150,2797,-1,2797,2150,2152,-1,2797,2152,2798,-1,2798,2152,2154,-1,2798,2154,2799,-1,2799,2154,2156,-1,2799,2156,2800,-1,2800,2156,769,-1,2800,769,767,-1,780,778,2155,-1,2155,778,777,-1,2155,777,2156,-1,2156,777,775,-1,2156,775,769,-1,767,2181,2800,-1,2800,2181,2179,-1,2800,2179,2799,-1,2799,2179,2177,-1,2799,2177,2798,-1,2798,2177,2175,-1,2798,2175,2797,-1,2797,2175,2173,-1,2797,2173,2796,-1,2796,2173,2171,-1,2796,2171,2795,-1,2795,2171,2169,-1,2795,2169,2794,-1,2794,2169,2167,-1,2794,2167,2793,-1,2793,2167,2165,-1,2793,2165,2792,-1,2792,2165,2163,-1,2792,2163,2791,-1,2791,2163,2161,-1,2791,2161,2790,-1,2790,2161,2159,-1,2790,2159,2789,-1,2789,2159,2157,-1,2789,2157,2788,-1,2788,2157,1274,-1,2788,1274,1273,-1,1273,1274,957,-1,1273,957,958,-1,951,1168,1275,-1,1275,1168,2158,-1,1275,2158,2801,-1,2801,2158,2160,-1,2801,2160,2802,-1,2802,2160,2162,-1,2802,2162,2803,-1,2803,2162,2164,-1,2803,2164,2804,-1,2804,2164,2166,-1,2804,2166,2805,-1,2805,2166,2168,-1,2805,2168,2806,-1,2806,2168,2170,-1,2806,2170,2807,-1,2807,2170,2172,-1,2807,2172,2808,-1,2808,2172,2174,-1,2808,2174,2809,-1,2809,2174,2176,-1,2809,2176,2810,-1,2810,2176,2178,-1,2810,2178,2811,-1,2811,2178,2180,-1,2811,2180,2812,-1,2812,2180,2182,-1,2812,2182,2813,-1,2813,2182,762,-1,2813,762,760,-1,767,773,2181,-1,2181,773,772,-1,2181,772,2182,-1,2182,772,764,-1,2182,764,762,-1,760,2207,2813,-1,2813,2207,2205,-1,2813,2205,2812,-1,2812,2205,2203,-1,2812,2203,2811,-1,2811,2203,2201,-1,2811,2201,2810,-1,2810,2201,2199,-1,2810,2199,2809,-1,2809,2199,2197,-1,2809,2197,2808,-1,2808,2197,2195,-1,2808,2195,2807,-1,2807,2195,2193,-1,2807,2193,2806,-1,2806,2193,2191,-1,2806,2191,2805,-1,2805,2191,2189,-1,2805,2189,2804,-1,2804,2189,2187,-1,2804,2187,2803,-1,2803,2187,2185,-1,2803,2185,2802,-1,2802,2185,2183,-1,2802,2183,2801,-1,2801,2183,1276,-1,2801,1276,1275,-1,1275,1276,716,-1,1275,716,715,-1,944,1167,1277,-1,1277,1167,2184,-1,1277,2184,2814,-1,2814,2184,2186,-1,2814,2186,2815,-1,2815,2186,2188,-1,2815,2188,2816,-1,2816,2188,2190,-1,2816,2190,2817,-1,2817,2190,2192,-1,2817,2192,2818,-1,2818,2192,2194,-1,2818,2194,2819,-1,2819,2194,2196,-1,2819,2196,2820,-1,2820,2196,2198,-1,2820,2198,2821,-1,2821,2198,2200,-1,2821,2200,2822,-1,2822,2200,2202,-1,2822,2202,2823,-1,2823,2202,2204,-1,2823,2204,2824,-1,2824,2204,2206,-1,2824,2206,2825,-1,2825,2206,2208,-1,2825,2208,2826,-1,2826,2208,752,-1,2826,752,750,-1,760,758,2207,-1,2207,758,756,-1,2207,756,2208,-1,2208,756,754,-1,2208,754,752,-1,750,2233,2826,-1,2826,2233,2231,-1,2826,2231,2825,-1,2825,2231,2229,-1,2825,2229,2824,-1,2824,2229,2227,-1,2824,2227,2823,-1,2823,2227,2225,-1,2823,2225,2822,-1,2822,2225,2223,-1,2822,2223,2821,-1,2821,2223,2221,-1,2821,2221,2820,-1,2820,2221,2219,-1,2820,2219,2819,-1,2819,2219,2217,-1,2819,2217,2818,-1,2818,2217,2215,-1,2818,2215,2817,-1,2817,2215,2213,-1,2817,2213,2816,-1,2816,2213,2211,-1,2816,2211,2815,-1,2815,2211,2209,-1,2815,2209,2814,-1,2814,2209,1278,-1,2814,1278,1277,-1,1277,1278,941,-1,1277,941,942,-1,935,1166,1279,-1,1279,1166,2210,-1,1279,2210,2827,-1,2827,2210,2212,-1,2827,2212,2828,-1,2828,2212,2214,-1,2828,2214,2829,-1,2829,2214,2216,-1,2829,2216,2830,-1,2830,2216,2218,-1,2830,2218,2831,-1,2831,2218,2220,-1,2831,2220,2832,-1,2832,2220,2222,-1,2832,2222,2833,-1,2833,2222,2224,-1,2833,2224,2834,-1,2834,2224,2226,-1,2834,2226,2835,-1,2835,2226,2228,-1,2835,2228,2836,-1,2836,2228,2230,-1,2836,2230,2837,-1,2837,2230,2232,-1,2837,2232,2838,-1,2838,2232,2234,-1,2838,2234,2839,-1,2839,2234,746,-1,2839,746,744,-1,750,749,2233,-1,2233,749,721,-1,2233,721,2234,-1,2234,721,722,-1,2234,722,746,-1,744,2259,2839,-1,2839,2259,2257,-1,2839,2257,2838,-1,2838,2257,2255,-1,2838,2255,2837,-1,2837,2255,2253,-1,2837,2253,2836,-1,2836,2253,2251,-1,2836,2251,2835,-1,2835,2251,2249,-1,2835,2249,2834,-1,2834,2249,2247,-1,2834,2247,2833,-1,2833,2247,2245,-1,2833,2245,2832,-1,2832,2245,2243,-1,2832,2243,2831,-1,2831,2243,2241,-1,2831,2241,2830,-1,2830,2241,2239,-1,2830,2239,2829,-1,2829,2239,2237,-1,2829,2237,2828,-1,2828,2237,2235,-1,2828,2235,2827,-1,2827,2235,1280,-1,2827,1280,1279,-1,1279,1280,930,-1,1279,930,933,-1,925,1165,1281,-1,1281,1165,2236,-1,1281,2236,2840,-1,2840,2236,2238,-1,2840,2238,2841,-1,2841,2238,2240,-1,2841,2240,2842,-1,2842,2240,2242,-1,2842,2242,2843,-1,2843,2242,2244,-1,2843,2244,2844,-1,2844,2244,2246,-1,2844,2246,2845,-1,2845,2246,2248,-1,2845,2248,2846,-1,2846,2248,2250,-1,2846,2250,2847,-1,2847,2250,2252,-1,2847,2252,2848,-1,2848,2252,2254,-1,2848,2254,2849,-1,2849,2254,2256,-1,2849,2256,2850,-1,2850,2256,2258,-1,2850,2258,2851,-1,2851,2258,2260,-1,2851,2260,2852,-1,2852,2260,736,-1,2852,736,734,-1,744,742,2259,-1,2259,742,740,-1,2259,740,2260,-1,2260,740,738,-1,2260,738,736,-1,734,2285,2852,-1,2852,2285,2283,-1,2852,2283,2851,-1,2851,2283,2281,-1,2851,2281,2850,-1,2850,2281,2279,-1,2850,2279,2849,-1,2849,2279,2277,-1,2849,2277,2848,-1,2848,2277,2275,-1,2848,2275,2847,-1,2847,2275,2273,-1,2847,2273,2846,-1,2846,2273,2271,-1,2846,2271,2845,-1,2845,2271,2269,-1,2845,2269,2844,-1,2844,2269,2267,-1,2844,2267,2843,-1,2843,2267,2265,-1,2843,2265,2842,-1,2842,2265,2263,-1,2842,2263,2841,-1,2841,2263,2261,-1,2841,2261,2840,-1,2840,2261,1282,-1,2840,1282,1281,-1,1281,1282,920,-1,1281,920,922,-1,915,1164,1283,-1,1283,1164,2262,-1,1283,2262,2853,-1,2853,2262,2264,-1,2853,2264,2854,-1,2854,2264,2266,-1,2854,2266,2855,-1,2855,2266,2268,-1,2855,2268,2856,-1,2856,2268,2270,-1,2856,2270,2857,-1,2857,2270,2272,-1,2857,2272,2858,-1,2858,2272,2274,-1,2858,2274,2859,-1,2859,2274,2276,-1,2859,2276,2860,-1,2860,2276,2278,-1,2860,2278,2861,-1,2861,2278,2280,-1,2861,2280,2862,-1,2862,2280,2282,-1,2862,2282,2863,-1,2863,2282,2284,-1,2863,2284,2864,-1,2864,2284,2286,-1,2864,2286,2865,-1,2865,2286,730,-1,2865,730,728,-1,734,733,2285,-1,2285,733,725,-1,2285,725,2286,-1,2286,725,726,-1,2286,726,730,-1,728,2311,2865,-1,2865,2311,2309,-1,2865,2309,2864,-1,2864,2309,2307,-1,2864,2307,2863,-1,2863,2307,2305,-1,2863,2305,2862,-1,2862,2305,2303,-1,2862,2303,2861,-1,2861,2303,2301,-1,2861,2301,2860,-1,2860,2301,2299,-1,2860,2299,2859,-1,2859,2299,2297,-1,2859,2297,2858,-1,2858,2297,2295,-1,2858,2295,2857,-1,2857,2295,2293,-1,2857,2293,2856,-1,2856,2293,2291,-1,2856,2291,2855,-1,2855,2291,2289,-1,2855,2289,2854,-1,2854,2289,2287,-1,2854,2287,2853,-1,2853,2287,1284,-1,2853,1284,1283,-1,1283,1284,910,-1,1283,910,913,-1,905,1163,1285,-1,1285,1163,2288,-1,1285,2288,2866,-1,2866,2288,2290,-1,2866,2290,2867,-1,2867,2290,2292,-1,2867,2292,2868,-1,2868,2292,2294,-1,2868,2294,2869,-1,2869,2294,2296,-1,2869,2296,2870,-1,2870,2296,2298,-1,2870,2298,2871,-1,2871,2298,2300,-1,2871,2300,2872,-1,2872,2300,2302,-1,2872,2302,2873,-1,2873,2302,2304,-1,2873,2304,2874,-1,2874,2304,2306,-1,2874,2306,2875,-1,2875,2306,2308,-1,2875,2308,2876,-1,2876,2308,2310,-1,2876,2310,2877,-1,2877,2310,2312,-1,2877,2312,2878,-1,2878,2312,1107,-1,2878,1107,1108,-1,728,727,2311,-1,2311,727,1105,-1,2311,1105,2312,-1,2312,1105,1106,-1,2312,1106,1107,-1,1108,2337,2878,-1,2878,2337,2335,-1,2878,2335,2877,-1,2877,2335,2333,-1,2877,2333,2876,-1,2876,2333,2331,-1,2876,2331,2875,-1,2875,2331,2329,-1,2875,2329,2874,-1,2874,2329,2327,-1,2874,2327,2873,-1,2873,2327,2325,-1,2873,2325,2872,-1,2872,2325,2323,-1,2872,2323,2871,-1,2871,2323,2321,-1,2871,2321,2870,-1,2870,2321,2319,-1,2870,2319,2869,-1,2869,2319,2317,-1,2869,2317,2868,-1,2868,2317,2315,-1,2868,2315,2867,-1,2867,2315,2313,-1,2867,2313,2866,-1,2866,2313,1286,-1,2866,1286,1285,-1,1285,1286,901,-1,1285,901,903,-1,895,1162,1287,-1,1287,1162,2314,-1,1287,2314,2879,-1,2879,2314,2316,-1,2879,2316,2880,-1,2880,2316,2318,-1,2880,2318,2881,-1,2881,2318,2320,-1,2881,2320,2882,-1,2882,2320,2322,-1,2882,2322,2883,-1,2883,2322,2324,-1,2883,2324,2884,-1,2884,2324,2326,-1,2884,2326,2885,-1,2885,2326,2328,-1,2885,2328,2886,-1,2886,2328,2330,-1,2886,2330,2887,-1,2887,2330,2332,-1,2887,2332,2888,-1,2888,2332,2334,-1,2888,2334,2889,-1,2889,2334,2336,-1,2889,2336,2890,-1,2890,2336,2338,-1,2890,2338,2891,-1,2891,2338,706,-1,2891,706,705,-1,1108,1109,2337,-1,2337,1109,1110,-1,2337,1110,2338,-1,2338,1110,1111,-1,2338,1111,706,-1,705,2363,2891,-1,2891,2363,2361,-1,2891,2361,2890,-1,2890,2361,2359,-1,2890,2359,2889,-1,2889,2359,2357,-1,2889,2357,2888,-1,2888,2357,2355,-1,2888,2355,2887,-1,2887,2355,2353,-1,2887,2353,2886,-1,2886,2353,2351,-1,2886,2351,2885,-1,2885,2351,2349,-1,2885,2349,2884,-1,2884,2349,2347,-1,2884,2347,2883,-1,2883,2347,2345,-1,2883,2345,2882,-1,2882,2345,2343,-1,2882,2343,2881,-1,2881,2343,2341,-1,2881,2341,2880,-1,2880,2341,2339,-1,2880,2339,2879,-1,2879,2339,1288,-1,2879,1288,1287,-1,1287,1288,890,-1,1287,890,893,-1,885,1161,1289,-1,1289,1161,2340,-1,1289,2340,2892,-1,2892,2340,2342,-1,2892,2342,2893,-1,2893,2342,2344,-1,2893,2344,2894,-1,2894,2344,2346,-1,2894,2346,2895,-1,2895,2346,2348,-1,2895,2348,2896,-1,2896,2348,2350,-1,2896,2350,2897,-1,2897,2350,2352,-1,2897,2352,2898,-1,2898,2352,2354,-1,2898,2354,2899,-1,2899,2354,2356,-1,2899,2356,2900,-1,2900,2356,2358,-1,2900,2358,2901,-1,2901,2358,2360,-1,2901,2360,2902,-1,2902,2360,2362,-1,2902,2362,2903,-1,2903,2362,2364,-1,2903,2364,2904,-1,2904,2364,1114,-1,2904,1114,1117,-1,705,1112,2363,-1,2363,1112,1113,-1,2363,1113,2364,-1,2364,1113,1115,-1,2364,1115,1114,-1,1117,2389,2904,-1,2904,2389,2387,-1,2904,2387,2903,-1,2903,2387,2385,-1,2903,2385,2902,-1,2902,2385,2383,-1,2902,2383,2901,-1,2901,2383,2381,-1,2901,2381,2900,-1,2900,2381,2379,-1,2900,2379,2899,-1,2899,2379,2377,-1,2899,2377,2898,-1,2898,2377,2375,-1,2898,2375,2897,-1,2897,2375,2373,-1,2897,2373,2896,-1,2896,2373,2371,-1,2896,2371,2895,-1,2895,2371,2369,-1,2895,2369,2894,-1,2894,2369,2367,-1,2894,2367,2893,-1,2893,2367,2365,-1,2893,2365,2892,-1,2892,2365,1290,-1,2892,1290,1289,-1,1289,1290,881,-1,1289,881,883,-1,875,1160,1291,-1,1291,1160,2366,-1,1291,2366,2905,-1,2905,2366,2368,-1,2905,2368,2906,-1,2906,2368,2370,-1,2906,2370,2907,-1,2907,2370,2372,-1,2907,2372,2908,-1,2908,2372,2374,-1,2908,2374,2909,-1,2909,2374,2376,-1,2909,2376,2910,-1,2910,2376,2378,-1,2910,2378,2911,-1,2911,2378,2380,-1,2911,2380,2912,-1,2912,2380,2382,-1,2912,2382,2913,-1,2913,2382,2384,-1,2913,2384,2914,-1,2914,2384,2386,-1,2914,2386,2915,-1,2915,2386,2388,-1,2915,2388,2916,-1,2916,2388,2390,-1,2916,2390,2917,-1,2917,2390,1119,-1,2917,1119,1118,-1,1117,1116,2389,-1,2389,1116,1121,-1,2389,1121,2390,-1,2390,1121,1120,-1,2390,1120,1119,-1,1118,2415,2917,-1,2917,2415,2413,-1,2917,2413,2916,-1,2916,2413,2411,-1,2916,2411,2915,-1,2915,2411,2409,-1,2915,2409,2914,-1,2914,2409,2407,-1,2914,2407,2913,-1,2913,2407,2405,-1,2913,2405,2912,-1,2912,2405,2403,-1,2912,2403,2911,-1,2911,2403,2401,-1,2911,2401,2910,-1,2910,2401,2399,-1,2910,2399,2909,-1,2909,2399,2397,-1,2909,2397,2908,-1,2908,2397,2395,-1,2908,2395,2907,-1,2907,2395,2393,-1,2907,2393,2906,-1,2906,2393,2391,-1,2906,2391,2905,-1,2905,2391,1292,-1,2905,1292,1291,-1,1291,1292,870,-1,1291,870,873,-1,865,1159,1293,-1,1293,1159,2392,-1,1293,2392,2918,-1,2918,2392,2394,-1,2918,2394,2919,-1,2919,2394,2396,-1,2919,2396,2920,-1,2920,2396,2398,-1,2920,2398,2921,-1,2921,2398,2400,-1,2921,2400,2922,-1,2922,2400,2402,-1,2922,2402,2923,-1,2923,2402,2404,-1,2923,2404,2924,-1,2924,2404,2406,-1,2924,2406,2925,-1,2925,2406,2408,-1,2925,2408,2926,-1,2926,2408,2410,-1,2926,2410,2927,-1,2927,2410,2412,-1,2927,2412,2928,-1,2928,2412,2414,-1,2928,2414,2929,-1,2929,2414,2416,-1,2929,2416,2930,-1,2930,2416,1125,-1,2930,1125,1127,-1,1118,1122,2415,-1,2415,1122,1123,-1,2415,1123,2416,-1,2416,1123,1124,-1,2416,1124,1125,-1,1127,2441,2930,-1,2930,2441,2439,-1,2930,2439,2929,-1,2929,2439,2437,-1,2929,2437,2928,-1,2928,2437,2435,-1,2928,2435,2927,-1,2927,2435,2433,-1,2927,2433,2926,-1,2926,2433,2431,-1,2926,2431,2925,-1,2925,2431,2429,-1,2925,2429,2924,-1,2924,2429,2427,-1,2924,2427,2923,-1,2923,2427,2425,-1,2923,2425,2922,-1,2922,2425,2423,-1,2922,2423,2921,-1,2921,2423,2421,-1,2921,2421,2920,-1,2920,2421,2419,-1,2920,2419,2919,-1,2919,2419,2417,-1,2919,2417,2918,-1,2918,2417,1294,-1,2918,1294,1293,-1,1293,1294,860,-1,1293,860,863,-1,855,1158,1295,-1,1295,1158,2418,-1,1295,2418,2931,-1,2931,2418,2420,-1,2931,2420,2932,-1,2932,2420,2422,-1,2932,2422,2933,-1,2933,2422,2424,-1,2933,2424,2934,-1,2934,2424,2426,-1,2934,2426,2935,-1,2935,2426,2428,-1,2935,2428,2936,-1,2936,2428,2430,-1,2936,2430,2937,-1,2937,2430,2432,-1,2937,2432,2938,-1,2938,2432,2434,-1,2938,2434,2939,-1,2939,2434,2436,-1,2939,2436,2940,-1,2940,2436,2438,-1,2940,2438,2941,-1,2941,2438,2440,-1,2941,2440,2942,-1,2942,2440,2442,-1,2942,2442,2943,-1,2943,2442,1129,-1,2943,1129,1128,-1,1127,1126,2441,-1,2441,1126,1131,-1,2441,1131,2442,-1,2442,1131,1130,-1,2442,1130,1129,-1,1128,2467,2943,-1,2943,2467,2465,-1,2943,2465,2942,-1,2942,2465,2463,-1,2942,2463,2941,-1,2941,2463,2461,-1,2941,2461,2940,-1,2940,2461,2459,-1,2940,2459,2939,-1,2939,2459,2457,-1,2939,2457,2938,-1,2938,2457,2455,-1,2938,2455,2937,-1,2937,2455,2453,-1,2937,2453,2936,-1,2936,2453,2451,-1,2936,2451,2935,-1,2935,2451,2449,-1,2935,2449,2934,-1,2934,2449,2447,-1,2934,2447,2933,-1,2933,2447,2445,-1,2933,2445,2932,-1,2932,2445,2443,-1,2932,2443,2931,-1,2931,2443,1296,-1,2931,1296,1295,-1,1295,1296,850,-1,1295,850,853,-1,845,1157,1297,-1,1297,1157,2444,-1,1297,2444,2944,-1,2944,2444,2446,-1,2944,2446,2945,-1,2945,2446,2448,-1,2945,2448,2946,-1,2946,2448,2450,-1,2946,2450,2947,-1,2947,2450,2452,-1,2947,2452,2948,-1,2948,2452,2454,-1,2948,2454,2949,-1,2949,2454,2456,-1,2949,2456,2950,-1,2950,2456,2458,-1,2950,2458,2951,-1,2951,2458,2460,-1,2951,2460,2952,-1,2952,2460,2462,-1,2952,2462,2953,-1,2953,2462,2464,-1,2953,2464,2954,-1,2954,2464,2466,-1,2954,2466,2955,-1,2955,2466,2468,-1,2955,2468,2956,-1,2956,2468,1134,-1,2956,1134,1138,-1,1128,1132,2467,-1,2467,1132,1133,-1,2467,1133,2468,-1,2468,1133,1135,-1,2468,1135,1134,-1,840,1297,1298,-1,1298,1297,2944,-1,1298,2944,1516,-1,1516,2944,2945,-1,1516,2945,1515,-1,1515,2945,2946,-1,1515,2946,1514,-1,1514,2946,2947,-1,1514,2947,1513,-1,1513,2947,2948,-1,1513,2948,1512,-1,1512,2948,2949,-1,1512,2949,1511,-1,1511,2949,2950,-1,1511,2950,1510,-1,1510,2950,2951,-1,1510,2951,1509,-1,1509,2951,2952,-1,1509,2952,1508,-1,1508,2952,2953,-1,1508,2953,1507,-1,1507,2953,2954,-1,1507,2954,1506,-1,1506,2954,2955,-1,1506,2955,1505,-1,1505,2955,2956,-1,1505,2956,1181,-1,1181,2956,1138,-1,1181,1138,1137,-1,113,114,2957,-1,126,125,2958,-1,192,2959,2960,-1,191,193,2961,-1,199,208,2962,-1,2959,2963,2964,-1,2963,2965,2966,-1,2965,2967,2968,-1,2969,2970,2971,-1,2967,2972,2973,-1,697,698,2974,-1,692,696,2975,-1,695,694,2976,-1,687,686,2977,-1,685,684,2978,-1,681,682,2979,-1,676,680,2980,-1,679,678,2981,-1,671,670,2982,-1,669,668,2983,-1,665,666,2984,-1,637,636,2985,-1,633,634,2986,-1,628,632,2987,-1,631,630,2988,-1,2989,614,613,-1,617,2990,2991,-1,2989,613,2992,-1,2992,613,612,-1,2992,612,2991,-1,2991,612,616,-1,2991,616,617,-1,623,2993,2994,-1,617,618,2990,-1,2990,618,619,-1,2990,619,2995,-1,2995,619,621,-1,2995,621,2994,-1,2994,621,620,-1,2994,620,623,-1,623,622,2993,-1,2993,622,625,-1,2993,625,2996,-1,2996,625,624,-1,2996,624,2997,-1,631,2988,626,-1,639,638,2972,-1,2972,638,641,-1,2972,641,2973,-1,2973,641,640,-1,2973,640,2998,-1,2998,640,643,-1,2998,643,2999,-1,2999,643,642,-1,2999,642,3000,-1,3000,642,647,-1,649,3001,3002,-1,647,646,3000,-1,3000,646,645,-1,3000,645,3003,-1,3003,645,644,-1,3003,644,3002,-1,3002,644,648,-1,3002,648,649,-1,655,3004,3005,-1,649,650,3001,-1,3001,650,651,-1,3001,651,3006,-1,3006,651,653,-1,3006,653,3005,-1,3005,653,652,-1,3005,652,655,-1,655,654,3004,-1,3004,654,657,-1,3004,657,3007,-1,3007,657,656,-1,3007,656,3008,-1,3008,656,659,-1,3008,659,3009,-1,3009,659,658,-1,3009,658,3010,-1,3010,658,663,-1,664,3011,660,-1,660,3011,3012,-1,660,3012,661,-1,661,3012,3010,-1,661,3010,662,-1,662,3010,663,-1,679,2981,674,-1,695,2976,690,-1,2970,699,701,-1,2970,701,2971,-1,2971,701,700,-1,2971,700,704,-1,704,703,3013,-1,3013,703,702,-1,3013,702,3014,-1,3014,702,609,-1,3014,609,3015,-1,3015,609,611,-1,3015,611,3016,-1,3016,611,610,-1,3016,610,2989,-1,2989,610,615,-1,2989,615,614,-1,2967,2973,2968,-1,2968,2973,2998,-1,2968,2998,3017,-1,3017,2998,2999,-1,3017,2999,3018,-1,3018,2999,3000,-1,3018,3000,3019,-1,3019,3000,3003,-1,3019,3003,3020,-1,3020,3003,3002,-1,3020,3002,3021,-1,3021,3002,3001,-1,3021,3001,3022,-1,3022,3001,3006,-1,3022,3006,3023,-1,3023,3006,3005,-1,3023,3005,3024,-1,3024,3005,3004,-1,3024,3004,3025,-1,3025,3004,3007,-1,3025,3007,3026,-1,3026,3007,3008,-1,3026,3008,3027,-1,3027,3008,3009,-1,3027,3009,3028,-1,3028,3009,3010,-1,3028,3010,3029,-1,3029,3010,3012,-1,3029,3012,3030,-1,3030,3012,3011,-1,3030,3011,3031,-1,698,699,2974,-1,2974,699,2970,-1,2974,2970,3032,-1,3032,2970,2969,-1,3032,2969,3033,-1,3034,3013,3035,-1,3035,3013,3014,-1,3035,3014,3036,-1,3036,3014,3015,-1,3036,3015,3037,-1,3037,3015,3016,-1,3037,3016,3038,-1,3038,3016,2989,-1,3038,2989,3039,-1,3039,2989,2992,-1,3039,2992,3040,-1,3040,2992,2991,-1,3040,2991,3041,-1,3041,2991,2990,-1,3041,2990,3042,-1,3042,2990,2995,-1,3042,2995,3043,-1,3043,2995,2994,-1,3043,2994,3044,-1,3044,2994,2993,-1,3044,2993,3045,-1,3045,2993,2996,-1,3045,2996,3046,-1,3046,2996,2997,-1,3046,2997,3047,-1,2965,2968,2966,-1,2966,2968,3017,-1,2966,3017,3048,-1,3048,3017,3018,-1,3048,3018,3049,-1,3049,3018,3019,-1,3049,3019,3050,-1,3050,3019,3020,-1,3050,3020,3051,-1,3051,3020,3021,-1,3051,3021,3052,-1,3052,3021,3022,-1,3052,3022,3053,-1,3053,3022,3023,-1,3053,3023,3054,-1,3054,3023,3024,-1,3054,3024,3055,-1,3055,3024,3025,-1,3055,3025,3056,-1,3056,3025,3026,-1,3056,3026,3057,-1,3057,3026,3027,-1,3057,3027,3058,-1,3058,3027,3028,-1,3058,3028,3059,-1,3059,3028,3029,-1,3059,3029,3060,-1,3060,3029,3030,-1,3060,3030,3061,-1,3061,3030,3031,-1,3061,3031,3062,-1,696,697,2975,-1,2975,697,2974,-1,2975,2974,3063,-1,3063,2974,3032,-1,3063,3032,3064,-1,3064,3032,3033,-1,3064,3033,3065,-1,3066,3034,3067,-1,3067,3034,3035,-1,3067,3035,3068,-1,3068,3035,3036,-1,3068,3036,3069,-1,3069,3036,3037,-1,3069,3037,3070,-1,3070,3037,3038,-1,3070,3038,3071,-1,3071,3038,3039,-1,3071,3039,3072,-1,3072,3039,3040,-1,3072,3040,3073,-1,3073,3040,3041,-1,3073,3041,3074,-1,3074,3041,3042,-1,3074,3042,3075,-1,3075,3042,3043,-1,3075,3043,3076,-1,3076,3043,3044,-1,3076,3044,3077,-1,3077,3044,3045,-1,3077,3045,3078,-1,3078,3045,3046,-1,3078,3046,3079,-1,3079,3046,3047,-1,3079,3047,3080,-1,2963,2966,2964,-1,2964,2966,3048,-1,2964,3048,3081,-1,3081,3048,3049,-1,3081,3049,3082,-1,3082,3049,3050,-1,3082,3050,3083,-1,3083,3050,3051,-1,3083,3051,3084,-1,3084,3051,3052,-1,3084,3052,3085,-1,3085,3052,3053,-1,3085,3053,3086,-1,3086,3053,3054,-1,3086,3054,3087,-1,3087,3054,3055,-1,3087,3055,3088,-1,3088,3055,3056,-1,3088,3056,3089,-1,3089,3056,3057,-1,3089,3057,3090,-1,3090,3057,3058,-1,3090,3058,3091,-1,3091,3058,3059,-1,3091,3059,3092,-1,3092,3059,3060,-1,3092,3060,3093,-1,3093,3060,3061,-1,3093,3061,3094,-1,3094,3061,3062,-1,3094,3062,3095,-1,693,692,3096,-1,3096,692,2975,-1,3096,2975,3097,-1,3097,2975,3063,-1,3097,3063,3098,-1,3098,3063,3064,-1,3098,3064,3099,-1,3099,3064,3065,-1,3099,3065,3100,-1,3101,3066,3102,-1,3102,3066,3067,-1,3102,3067,3103,-1,3103,3067,3068,-1,3103,3068,3104,-1,3104,3068,3069,-1,3104,3069,3105,-1,3105,3069,3070,-1,3105,3070,3106,-1,3106,3070,3071,-1,3106,3071,3107,-1,3107,3071,3072,-1,3107,3072,3108,-1,3108,3072,3073,-1,3108,3073,3109,-1,3109,3073,3074,-1,3109,3074,3110,-1,3110,3074,3075,-1,3110,3075,3111,-1,3111,3075,3076,-1,3111,3076,3112,-1,3112,3076,3077,-1,3112,3077,3113,-1,3113,3077,3078,-1,3113,3078,3114,-1,3114,3078,3079,-1,3114,3079,3115,-1,3115,3079,3080,-1,3115,3080,3116,-1,629,628,3117,-1,3117,628,2987,-1,3117,2987,3118,-1,3118,2987,3119,-1,3118,3119,3120,-1,3120,3119,3121,-1,3120,3121,3122,-1,3122,3121,3123,-1,3122,3123,3124,-1,3124,3123,2962,-1,2959,2964,2960,-1,2960,2964,3081,-1,2960,3081,3125,-1,3125,3081,3082,-1,3125,3082,3126,-1,3126,3082,3083,-1,3126,3083,3127,-1,3127,3083,3084,-1,3127,3084,3128,-1,3128,3084,3085,-1,3128,3085,3129,-1,3129,3085,3086,-1,3129,3086,3130,-1,3130,3086,3087,-1,3130,3087,3131,-1,3131,3087,3088,-1,3131,3088,3132,-1,3132,3088,3089,-1,3132,3089,3133,-1,3133,3089,3090,-1,3133,3090,3134,-1,3134,3090,3091,-1,3134,3091,3135,-1,3135,3091,3092,-1,3135,3092,3136,-1,3136,3092,3093,-1,3136,3093,3137,-1,3137,3093,3094,-1,3137,3094,3138,-1,3138,3094,3095,-1,3138,3095,3139,-1,673,672,3140,-1,3140,672,3141,-1,3140,3141,3142,-1,3142,3141,3143,-1,3142,3143,3144,-1,3144,3143,3145,-1,3144,3145,3146,-1,3146,3145,3147,-1,3146,3147,3148,-1,3148,3147,3149,-1,677,676,3150,-1,3150,676,2980,-1,3150,2980,3151,-1,3151,2980,3152,-1,3151,3152,3153,-1,3153,3152,3154,-1,3153,3154,3155,-1,3155,3154,3156,-1,3155,3156,3157,-1,3157,3156,2957,-1,683,685,3158,-1,3158,685,2978,-1,3158,2978,3159,-1,3159,2978,3160,-1,3159,3160,3161,-1,3161,3160,3162,-1,3161,3162,3163,-1,3163,3162,3164,-1,3163,3164,3165,-1,3165,3164,3166,-1,3165,3166,110,-1,686,689,2977,-1,2977,689,3167,-1,2977,3167,3168,-1,3168,3167,3169,-1,3168,3169,3170,-1,3170,3169,3171,-1,3170,3171,3172,-1,3172,3171,3173,-1,3172,3173,3174,-1,3174,3173,3175,-1,689,688,3167,-1,3167,688,3176,-1,3167,3176,3169,-1,3169,3176,3177,-1,3169,3177,3171,-1,3171,3177,3178,-1,3171,3178,3173,-1,3173,3178,3179,-1,3173,3179,3175,-1,3175,3179,3180,-1,691,690,3181,-1,3181,690,2976,-1,3181,2976,3182,-1,3182,2976,3183,-1,3182,3183,3184,-1,3184,3183,3185,-1,3184,3185,3186,-1,3186,3185,3187,-1,3186,3187,3188,-1,3188,3187,3189,-1,694,693,2976,-1,2976,693,3096,-1,2976,3096,3183,-1,3183,3096,3097,-1,3183,3097,3185,-1,3185,3097,3098,-1,3185,3098,3187,-1,3187,3098,3099,-1,3187,3099,3189,-1,3189,3099,3100,-1,3190,3101,3191,-1,3191,3101,3102,-1,3191,3102,3192,-1,3192,3102,3103,-1,3192,3103,3193,-1,3193,3103,3104,-1,3193,3104,3194,-1,3194,3104,3105,-1,3194,3105,3195,-1,3195,3105,3106,-1,3195,3106,3196,-1,3196,3106,3107,-1,3196,3107,3197,-1,3197,3107,3108,-1,3197,3108,3198,-1,3198,3108,3109,-1,3198,3109,3199,-1,3199,3109,3110,-1,3199,3110,3200,-1,3200,3110,3111,-1,3200,3111,3201,-1,3201,3111,3112,-1,3201,3112,3202,-1,3202,3112,3113,-1,3202,3113,3203,-1,3203,3113,3114,-1,3203,3114,3204,-1,3204,3114,3115,-1,3204,3115,3205,-1,3205,3115,3116,-1,3205,3116,3206,-1,242,218,3207,-1,3207,218,3206,-1,3207,3206,3208,-1,3208,3206,3116,-1,3208,3116,3209,-1,3209,3116,3080,-1,3209,3080,3210,-1,3210,3080,3047,-1,3210,3047,3211,-1,3211,3047,2997,-1,3211,2997,627,-1,627,2997,624,-1,627,626,3211,-1,3211,626,2988,-1,3211,2988,3210,-1,3210,2988,3212,-1,3210,3212,3209,-1,3209,3212,3213,-1,3209,3213,3208,-1,3208,3213,3214,-1,3208,3214,3207,-1,3207,3214,3215,-1,3207,3215,242,-1,242,3215,239,-1,630,629,2988,-1,2988,629,3117,-1,2988,3117,3212,-1,3212,3117,3118,-1,3212,3118,3213,-1,3213,3118,3120,-1,3213,3120,3214,-1,3214,3120,3122,-1,3214,3122,3215,-1,3215,3122,3124,-1,3215,3124,239,-1,239,3124,237,-1,2962,208,3124,-1,3124,208,210,-1,3124,210,237,-1,197,199,3216,-1,3216,199,2962,-1,3216,2962,3217,-1,3217,2962,3123,-1,3217,3123,3218,-1,3218,3123,3121,-1,3218,3121,3219,-1,3219,3121,3119,-1,3219,3119,2986,-1,2986,3119,2987,-1,2986,2987,633,-1,633,2987,632,-1,634,635,2986,-1,2986,635,3220,-1,2986,3220,3219,-1,3219,3220,3221,-1,3219,3221,3218,-1,3218,3221,3222,-1,3218,3222,3217,-1,3217,3222,3223,-1,3217,3223,3216,-1,3216,3223,3224,-1,3216,3224,197,-1,197,3224,195,-1,635,637,3220,-1,3220,637,2985,-1,3220,2985,3221,-1,3221,2985,3225,-1,3221,3225,3222,-1,3222,3225,3226,-1,3222,3226,3223,-1,3223,3226,3227,-1,3223,3227,3224,-1,3224,3227,2961,-1,3224,2961,195,-1,195,2961,193,-1,636,639,2985,-1,2985,639,2972,-1,2985,2972,3225,-1,3225,2972,2967,-1,3225,2967,3226,-1,3226,2967,2965,-1,3226,2965,3227,-1,3227,2965,2963,-1,3227,2963,2961,-1,2961,2963,2959,-1,2961,2959,191,-1,191,2959,192,-1,3139,129,3138,-1,3138,129,141,-1,3138,141,3137,-1,3137,141,140,-1,3137,140,3136,-1,3136,140,133,-1,3136,133,3135,-1,3135,133,132,-1,3135,132,3134,-1,3134,132,139,-1,3134,139,3133,-1,3133,139,138,-1,3133,138,3132,-1,3132,138,137,-1,3132,137,3131,-1,3131,137,143,-1,3131,143,3130,-1,3130,143,142,-1,3130,142,3129,-1,3129,142,136,-1,3129,136,3128,-1,3128,136,135,-1,3128,135,3127,-1,3127,135,134,-1,3127,134,3126,-1,3126,134,128,-1,3126,128,3125,-1,3125,128,127,-1,3125,127,2960,-1,2960,127,188,-1,2960,188,192,-1,3,131,3139,-1,3139,131,130,-1,3139,130,129,-1,123,3,3228,-1,3228,3,3139,-1,3228,3139,3229,-1,3229,3139,3095,-1,3229,3095,3230,-1,3230,3095,3062,-1,3230,3062,3231,-1,3231,3062,3031,-1,3231,3031,2984,-1,2984,3031,3011,-1,2984,3011,665,-1,665,3011,664,-1,666,667,2984,-1,2984,667,3232,-1,2984,3232,3231,-1,3231,3232,3233,-1,3231,3233,3230,-1,3230,3233,3234,-1,3230,3234,3229,-1,3229,3234,3235,-1,3229,3235,3228,-1,3228,3235,3236,-1,3228,3236,123,-1,123,3236,124,-1,667,669,3232,-1,3232,669,2983,-1,3232,2983,3233,-1,3233,2983,3237,-1,3233,3237,3234,-1,3234,3237,3238,-1,3234,3238,3235,-1,3235,3238,3239,-1,3235,3239,3236,-1,3236,3239,2958,-1,3236,2958,124,-1,124,2958,125,-1,668,671,2983,-1,2983,671,2982,-1,2983,2982,3237,-1,3237,2982,3240,-1,3237,3240,3238,-1,3238,3240,3241,-1,3238,3241,3239,-1,3239,3241,3242,-1,3239,3242,2958,-1,2958,3242,3243,-1,2958,3243,126,-1,122,7,3243,-1,3243,7,6,-1,3243,6,126,-1,121,120,3149,-1,3149,120,122,-1,3149,122,3148,-1,3148,122,3243,-1,3148,3243,3146,-1,3146,3243,3242,-1,3146,3242,3144,-1,3144,3242,3241,-1,3144,3241,3142,-1,3142,3241,3240,-1,3142,3240,3140,-1,3140,3240,2982,-1,3140,2982,673,-1,673,2982,670,-1,117,121,3244,-1,3244,121,3149,-1,3244,3149,3245,-1,3245,3149,3147,-1,3245,3147,3246,-1,3246,3147,3145,-1,3246,3145,3247,-1,3247,3145,3143,-1,3247,3143,3248,-1,3248,3143,3141,-1,3248,3141,675,-1,675,3141,672,-1,675,674,3248,-1,3248,674,2981,-1,3248,2981,3247,-1,3247,2981,3249,-1,3247,3249,3246,-1,3246,3249,3250,-1,3246,3250,3245,-1,3245,3250,3251,-1,3245,3251,3244,-1,3244,3251,3252,-1,3244,3252,117,-1,117,3252,118,-1,678,677,2981,-1,2981,677,3150,-1,2981,3150,3249,-1,3249,3150,3151,-1,3249,3151,3250,-1,3250,3151,3153,-1,3250,3153,3251,-1,3251,3153,3155,-1,3251,3155,3252,-1,3252,3155,3157,-1,3252,3157,118,-1,118,3157,119,-1,2957,114,3157,-1,3157,114,116,-1,3157,116,119,-1,112,113,3253,-1,3253,113,2957,-1,3253,2957,3254,-1,3254,2957,3156,-1,3254,3156,3255,-1,3255,3156,3154,-1,3255,3154,3256,-1,3256,3154,3152,-1,3256,3152,2979,-1,2979,3152,2980,-1,2979,2980,681,-1,681,2980,680,-1,682,683,2979,-1,2979,683,3158,-1,2979,3158,3256,-1,3256,3158,3159,-1,3256,3159,3255,-1,3255,3159,3161,-1,3255,3161,3254,-1,3254,3161,3163,-1,3254,3163,3253,-1,3253,3163,3165,-1,3253,3165,112,-1,112,3165,110,-1,106,107,3166,-1,3166,107,109,-1,3166,109,110,-1,3180,105,3175,-1,3175,105,106,-1,3175,106,3174,-1,3174,106,3166,-1,3174,3166,3172,-1,3172,3166,3164,-1,3172,3164,3170,-1,3170,3164,3162,-1,3170,3162,3168,-1,3168,3162,3160,-1,3168,3160,2977,-1,2977,3160,2978,-1,2977,2978,687,-1,687,2978,684,-1,100,99,3180,-1,3180,99,108,-1,3180,108,105,-1,688,691,3176,-1,3176,691,3181,-1,3176,3181,3177,-1,3177,3181,3182,-1,3177,3182,3178,-1,3178,3182,3184,-1,3178,3184,3179,-1,3179,3184,3186,-1,3179,3186,3180,-1,3180,3186,3188,-1,3180,3188,100,-1,100,3188,3189,-1,100,3189,101,-1,101,3189,3100,-1,101,3100,102,-1,704,3013,2971,-1,2971,3013,3034,-1,2971,3034,2969,-1,2969,3034,3066,-1,2969,3066,3033,-1,3033,3066,3101,-1,3033,3101,3065,-1,3065,3101,3190,-1,3065,3190,3100,-1,3100,3190,103,-1,3100,103,102,-1,218,220,3206,-1,3206,220,89,-1,3206,89,3205,-1,3205,89,91,-1,3205,91,3204,-1,3204,91,92,-1,3204,92,3203,-1,3203,92,69,-1,3203,69,3202,-1,3202,69,74,-1,3202,74,3201,-1,3201,74,73,-1,3201,73,3200,-1,3200,73,77,-1,3200,77,3199,-1,3199,77,76,-1,3199,76,3198,-1,3198,76,80,-1,3198,80,3197,-1,3197,80,79,-1,3197,79,3196,-1,3196,79,83,-1,3196,83,3195,-1,3195,83,82,-1,3195,82,3194,-1,3194,82,81,-1,3194,81,3193,-1,3193,81,66,-1,3193,66,3192,-1,3192,66,88,-1,3192,88,3191,-1,3191,88,87,-1,3191,87,3190,-1,3190,87,85,-1,3190,85,103,-1,
        ]
    }
}
Shape{
    appearance Appearance {
        material  Material {
            diffuseColor 0.5019607843137255 0.5019607843137255 0.5019607843137255
            specularColor 0.25098039215686274 0.25098039215686274 0.25098039215686274
            ambientIntensity 0.502
            transparency 0.0
            shininess 0.5
        }
    }
    geometry IndexedFaceSet {
        ccw TRUE
        solid FALSE
        coord DEF co Coordinate {
            point [
                -0.6249 0.9497 1.6142, -0.6249 0.9497 1.6181, -0.5873 0.8393 1.6142, -0.5873 0.8393 1.6181, -0.7876 0.9497 1.6142, -0.7876 0.9497 1.6181, -0.8274 0.8393 1.6142, -0.8274 0.8393 1.6181, -0.885 0.8393 1.6142, -0.885 0.8393 1.6181, -0.8834 0.8393 1.6142, -0.7314 1.233 1.6142, -0.7314 1.233 1.6181, -0.8834 0.8435 1.6142, -0.6786 1.233 1.6142, -0.6786 1.233 1.6181, -0.5297 0.8393 1.6142, -0.5297 0.8393 1.6181, -0.6382 0.9929 1.6181, -0.6969 1.1573 1.6181, -0.7072 1.1712 1.6181, -0.7032 1.1849 1.6181, -0.7007 1.171 1.6181, -0.7699 0.9929 1.6181, -0.7106 1.1573 1.6181, -0.6382 0.9929 1.6142, -0.6969 1.1573 1.6142, -0.7699 0.9929 1.6142, -0.7106 1.1573 1.6142, -0.7072 1.1712 1.6142, -0.7032 1.1849 1.6142, -0.7007 1.171 1.6142, -0.184 0.8393 1.6142, -0.184 0.8393 1.6181, -0.184 1.233 1.6142, -0.184 1.233 1.6181, -0.2911 0.8393 1.6142, -0.2911 0.8393 1.6181, -0.5009 1.0411 1.6142, -0.5009 1.0411 1.6181, -0.4947 0.9961 1.6181, -0.4947 0.9961 1.6142, -0.4808 0.9475 1.6181, -0.4808 0.9475 1.6142, -0.4625 0.9158 1.6181, -0.4625 0.9158 1.6142, -0.432 0.8845 1.6181, -0.432 0.8845 1.6142, -0.3969 0.8625 1.6181, -0.3969 0.8625 1.6142, -0.3539 0.8483 1.6181, -0.3539 0.8483 1.6142, -0.2951 1.233 1.6142, -0.2951 1.233 1.6181, -0.3397 1.2273 1.6181, -0.3397 1.2273 1.6142, -0.3926 1.2131 1.6181, -0.3926 1.2131 1.6142, -0.4292 1.1926 1.6181, -0.4292 1.1926 1.6142, -0.4592 1.1647 1.6181, -0.4592 1.1647 1.6142, -0.4784 1.1355 1.6181, -0.4784 1.1355 1.6142, -0.4919 1.0964 1.6181, -0.4919 1.0964 1.6142, -0.4349 1.0932 1.6181, -0.4189 1.1323 1.6181, -0.4045 1.1523 1.6181, -0.3902 1.1644 1.6181, -0.3702 1.1744 1.6181, -0.3409 1.1827 1.6181, -0.2949 1.1898 1.6181, -0.2368 1.1898 1.6181, -0.2368 0.8825 1.6181, -0.2927 0.8825 1.6181, -0.3444 0.8895 1.6181, -0.3722 0.899 1.6181, -0.3961 0.9141 1.6181, -0.4186 0.9374 1.6181, -0.4334 0.9627 1.6181, -0.4427 0.9943 1.6181, -0.4481 1.0399 1.6181, -0.4481 1.0399 1.6142, -0.4349 1.0932 1.6142, -0.4189 1.1323 1.6142, -0.4045 1.1523 1.6142, -0.3902 1.1644 1.6142, -0.3702 1.1744 1.6142, -0.3409 1.1827 1.6142, -0.2949 1.1898 1.6142, -0.2368 1.1898 1.6142, -0.2368 0.8825 1.6142, -0.2927 0.8825 1.6142, -0.3444 0.8895 1.6142, -0.3722 0.899 1.6142, -0.3961 0.9141 1.6142, -0.4186 0.9374 1.6142, -0.4334 0.9627 1.6142, -0.4427 0.9943 1.6142, -0.088 1.0601 1.6142, -0.088 1.0601 1.6181, -0.088 1.0169 1.6142, -0.088 1.0169 1.6181, 0.0512 1.0601 1.6142, 0.0512 1.0601 1.6181, 0.0512 1.1898 1.6142, 0.0512 1.1898 1.6181, -0.0976 1.1898 1.6142, -0.0976 1.1898 1.6181, -0.0976 1.233 1.6142, -0.0976 1.233 1.6181, 0.104 1.233 1.6142, 0.104 1.233 1.6181, 0.104 0.8393 1.6142, 0.104 0.8393 1.6181, -0.1072 0.8393 1.6142, -0.1072 0.8393 1.6181, -0.1072 0.8825 1.6142, -0.1072 0.8825 1.6181, 0.0512 0.8825 1.6142, 0.0512 0.8825 1.6181, 0.0512 1.0169 1.6142, 0.0512 1.0169 1.6181, 0.1809 1.1693 1.6142, 0.1809 1.1693 1.6181, 0.2253 1.1883 1.6181, 0.2253 1.1883 1.6142, 0.2731 1.1946 1.6181, 0.2731 1.1946 1.6142, 0.1809 1.2222 1.6142, 0.1809 1.2222 1.6181, 0.2735 1.2378 1.6142, 0.2735 1.2378 1.6181, 0.238 1.2354 1.6142, 0.2264 1.2346 1.6181, 0.2264 1.2346 1.6142, 0.4737 1.0287 1.6142, 0.4737 1.0287 1.6181, 0.4681 1.0739 1.6181, 0.4681 1.0739 1.6142, 0.4543 1.1258 1.6181, 0.4543 1.1258 1.6142, 0.4328 1.1634 1.6181, 0.4328 1.1634 1.6142, 0.4062 1.1917 1.6181, 0.4062 1.1917 1.6142, 0.3743 1.2131 1.6181, 0.3743 1.2131 1.6142, 0.3326 1.2279 1.6181, 0.3326 1.2279 1.6142, 0.2878 1.2354 1.6142, 0.2892 0.8345 1.6142, 0.2892 0.8345 1.6181, 0.3063 0.8369 1.6142, 0.3341 0.8408 1.6181, 0.3341 0.8408 1.6142, 0.3769 0.8535 1.6181, 0.3769 0.8535 1.6142, 0.4054 0.8705 1.6181, 0.4054 0.8705 1.6142, 0.4337 0.8987 1.6181, 0.4337 0.8987 1.6142, 0.4535 0.9312 1.6181, 0.4535 0.9312 1.6142, 0.4661 0.9709 1.6181, 0.4661 0.9709 1.6142, 0.2335 0.84 1.6142, 0.1809 0.8597 1.6142, 0.2335 0.84 1.6181, 0.1809 0.8597 1.6181, 0.2652 0.8369 1.6142, 0.1809 0.9029 1.6142, 0.1809 0.9029 1.6181, 0.2819 0.8777 1.6142, 0.2819 0.8777 1.6181, 0.2296 0.8835 1.6181, 0.2296 0.8835 1.6142, 0.4209 1.0319 1.6142, 0.4209 1.0319 1.6181, 0.4117 0.9841 1.6181, 0.4117 0.9841 1.6142, 0.3978 0.9427 1.6181, 0.3978 0.9427 1.6142, 0.3845 0.9216 1.6181, 0.3845 0.9216 1.6142, 0.3723 0.9096 1.6181, 0.3723 0.9096 1.6142, 0.3537 0.8982 1.6181, 0.3537 0.8982 1.6142, 0.326 0.8879 1.6181, 0.326 0.8879 1.6142, 0.2926 1.189 1.6181, 0.2926 1.189 1.6142, 0.3572 1.1643 1.6181, 0.3572 1.1643 1.6142, 0.3809 1.1476 1.6181, 0.3809 1.1476 1.6142, 0.3949 1.1315 1.6181, 0.3949 1.1315 1.6142, 0.4054 1.1106 1.6181, 0.4054 1.1106 1.6142, 0.4139 1.0802 1.6181, 0.4139 1.0802 1.6142, 0.709 0.8393 1.6142, 0.709 0.8393 1.6181, 0.709 1.233 1.6142, 0.709 1.233 1.6181, 0.5073 0.8393 1.6142, 0.5073 0.8393 1.6181, 0.5073 0.8825 1.6142, 0.5073 0.8825 1.6181, 0.6562 0.8825 1.6142, 0.6562 0.8825 1.6181, 0.6562 1.233 1.6142, 0.6562 1.233 1.6181
            ]
        }
        coordIndex [
            0,1,2,-1,2,1,3,-1,4,5,0,-1,0,5,1,-1,6,7,4,-1,4,7,5,-1,8,9,10,-1,10,9,7,-1,10,7,6,-1,11,12,13,-1,13,12,9,-1,13,9,8,-1,14,15,11,-1,11,15,12,-1,16,17,14,-1,14,17,15,-1,16,2,17,-1,17,2,3,-1,18,19,15,-1,17,3,1,-1,20,12,21,-1,21,12,15,-1,21,15,22,-1,22,15,19,-1,15,17,18,-1,18,17,1,-1,18,1,23,-1,23,1,5,-1,20,24,12,-1,12,24,23,-1,12,23,9,-1,9,23,5,-1,9,5,7,-1,18,25,19,-1,19,25,26,-1,23,27,18,-1,18,27,25,-1,24,28,23,-1,23,28,27,-1,28,24,20,-1,28,20,29,-1,29,20,21,-1,29,21,30,-1,30,21,22,-1,30,22,31,-1,31,22,19,-1,31,19,26,-1,32,33,34,-1,34,33,35,-1,36,37,32,-1,32,37,33,-1,38,39,40,-1,38,40,41,-1,41,40,42,-1,41,42,43,-1,43,42,44,-1,43,44,45,-1,45,44,46,-1,45,46,47,-1,47,46,48,-1,47,48,49,-1,49,48,50,-1,49,50,51,-1,51,50,37,-1,51,37,36,-1,52,53,54,-1,52,54,55,-1,55,54,56,-1,55,56,57,-1,57,56,58,-1,57,58,59,-1,59,58,60,-1,59,60,61,-1,61,60,62,-1,61,62,63,-1,63,62,64,-1,63,64,65,-1,65,64,39,-1,65,39,38,-1,52,34,53,-1,53,34,35,-1,66,62,67,-1,67,62,60,-1,67,60,68,-1,68,60,58,-1,68,58,69,-1,69,58,70,-1,70,58,56,-1,70,56,71,-1,71,56,54,-1,71,54,72,-1,72,54,53,-1,72,53,73,-1,73,53,35,-1,73,35,74,-1,74,35,33,-1,74,33,75,-1,75,33,37,-1,75,37,76,-1,76,37,50,-1,76,50,77,-1,77,50,48,-1,77,48,78,-1,78,48,46,-1,78,46,79,-1,79,46,44,-1,79,44,80,-1,80,44,42,-1,80,42,81,-1,81,42,40,-1,81,40,82,-1,82,40,39,-1,82,39,66,-1,66,39,64,-1,66,64,62,-1,83,82,66,-1,83,66,84,-1,84,66,67,-1,84,67,85,-1,85,67,68,-1,85,68,86,-1,86,68,69,-1,86,69,87,-1,87,69,70,-1,87,70,88,-1,88,70,71,-1,88,71,89,-1,89,71,72,-1,89,72,90,-1,73,91,72,-1,72,91,90,-1,74,92,73,-1,73,92,91,-1,75,93,74,-1,74,93,92,-1,93,75,76,-1,93,76,94,-1,94,76,77,-1,94,77,95,-1,95,77,78,-1,95,78,96,-1,96,78,79,-1,96,79,97,-1,97,79,80,-1,97,80,98,-1,98,80,81,-1,98,81,99,-1,99,81,82,-1,99,82,83,-1,100,101,102,-1,102,101,103,-1,104,105,100,-1,100,105,101,-1,106,107,104,-1,104,107,105,-1,108,109,106,-1,106,109,107,-1,110,111,108,-1,108,111,109,-1,112,113,110,-1,110,113,111,-1,114,115,112,-1,112,115,113,-1,116,117,114,-1,114,117,115,-1,118,119,116,-1,116,119,117,-1,120,121,118,-1,118,121,119,-1,122,123,120,-1,120,123,121,-1,122,102,123,-1,123,102,103,-1,109,111,107,-1,107,111,113,-1,107,113,105,-1,117,119,115,-1,115,119,121,-1,115,121,123,-1,103,101,123,-1,123,101,105,-1,123,105,115,-1,115,105,113,-1,124,125,126,-1,124,126,127,-1,127,126,128,-1,127,128,129,-1,130,131,124,-1,124,131,125,-1,132,133,134,-1,134,133,135,-1,134,135,136,-1,136,135,131,-1,136,131,130,-1,137,138,139,-1,137,139,140,-1,140,139,141,-1,140,141,142,-1,142,141,143,-1,142,143,144,-1,144,143,145,-1,144,145,146,-1,146,145,147,-1,146,147,148,-1,148,147,149,-1,148,149,150,-1,150,149,151,-1,151,149,133,-1,151,133,132,-1,152,153,154,-1,154,153,155,-1,154,155,156,-1,156,155,157,-1,156,157,158,-1,158,157,159,-1,158,159,160,-1,160,159,161,-1,160,161,162,-1,162,161,163,-1,162,163,164,-1,164,163,165,-1,164,165,166,-1,166,165,138,-1,166,138,137,-1,167,168,169,-1,169,168,170,-1,167,169,171,-1,171,169,153,-1,171,153,152,-1,172,173,168,-1,168,173,170,-1,174,175,176,-1,174,176,177,-1,177,176,173,-1,177,173,172,-1,178,179,180,-1,178,180,181,-1,181,180,182,-1,181,182,183,-1,183,182,184,-1,183,184,185,-1,185,184,186,-1,185,186,187,-1,187,186,188,-1,187,188,189,-1,189,188,190,-1,189,190,191,-1,191,190,175,-1,191,175,174,-1,129,128,192,-1,129,192,193,-1,193,192,194,-1,193,194,195,-1,195,194,196,-1,195,196,197,-1,197,196,198,-1,197,198,199,-1,199,198,200,-1,199,200,201,-1,201,200,202,-1,201,202,203,-1,203,202,179,-1,203,179,178,-1,125,131,126,-1,126,131,135,-1,126,135,128,-1,128,135,133,-1,128,133,192,-1,192,133,149,-1,192,149,194,-1,194,149,147,-1,194,147,196,-1,196,147,145,-1,196,145,198,-1,198,145,143,-1,198,143,200,-1,200,143,141,-1,200,141,202,-1,202,141,139,-1,202,139,179,-1,179,139,138,-1,179,138,180,-1,180,138,165,-1,180,165,182,-1,182,165,163,-1,182,163,184,-1,184,163,161,-1,184,161,186,-1,186,161,159,-1,186,159,188,-1,188,159,157,-1,188,157,190,-1,190,157,155,-1,190,155,175,-1,175,155,153,-1,175,153,176,-1,176,153,169,-1,176,169,173,-1,173,169,170,-1,204,205,206,-1,206,205,207,-1,208,209,204,-1,204,209,205,-1,210,211,208,-1,208,211,209,-1,212,213,210,-1,210,213,211,-1,214,215,212,-1,212,215,213,-1,214,206,215,-1,215,206,207,-1,215,207,213,-1,213,207,205,-1,213,205,211,-1,211,205,209,-1,
        ]
    }
}
Shape{
    appearance Appearance {
        material  Material {
            diffuseColor 0.7529411764705882 0.7529411764705882 0.7529411764705882
            specularColor 0.3764705882352941 0.3764705882352941 0.3764705882352941
            ambientIntensity 0.7529
            transparency 0.0
            shininess 0.5
        }
    }
    geometry IndexedFaceSet {
        ccw TRUE
        solid FALSE
        coord DEF co Coordinate {
            point [
                -0.6382 0.9929 1.6142, -0.7699 0.9929 1.6142, -0.6969 1.1573 1.6142, -0.7106 1.1573 1.6142, -0.7007 1.171 1.6142, -0.7072 1.1712 1.6142, -0.7032 1.1849 1.6142, -0.4427 0.9943 1.6142, -0.4481 1.0399 1.6142, -0.4349 1.0932 1.6142, -0.2368 1.1898 1.6142, -0.2368 0.8825 1.6142, -0.2949 1.1898 1.6142, -0.2927 0.8825 1.6142, -0.3409 1.1827 1.6142, -0.4045 1.1523 1.6142, -0.3902 1.1644 1.6142, -0.3702 1.1744 1.6142, -0.3444 0.8895 1.6142, -0.3722 0.899 1.6142, -0.4189 1.1323 1.6142, -0.3961 0.9141 1.6142, -0.4186 0.9374 1.6142, -0.4334 0.9627 1.6142
            ]
        }
        coordIndex [
            0,1,2,-1,2,1,3,-1,2,3,4,-1,4,3,5,-1,4,5,6,-1,7,8,9,-1,10,11,12,-1,12,11,13,-1,12,13,14,-1,15,16,13,-1,13,16,17,-1,13,17,14,-1,13,18,7,-1,7,18,19,-1,7,9,13,-1,13,9,20,-1,13,20,15,-1,19,21,7,-1,7,21,22,-1,7,22,23,-1,
        ]
    }
}