#VRML V2.0 utf8
# 3D model generated by easyeda2kicad.py (https://github.com/uPesy/easyeda2kicad.py)

Shape{
    appearance Appearance {
        material  Material 	{
            diffuseColor 0.7529411764705882 0.7529411764705882 0.7529411764705882
            specularColor 0.3764705882352941 0.3764705882352941 0.3764705882352941
            ambientIntensity 0.2
            transparency 0
            shininess 0.5
        }
    }
    geometry IndexedFaceSet {
        ccw TRUE
        solid FALSE
        coord DEF co Coordinate {
            point [
                2.9921 0.374 2.9921, 2.9921 0.374 2.8669, 1.8599 0.374 2.8669, 1.3993 0.374 2.6592, 1.3971 0.374 2.6409, 1.3934 0.374 2.707, 1.788 0.374 2.7059, 1.788 0.374 2.5876, 1.7349 0.374 2.5876, 1.2322 0.374 2.4475, 1.23 0.374 2.4292, 1.2263 0.374 2.5322, 1.6105 0.374 2.3067, 1.6105 0.374 0.3937, 1.5495 0.374 0.3937, 1.3639 0.374 2.3607, 1.3934 0.374 2.3607, 1.3934 0.374 2.3596, 1.5215 0.374 2.3341, 1.5184 0.374 2.3376, 1.5184 0.374 2.3596, 1.5792 0.374 2.3598, 1.5812 0.374 2.3596, 1.5495 0.374 2.3596, 1.6803 0.374 2.7058, 1.6704 0.374 2.707, 1.7234 0.374 2.707, 2.0811 0.374 2.707, 2.0597 0.374 2.6923, 1.8599 0.374 2.707, 2.0281 0.374 2.6557, 1.9221 0.374 2.5322, 1.8599 0.374 2.5322, 1.9305 0.374 2.5531, 1.9498 0.374 2.5801, 1.9756 0.374 2.6018, 2.0085 0.374 2.6174, 2.0038 0.374 2.6158, 2.2777 0.374 2.7199, 2.2338 0.374 2.7364, 2.1887 0.374 2.7417, 2.1462 0.374 2.7368, 2.0989 0.374 2.7192, 2.2988 0.374 2.707, 2.9921 0.374 2.707, 2.3026 0.374 2.7047, 2.4981 0.374 2.59, 2.4753 0.374 2.6193, 2.4035 0.374 2.6602, 2.3662 0.374 2.6648, 2.3249 0.374 2.6856, 2.3552 0.374 2.6642, 2.3443 0.374 2.6629, 2.4689 0.374 2.6254, 2.4387 0.374 2.6466, 2.4504 0.374 2.3825, 2.48 0.374 2.4077, 2.9921 0.374 2.3596, 2.4161 0.374 2.3658, 2.5017 0.374 2.4386, 2.5153 0.374 2.474, 2.9921 0.374 2.5322, 2.5199 0.374 2.5111, 2.5196 0.374 2.5202, 2.5175 0.374 2.5322, 2.5132 0.374 2.5559, 2.4041 0.374 2.3622, 2.4029 0.374 2.3596, 2.3946 0.374 2.3418, 2.9921 0.374 2.3067, 2.3805 0.374 2.3244, 2.3619 0.374 2.3104, 1.7314 0.374 0.3937, 1.8599 0.374 2.3067, 1.8599 0.374 0.3937, 2.2747 0.374 2.3067, 2.9921 0.374 0.3937, 2.34 0.374 2.3012, 2.3532 0.374 2.3067, 2.291 0.374 2.3005, 2.314 0.374 2.2976, 2.3176 0.374 2.2977, 2.2251 0.374 2.3596, 2.2252 0.374 2.3592, 2.2364 0.374 2.338, 2.2509 0.374 2.3218, 2.2698 0.374 2.3086, 2.1039 0.374 2.4156, 2.0974 0.374 2.4181, 2.0863 0.374 2.4722, 2.2428 0.374 2.4561, 2.1157 0.374 2.5225, 2.2594 0.374 2.4712, 2.2795 0.374 2.482, 2.1098 0.374 2.4114, 1.9308 0.374 2.4292, 1.9496 0.374 2.403, 1.8599 0.374 2.3596, 1.9738 0.374 2.5005, 1.9783 0.374 2.5187, 1.9855 0.374 2.5322, 2.4577 0.374 2.5322, 1.9189 0.374 2.5241, 1.9145 0.374 2.4931, 1.9189 0.374 2.4592, 2.0901 0.374 2.4191, 2.0891 0.374 2.419, 2.0863 0.374 2.4184, 2.4521 0.374 2.4751, 2.4409 0.374 2.456, 2.3927 0.374 2.4461, 2.4239 0.374 2.4385, 2.4032 0.374 2.4257, 2.3576 0.374 2.4775, 2.377 0.374 2.4641, 2.4601 0.374 2.513, 2.459 0.374 2.4984, 2.3366 0.374 2.4856, 2.314 0.374 2.4884, 2.3024 0.374 2.4877, 1.9754 0.374 2.3811, 2.0044 0.374 2.3669, 2.036 0.374 2.3603, 2.1195 0.374 2.3897, 2.1192 0.374 2.3934, 2.2191 0.374 2.402, 2.1173 0.374 2.4006, 2.1137 0.374 2.4071, 1.9926 0.374 2.442, 1.9822 0.374 2.4568, 1.9756 0.374 2.4737, 1.9734 0.374 2.4922, 2.092 0.374 2.3603, 2.0973 0.374 2.3611, 2.1036 0.374 2.3636, 2.1097 0.374 2.368, 2.1119 0.374 2.3702, 2.1161 0.374 2.3762, 2.1186 0.374 2.3826, 2.2196 0.374 2.3826, 2.2191 0.374 2.3925, 2.0844 0.374 2.4181, 2.0417 0.374 2.4181, 2.0246 0.374 2.4214, 2.0079 0.374 2.4292, 1.9938 0.374 2.4406, 2.0754 0.374 2.6232, 2.0968 0.374 2.6488, 2.3149 0.374 2.5937, 2.0992 0.374 2.6509, 2.1258 0.374 2.6694, 2.3004 0.374 2.6237, 2.3216 0.374 2.5973, 2.3429 0.374 2.6051, 1.9871 0.374 2.5351, 1.998 0.374 2.5473, 2.0474 0.374 2.5662, 2.0127 0.374 2.5575, 2.0293 0.374 2.5639, 2.0549 0.374 2.5662, 2.0608 0.374 2.5926, 2.3985 0.374 2.6018, 2.4197 0.374 2.5906, 2.3751 0.374 2.6074, 2.436 0.374 2.5761, 2.4491 0.374 2.5572, 2.2791 0.374 2.6491, 2.1556 0.374 2.6808, 2.2537 0.374 2.6677, 2.1878 0.374 2.6848, 2.2227 0.374 2.6803, 2.3652 0.374 2.6079, 2.4573 0.374 2.536, 1.3513 0.374 2.6734, 1.3389 0.374 2.7059, 1.3513 0.374 2.707, 1.3205 0.374 2.7059, 1.3023 0.374 2.6089, 1.3513 0.374 2.6089, 1.2887 0.374 2.5724, 1.3513 0.374 2.5322, 1.2697 0.374 2.5724, 1.2263 0.374 2.707, 1.3897 0.374 2.5724, 1.3934 0.374 2.5322, 1.3707 0.374 2.5724, 1.3579 0.374 2.6089, 1.5855 0.374 2.5876, 1.5495 0.374 2.5876, 1.5855 0.374 2.6325, 1.5495 0.374 2.6325, 1.5495 0.374 2.707, 1.534 0.374 2.7059, 1.5184 0.374 2.707, 1.534 0.374 2.6905, 1.5378 0.374 2.6325, 1.531 0.374 2.5876, 1.5378 0.374 2.6478, 1.5495 0.374 2.6905, 1.5495 0.374 2.6478, 1.5855 0.374 2.6905, 1.5855 0.374 2.6478, 1.6028 0.374 2.5724, 1.6105 0.374 2.5322, 1.5495 0.374 2.5724, 1.5495 0.374 2.5322, 1.531 0.374 2.5724, 1.5184 0.374 2.5322, 1.6105 0.374 2.707, 1.6028 0.374 2.7059, 1.5495 0.374 2.7059, 1.6352 0.374 2.5757, 1.6352 0.374 2.5322, 1.6318 0.374 2.5768, 1.6295 0.374 2.578, 1.6295 0.374 2.5945, 1.6352 0.374 2.6871, 1.6639 0.374 2.5855, 1.6554 0.374 2.586, 1.6983 0.374 2.6767, 1.7047 0.374 2.6674, 1.7112 0.374 2.6323, 1.709 0.374 2.6191, 1.6407 0.374 2.5892, 1.6352 0.374 2.5918, 1.631 0.374 2.6855, 1.6295 0.374 2.6847, 1.6609 0.374 2.6926, 1.6667 0.374 2.6923, 1.6973 0.374 2.6778, 1.6782 0.374 2.69, 1.6886 0.374 2.685, 1.7092 0.374 2.6559, 1.7113 0.374 2.6377, 1.7046 0.374 2.6084, 1.6982 0.374 2.5996, 1.6948 0.374 2.5963, 1.6445 0.374 2.6906, 1.6859 0.374 2.5903, 1.6762 0.374 2.5869, 1.6468 0.374 2.707, 1.6436 0.374 2.7068, 1.6352 0.374 2.707, 1.6352 0.374 2.7043, 1.6295 0.374 2.7027, 1.6352 0.374 2.8669, 1.6611 0.374 2.7081, 1.7198 0.374 2.6758, 1.7101 0.374 2.6885, 1.7072 0.374 2.6913, 1.6943 0.374 2.7004, 1.7314 0.374 2.707, 1.7261 0.374 2.661, 1.7234 0.374 2.6674, 1.7234 0.374 2.6063, 1.7268 0.374 2.615, 1.7314 0.374 2.5322, 1.7294 0.374 2.6366, 1.7292 0.374 2.6436, 1.7234 0.374 2.5322, 1.6905 0.374 2.5741, 1.7029 0.374 2.5804, 1.6461 0.374 2.5721, 1.6664 0.374 2.5702, 1.6764 0.374 2.5708, 1.7123 0.374 2.5884, 1.7134 0.374 2.5897, 1.7214 0.374 2.6011, 1.7107 0.374 2.4062, 1.7081 0.374 2.4331, 1.7141 0.374 2.4014, 1.7163 0.374 2.3955, 1.6352 0.374 2.3596, 1.6409 0.374 2.3607, 1.6576 0.374 2.3607, 1.7234 0.374 2.3596, 1.7146 0.374 2.373, 1.7166 0.374 2.3787, 1.6654 0.374 2.4573, 1.6583 0.374 2.4552, 1.6528 0.374 2.4521, 1.6483 0.374 2.4478, 1.7056 0.374 2.4106, 1.6985 0.374 2.4142, 1.6978 0.374 2.4398, 1.6858 0.374 2.4174, 1.6712 0.374 2.4441, 1.6769 0.374 2.4446, 1.6874 0.374 2.4435, 1.7036 0.374 2.3621, 1.7093 0.374 2.366, 1.7111 0.374 2.3679, 1.6576 0.374 2.3755, 1.658 0.374 2.3755, 1.6607 0.374 2.3714, 1.666 0.374 2.3658, 1.7081 0.374 2.4494, 1.7046 0.374 2.4514, 1.6922 0.374 2.4562, 1.6753 0.374 2.4582, 1.7175 0.374 2.3862, 1.7174 0.374 2.3883, 1.6449 0.374 2.4425, 1.6422 0.374 2.4349, 1.6409 0.374 2.4221, 1.6576 0.374 2.4213, 1.6582 0.374 2.4287, 1.6599 0.374 2.4347, 1.6619 0.374 2.4381, 1.6644 0.374 2.4408, 1.6674 0.374 2.4427, 1.6718 0.374 2.3619, 1.6781 0.374 2.3596, 1.6352 0.374 2.3067, 1.6786 0.374 2.3594, 1.6872 0.374 2.3585, 1.7234 0.374 2.3067, 1.6969 0.374 2.3596, 1.6972 0.374 2.3596, 1.6105 0.374 2.3613, 1.6182 0.374 2.3641, 1.6182 0.374 2.3813, 1.6181 0.374 2.4303, 1.6175 0.374 2.4363, 1.6156 0.374 2.4187, 1.6174 0.374 2.4238, 1.612 0.374 2.3775, 1.6105 0.374 2.3769, 1.6105 0.374 2.4123, 1.6134 0.374 2.4152, 1.6106 0.374 2.4124, 1.6075 0.374 2.3602, 1.6105 0.374 2.3596, 1.6024 0.374 2.3596, 1.5924 0.374 2.3585, 1.5584 0.374 2.454, 1.5584 0.374 2.4378, 1.6074 0.374 2.4507, 1.6024 0.374 2.4536, 1.5547 0.374 2.3799, 1.5567 0.374 2.3746, 1.5598 0.374 2.3702, 1.6155 0.374 2.4417, 1.6124 0.374 2.4462, 1.6105 0.374 2.4479, 1.5933 0.374 2.4569, 1.581 0.374 2.4582, 1.5698 0.374 2.4573, 1.5595 0.374 2.4024, 1.5563 0.374 2.3978, 1.5545 0.374 2.3929, 1.5539 0.374 2.3867, 1.5646 0.374 2.3661, 1.5699 0.374 2.3629, 1.5826 0.374 2.4446, 1.5876 0.374 2.4443, 1.6009 0.374 2.4318, 1.5921 0.374 2.4431, 1.5958 0.374 2.4411, 1.6007 0.374 2.4296, 1.6001 0.374 2.427, 1.5989 0.374 2.4247, 1.5972 0.374 2.423, 1.5914 0.374 2.4193, 1.5714 0.374 2.4433, 1.581 0.374 2.4148, 1.562 0.374 2.4398, 1.5745 0.374 2.4121, 1.5634 0.374 2.406, 1.5983 0.374 2.4389, 1.5998 0.374 2.4367, 1.6006 0.374 2.4345, 1.6015 0.374 2.3734, 1.5928 0.374 2.4026, 1.6028 0.374 2.4072, 1.5907 0.374 2.3721, 1.59 0.374 2.3721, 1.5818 0.374 2.398, 1.5814 0.374 2.3731, 1.571 0.374 2.385, 1.5712 0.374 2.3871, 1.5771 0.374 2.3747, 1.5756 0.374 2.3756, 1.5737 0.374 2.3773, 1.5722 0.374 2.3795, 1.5714 0.374 2.3818, 1.5719 0.374 2.3897, 1.5732 0.374 2.3919, 1.5753 0.374 2.3941, 1.4917 0.374 2.3596, 1.4357 0.374 2.3607, 1.4537 0.374 2.456, 1.4357 0.374 2.4942, 1.5016 0.374 2.3844, 1.4995 0.374 2.3766, 1.4991 0.374 2.3766, 1.4983 0.374 2.3798, 1.497 0.374 2.3843, 1.5184 0.374 2.4328, 1.471 0.374 2.456, 1.5184 0.374 2.388, 1.5452 0.374 2.456, 1.5265 0.374 2.456, 1.5083 0.374 2.3596, 1.5078 0.374 2.3609, 1.5184 0.374 2.3376, 1.5151 0.374 2.3436, 1.5495 0.374 2.3067, 1.5417 0.374 2.3172, 1.5417 0.374 2.3321, 1.5383 0.374 2.331, 1.5322 0.374 2.3302, 1.5184 0.374 2.3188, 1.5242 0.374 2.3166, 1.5184 0.374 2.3067, 1.5309 0.374 2.3158, 1.5346 0.374 2.316, 1.5281 0.374 2.3306, 1.5245 0.374 2.332, 1.3934 0.374 2.3067, 1.4969 0.374 2.3463, 1.5045 0.374 2.3316, 1.5106 0.374 2.3243, 1.5117 0.374 2.3232, 1.5176 0.374 2.3191, 1.4184 0.374 2.3759, 1.3934 0.374 2.3759, 1.4184 0.374 2.4208, 1.3934 0.374 2.4208, 1.3934 0.374 2.4942, 1.3669 0.374 2.4942, 1.3669 0.374 2.4788, 1.3707 0.374 2.4208, 1.3639 0.374 2.3759, 1.3707 0.374 2.4361, 1.3934 0.374 2.4788, 1.3934 0.374 2.4361, 1.4184 0.374 2.4788, 1.4184 0.374 2.4361, 1.7314 0.374 2.3067, 1.7234 0.374 0.3937, 1.6352 0.374 0.3937, 1.5184 0.374 0.3937, 1.3934 0.374 0.3937, 1.3513 0.374 0.3937, 1.3513 0.374 2.3067, 1.3513 0.374 2.3596, 1.2263 0.374 0.3937, 0.8662 0.374 0.3937, 1.2263 0.374 2.3067, 0.8662 0.374 2.3067, 1.2263 0.374 2.3596, 0.8662 0.374 2.3596, 1.7314 0.374 2.3596, 1.7335 0.374 2.3607, 1.8052 0.374 2.3607, 1.7335 0.374 2.3759, 1.7365 0.374 2.4788, 1.8052 0.374 2.4942, 1.7365 0.374 2.4942, 1.788 0.374 2.4208, 1.788 0.374 2.3759, 1.7403 0.374 2.4208, 1.7403 0.374 2.4361, 1.788 0.374 2.4361, 1.788 0.374 2.4788, 1.302 0.374 2.3607, 1.3387 0.374 2.3607, 1.2371 0.374 2.4602, 1.2304 0.374 2.4206, 1.2337 0.374 2.405, 1.2402 0.374 2.3912, 1.2502 0.374 2.3794, 1.2642 0.374 2.3694, 1.2794 0.374 2.3635, 1.3387 0.374 2.4942, 1.3006 0.374 2.4942, 1.2802 0.374 2.4919, 1.2641 0.374 2.486, 1.2502 0.374 2.4765, 1.2454 0.374 2.4718, 1.2036 0.374 2.3607, 1.2226 0.374 2.3607, 1.1216 0.374 2.3607, 1.1352 0.374 2.3972, 1.1908 0.374 2.3972, 1.1718 0.374 2.4942, 1.1025 0.374 2.3607, 1.1534 0.374 2.4942, 0.8662 0.374 2.5322, 1.8052 0.374 2.5724, 1.8052 0.374 2.7059, 1.7349 0.374 2.5724, 1.3975 0.374 2.6323, 1.4008 0.374 2.6167, 1.4074 0.374 2.6029, 1.4173 0.374 2.5911, 1.5058 0.374 2.5724, 1.4043 0.374 2.6719, 1.4313 0.374 2.5811, 1.4465 0.374 2.5752, 1.4691 0.374 2.5724, 1.5058 0.374 2.7059, 1.4677 0.374 2.7059, 1.4473 0.374 2.7036, 1.4312 0.374 2.6977, 1.4173 0.374 2.6882, 1.4125 0.374 2.6836, 0.8662 0.374 2.707, 0.6299 0.374 0.3937, 0.6299 0.374 2.3067, 0.6299 0.374 2.3596, 0.6299 0.374 2.5322, 0.6299 0.374 2.707, 1.7234 0.374 2.8669, 1.7314 0.374 2.8669, 1.6105 0.374 2.8669, 1.5495 0.374 2.8669, 1.5184 0.374 2.8669, 1.3934 0.374 2.8669, 1.3513 0.374 2.8669, 1.2263 0.374 2.8669, 0.8662 0.374 2.8669, 0.6299 0.374 2.8669, 1.8599 0.374 2.9921, 1.7314 0.374 2.9921, 1.7234 0.374 2.9921, 1.6352 0.374 2.9921, 1.6105 0.374 2.9921, 1.5495 0.374 2.9921, 1.5184 0.374 2.9921, 1.3934 0.374 2.9921, 1.3513 0.374 2.9921, 1.2263 0.374 2.9921, 0.8662 0.374 2.9921, 0.6299 0.374 2.9921, 0.6299 0.374 2.9921
            ]
        }
        coordIndex [
            0,1,2,-1,3,4,5,-1,6,7,8,-1,9,10,11,-1,12,13,14,-1,15,16,17,-1,18,19,20,-1,21,22,23,-1,24,25,26,-1,27,28,29,-1,29,28,30,-1,31,32,33,-1,33,32,29,-1,33,29,34,-1,34,29,35,-1,30,36,29,-1,29,36,37,-1,29,37,35,-1,38,39,1,-1,1,39,40,-1,1,40,2,-1,2,40,41,-1,2,41,42,-1,38,1,43,-1,43,1,44,-1,43,44,45,-1,44,46,47,-1,44,48,45,-1,45,48,49,-1,45,49,50,-1,50,49,51,-1,50,51,52,-1,47,53,44,-1,44,53,54,-1,44,54,48,-1,55,56,57,-1,55,57,58,-1,56,59,57,-1,57,59,60,-1,57,60,61,-1,61,60,62,-1,62,63,61,-1,61,63,64,-1,61,64,44,-1,44,64,65,-1,44,65,46,-1,66,58,67,-1,67,58,57,-1,67,57,68,-1,68,57,69,-1,68,69,70,-1,70,69,71,-1,72,73,74,-1,74,73,75,-1,76,77,69,-1,69,77,78,-1,69,78,71,-1,75,79,74,-1,74,79,80,-1,74,80,76,-1,76,80,81,-1,76,81,77,-1,82,83,73,-1,73,83,84,-1,84,85,73,-1,73,85,86,-1,73,86,75,-1,87,88,89,-1,90,91,92,-1,92,91,93,-1,87,89,94,-1,95,96,97,-1,98,99,91,-1,91,99,100,-1,91,100,101,-1,31,102,32,-1,32,102,103,-1,32,103,97,-1,97,103,104,-1,97,104,95,-1,88,105,89,-1,89,105,106,-1,89,106,107,-1,108,109,110,-1,110,109,111,-1,110,111,112,-1,113,101,114,-1,114,101,115,-1,114,115,110,-1,110,115,116,-1,110,116,108,-1,113,117,101,-1,101,117,118,-1,101,118,91,-1,91,118,119,-1,91,119,93,-1,96,120,97,-1,97,120,121,-1,97,121,122,-1,123,124,125,-1,125,124,126,-1,125,126,89,-1,89,126,127,-1,89,127,94,-1,128,129,89,-1,89,129,130,-1,89,130,91,-1,91,130,131,-1,91,131,98,-1,132,133,82,-1,133,134,82,-1,82,134,135,-1,82,135,136,-1,136,137,82,-1,82,137,138,-1,82,138,139,-1,139,138,123,-1,139,123,140,-1,140,123,125,-1,107,141,89,-1,89,141,142,-1,89,142,143,-1,143,144,89,-1,89,144,145,-1,89,145,128,-1,146,147,148,-1,147,149,148,-1,148,149,150,-1,148,150,151,-1,100,148,101,-1,101,148,152,-1,101,152,153,-1,154,155,156,-1,156,155,157,-1,156,157,158,-1,154,156,100,-1,100,156,159,-1,100,159,148,-1,148,159,160,-1,148,160,146,-1,161,162,163,-1,163,162,164,-1,163,164,165,-1,151,150,166,-1,166,150,167,-1,166,167,168,-1,168,167,169,-1,168,169,170,-1,153,171,101,-1,101,171,163,-1,101,163,172,-1,172,163,165,-1,173,174,175,-1,175,174,176,-1,177,178,179,-1,179,178,180,-1,179,180,181,-1,181,180,11,-1,181,11,176,-1,176,11,182,-1,176,182,175,-1,183,184,185,-1,185,184,180,-1,185,180,186,-1,186,180,178,-1,187,188,189,-1,189,188,190,-1,191,192,193,-1,193,192,194,-1,190,188,195,-1,195,188,196,-1,195,196,197,-1,194,198,199,-1,199,198,200,-1,199,200,201,-1,202,203,204,-1,204,203,205,-1,204,205,206,-1,206,205,207,-1,206,207,196,-1,208,209,191,-1,191,209,210,-1,191,210,192,-1,211,212,213,-1,213,212,203,-1,213,203,214,-1,214,203,215,-1,216,217,218,-1,216,219,220,-1,216,221,222,-1,218,223,216,-1,216,223,224,-1,216,224,225,-1,225,224,215,-1,225,215,226,-1,226,215,203,-1,226,203,208,-1,208,203,202,-1,208,202,209,-1,227,228,229,-1,229,228,230,-1,229,230,231,-1,220,232,216,-1,216,232,233,-1,216,233,221,-1,222,234,216,-1,216,234,235,-1,216,235,236,-1,219,216,229,-1,229,216,237,-1,229,237,227,-1,236,238,216,-1,216,238,239,-1,216,239,217,-1,240,241,242,-1,242,241,243,-1,242,243,208,-1,208,243,244,-1,208,244,226,-1,245,246,240,-1,26,247,248,-1,248,249,26,-1,26,249,250,-1,26,250,24,-1,251,252,26,-1,26,252,253,-1,26,253,247,-1,254,255,256,-1,256,255,257,-1,256,257,251,-1,251,257,258,-1,251,258,252,-1,259,260,261,-1,211,262,212,-1,212,262,263,-1,212,263,259,-1,259,263,264,-1,259,264,260,-1,261,265,259,-1,259,265,266,-1,259,266,267,-1,268,269,270,-1,270,269,271,-1,272,273,274,-1,275,276,277,-1,278,279,212,-1,212,279,280,-1,212,280,281,-1,268,282,269,-1,269,282,283,-1,269,283,284,-1,284,283,285,-1,286,287,285,-1,285,287,288,-1,285,288,284,-1,289,290,275,-1,275,290,291,-1,275,291,276,-1,292,293,274,-1,274,293,294,-1,274,294,295,-1,296,297,259,-1,259,297,298,-1,259,298,212,-1,212,298,299,-1,212,299,278,-1,277,300,275,-1,275,300,301,-1,275,301,259,-1,259,301,271,-1,259,271,296,-1,296,271,269,-1,281,302,212,-1,212,302,303,-1,212,303,304,-1,305,306,285,-1,285,306,307,-1,285,307,308,-1,308,309,285,-1,285,309,310,-1,285,310,286,-1,295,311,274,-1,274,311,312,-1,274,312,272,-1,272,312,313,-1,314,315,316,-1,316,315,317,-1,316,317,275,-1,275,317,318,-1,275,318,289,-1,319,320,272,-1,272,320,321,-1,322,323,212,-1,324,325,321,-1,326,327,328,-1,324,321,329,-1,325,322,321,-1,321,322,212,-1,321,212,272,-1,272,212,304,-1,272,304,273,-1,326,328,321,-1,321,328,330,-1,321,330,329,-1,331,332,333,-1,333,332,12,-1,333,12,334,-1,335,336,23,-1,337,338,203,-1,339,340,23,-1,23,340,341,-1,323,342,212,-1,212,342,343,-1,212,343,203,-1,203,343,344,-1,203,344,337,-1,338,345,203,-1,203,345,346,-1,203,346,205,-1,205,346,347,-1,205,347,335,-1,348,349,336,-1,336,349,350,-1,336,350,23,-1,23,350,351,-1,23,351,339,-1,341,352,23,-1,23,352,353,-1,23,353,21,-1,354,355,356,-1,356,355,357,-1,356,357,358,-1,356,359,354,-1,354,359,360,-1,354,360,361,-1,361,362,354,-1,354,362,363,-1,354,363,364,-1,364,363,365,-1,364,365,366,-1,366,365,367,-1,366,367,336,-1,336,367,368,-1,336,368,348,-1,369,370,358,-1,358,370,371,-1,358,371,356,-1,372,373,327,-1,327,373,374,-1,327,374,328,-1,372,375,373,-1,373,375,376,-1,373,376,377,-1,377,376,378,-1,377,379,380,-1,378,381,377,-1,377,381,382,-1,377,382,383,-1,383,384,377,-1,377,384,385,-1,377,385,379,-1,380,386,377,-1,377,386,387,-1,377,387,388,-1,389,390,391,-1,391,390,392,-1,393,394,395,-1,395,396,393,-1,393,396,397,-1,393,397,398,-1,398,397,399,-1,398,399,207,-1,400,401,23,-1,335,23,205,-1,205,23,401,-1,205,401,207,-1,207,401,402,-1,207,402,398,-1,23,20,400,-1,400,20,403,-1,400,403,404,-1,19,405,20,-1,20,405,406,-1,20,406,403,-1,407,408,409,-1,334,12,22,-1,22,12,407,-1,22,407,23,-1,23,407,409,-1,23,409,20,-1,20,409,410,-1,20,410,411,-1,412,413,414,-1,414,413,415,-1,414,415,407,-1,407,415,416,-1,407,416,408,-1,411,417,20,-1,20,417,418,-1,20,418,18,-1,16,390,17,-1,17,390,389,-1,17,389,419,-1,419,389,420,-1,419,420,421,-1,421,422,419,-1,419,422,423,-1,419,423,414,-1,414,423,424,-1,414,424,412,-1,425,426,427,-1,427,426,428,-1,399,391,207,-1,207,391,392,-1,207,392,184,-1,184,392,429,-1,184,429,180,-1,180,429,430,-1,180,430,431,-1,428,426,432,-1,432,426,433,-1,432,433,434,-1,431,435,436,-1,436,435,437,-1,436,437,438,-1,72,439,73,-1,73,439,97,-1,73,97,82,-1,82,97,122,-1,82,122,132,-1,440,441,316,-1,316,441,313,-1,316,313,314,-1,314,313,312,-1,12,14,407,-1,407,14,442,-1,407,442,414,-1,414,442,443,-1,414,443,419,-1,441,13,313,-1,313,13,12,-1,313,12,272,-1,272,12,332,-1,272,332,319,-1,319,332,331,-1,443,444,419,-1,419,444,445,-1,419,445,17,-1,17,445,446,-1,17,446,15,-1,15,446,433,-1,447,448,449,-1,449,448,450,-1,449,450,451,-1,451,450,452,-1,453,454,455,-1,454,453,456,-1,456,453,256,-1,456,256,457,-1,439,453,97,-1,97,453,455,-1,97,455,32,-1,32,455,458,-1,32,458,256,-1,256,458,459,-1,256,459,457,-1,460,461,462,-1,462,461,456,-1,462,456,463,-1,463,456,457,-1,463,457,464,-1,464,457,465,-1,72,440,439,-1,439,440,316,-1,439,316,453,-1,453,316,275,-1,453,275,256,-1,256,275,259,-1,256,259,254,-1,254,259,267,-1,466,467,446,-1,446,467,180,-1,446,180,433,-1,433,180,431,-1,433,431,434,-1,434,431,436,-1,9,11,468,-1,10,469,451,-1,451,469,470,-1,451,470,471,-1,471,472,451,-1,451,472,473,-1,451,473,474,-1,474,466,451,-1,451,466,446,-1,451,446,449,-1,449,446,445,-1,449,445,447,-1,447,445,444,-1,467,475,180,-1,180,475,476,-1,180,476,11,-1,11,476,477,-1,11,477,478,-1,478,479,11,-1,11,479,480,-1,11,480,468,-1,481,482,451,-1,483,484,485,-1,10,451,11,-1,11,451,482,-1,11,482,486,-1,485,481,483,-1,483,481,451,-1,483,451,487,-1,487,451,452,-1,487,452,488,-1,488,452,489,-1,490,491,29,-1,29,491,6,-1,29,6,251,-1,251,6,8,-1,251,8,256,-1,256,8,492,-1,256,492,32,-1,32,492,490,-1,32,490,29,-1,493,494,184,-1,184,494,495,-1,184,495,496,-1,199,197,194,-1,194,197,196,-1,194,196,193,-1,193,196,207,-1,193,207,497,-1,3,5,498,-1,173,175,183,-1,183,175,5,-1,183,5,184,-1,184,5,4,-1,184,4,493,-1,496,499,184,-1,184,499,500,-1,184,500,207,-1,207,500,501,-1,207,501,497,-1,497,502,193,-1,193,502,503,-1,193,503,5,-1,5,503,504,-1,5,504,505,-1,505,506,5,-1,5,506,507,-1,5,507,498,-1,486,488,11,-1,11,488,489,-1,11,489,182,-1,182,489,508,-1,448,509,450,-1,450,509,510,-1,450,510,452,-1,452,510,511,-1,452,511,489,-1,489,511,512,-1,489,512,508,-1,508,512,513,-1,246,245,25,-1,25,245,514,-1,25,514,26,-1,26,514,515,-1,26,515,251,-1,251,515,2,-1,251,2,29,-1,29,2,42,-1,29,42,27,-1,240,242,245,-1,245,242,208,-1,245,208,516,-1,516,208,191,-1,516,191,517,-1,517,191,193,-1,517,193,518,-1,518,193,5,-1,518,5,519,-1,519,5,175,-1,519,175,520,-1,520,175,182,-1,520,182,521,-1,521,182,508,-1,521,508,522,-1,522,508,513,-1,522,513,523,-1,0,2,524,-1,524,2,515,-1,524,515,525,-1,525,515,514,-1,525,514,526,-1,526,514,245,-1,526,245,527,-1,527,245,516,-1,527,516,528,-1,528,516,517,-1,528,517,529,-1,529,517,518,-1,529,518,530,-1,530,518,519,-1,530,519,531,-1,531,519,520,-1,531,520,532,-1,532,520,521,-1,532,521,533,-1,533,521,522,-1,533,522,534,-1,534,522,523,-1,534,523,535,-1,
        ]
    }
}
Shape{
    appearance Appearance {
        material  Material 	{
            diffuseColor 0.25098039215686274 0.25098039215686274 0.25098039215686274
            specularColor 0.12549019607843137 0.12549019607843137 0.12549019607843137
            ambientIntensity 0.2
            transparency 0
            shininess 0.5
        }
    }
    geometry IndexedFaceSet {
        ccw TRUE
        solid FALSE
        coord DEF co Coordinate {
            point [
                3.6417 0.2953 0.3937, 3.8386 0.2953 0.3937, 3.8386 0.8858 0.3937, 1.4173 0.1575 0.3937, 1.4961 -0.3346 0.3937, 1.4961 0.2362 0.3937, 2.3425 0.1575 0.3937, 2.9921 0.2362 0.3937, 2.126 0.2362 0.3937, 1.2795 -0.315 0.3937, 1.2795 0.1575 0.3937, 0.5709 0.1772 0.3937, 2.9474 -0.5655 0.3937, 3.0037 -0.4921 0.3937, 3.0391 -0.4067 0.3937, 2.126 -0.3346 0.3937, 2.2047 -0.315 0.3937, 2.2047 0.1575 0.3937, 3.189 0.1772 0.3937, 3.189 -0.315 0.3937, 3.6417 -0.2953 0.3937, 3.1722 -0.4423 0.3937, 3.123 -0.561 0.3937, 0.6299 0.2362 0.3937, -0.5709 -0.315 0.3937, -0.5709 0.1772 0.3937, -1.2795 0.1575 0.3937, -1.4961 0.2362 0.3937, -0.6299 0.2362 0.3937, -0.6146 0.2342 0.3937, 2.39 -0.4921 0.3937, 2.4463 -0.5655 0.3937, -1.4961 -0.3346 0.3937, -1.4173 -0.315 0.3937, -1.4173 0.1575 0.3937, -0.5729 0.1925 0.3937, -0.5788 0.2067 0.3937, -0.5882 0.2189 0.3937, 0.6004 0.2283 0.3937, 0.5882 0.2189 0.3937, 0.5788 0.2067 0.3937, 3.0217 0.2283 0.3937, 3.0492 0.1925 0.3937, 3.0339 0.2189 0.3937, 3.0433 0.2067 0.3937, 3.0074 0.2342 0.3937, 3.0512 0.1772 0.3937, 3.0512 -0.315 0.3937, 2.3425 -0.315 0.3937, 2.3546 -0.4067 0.3937, 2.5197 -0.6218 0.3937, 2.6051 -0.6572 0.3937, 2.6969 -0.6693 0.3937, -3.0512 0.1772 0.3937, -3.0512 -0.315 0.3937, -2.3425 -0.315 0.3937, -3.0391 -0.4067 0.3937, -2.3546 -0.4067 0.3937, -2.9921 0.2362 0.3937, -2.3425 0.1575 0.3937, -2.126 0.2362 0.3937, -2.2047 0.1575 0.3937, -2.126 -0.3346 0.3937, 0.6146 0.2342 0.3937, 0.5729 0.1925 0.3937, 0.8335 -0.6572 0.3937, 0.9252 -0.6693 0.3937, 1.0169 -0.6572 0.3937, 2.7886 -0.6572 0.3937, 2.874 -0.6218 0.3937, -3.1823 0.2281 0.3937, -3.1626 0.2756 0.3937, -3.8386 0.8858 0.3937, -1.2795 -0.315 0.3937, -1.2675 -0.4067 0.3937, -1.2321 -0.4921 0.3937, -0.6004 0.2283 0.3937, 0.5709 -0.315 0.3937, 0.5829 -0.4067 0.3937, 0.6183 -0.4921 0.3937, 1.1024 -0.6218 0.3937, 1.1757 -0.5655 0.3937, 1.2675 -0.4067 0.3937, 1.2321 -0.4921 0.3937, -1.1757 -0.5655 0.3937, -1.1024 -0.6218 0.3937, -1.0169 -0.6572 0.3937, -0.9252 -0.6693 0.3937, -0.8335 -0.6572 0.3937, -0.748 -0.6218 0.3937, 0.6746 -0.5655 0.3937, 0.748 -0.6218 0.3937, -3.189 0.1772 0.3937, 3.1823 0.2281 0.3937, 3.1626 0.2756 0.3937, -0.6746 -0.5655 0.3937, -0.6183 -0.4921 0.3937, -0.5829 -0.4067 0.3937, -1.3514 -0.561 0.3937, -1.4006 -0.4423 0.3937, -2.4508 -0.7412 0.3937, -0.9252 -0.8071 0.3937, -2.3489 -0.6629 0.3937, -1.0526 -0.7903 0.3937, -2.2707 -0.561 0.3937, -1.1713 -0.7412 0.3937, 0.5315 0.3476 0.3937, 0.579 0.3673 0.3937, -0.4594 0.2756 0.3937, -2.39 -0.4921 0.3937, -3.0037 -0.4921 0.3937, -2.9474 -0.5655 0.3937, -2.6051 -0.6572 0.3937, -2.5197 -0.6218 0.3937, -2.6969 -0.6693 0.3937, -2.7886 -0.6572 0.3937, -2.874 -0.6218 0.3937, -2.4463 -0.5655 0.3937, -3.0492 0.1925 0.3937, -3.0074 0.2342 0.3937, -3.0217 0.2283 0.3937, -3.0339 0.2189 0.3937, -3.0433 0.2067 0.3937, -1.2732 -0.6629 0.3937, -2.2215 -0.4423 0.3937, -2.2047 -0.315 0.3937, 2.9921 0.374 0.3937, 3.0431 0.3673 0.3937, -3.189 -0.315 0.3937, -3.8386 -0.8858 0.3937, -3.1722 -0.4423 0.3937, -3.1313 0.3164 0.3937, -3.0906 0.3476 0.3937, -3.0431 0.3673 0.3937, 2.2707 -0.561 0.3937, 2.2215 -0.4423 0.3937, -2.9429 -0.7412 0.3937, -3.0448 -0.6629 0.3937, -3.123 -0.561 0.3937, 3.0906 0.3476 0.3937, 3.1313 0.3164 0.3937, 2.4508 -0.7412 0.3937, 2.3489 -0.6629 0.3937, 1.3514 -0.561 0.3937, 1.4006 -0.4423 0.3937, 1.4173 -0.315 0.3937, -0.4331 0.1772 0.3937, -0.4331 -0.315 0.3937, 0.4331 -0.315 0.3937, 0.4498 -0.4423 0.3937, 0.6299 0.374 0.3937, -0.4907 0.3164 0.3937, -0.5315 0.3476 0.3937, 3.8386 -0.8858 0.3937, 3.8386 -0.2953 0.3937, 0.6791 -0.7412 0.3937, -0.5772 -0.6629 0.3937, 0.7978 -0.7903 0.3937, -0.6791 -0.7412 0.3937, -0.7978 -0.7903 0.3937, -2.9921 0.374 0.3937, -0.6299 0.374 0.3937, -0.579 0.3673 0.3937, 0.4331 0.1772 0.3937, 0.4398 0.2281 0.3937, -0.4398 0.2281 0.3937, 0.4594 0.2756 0.3937, 0.4907 0.3164 0.3937, 3.0448 -0.6629 0.3937, 2.9429 -0.7412 0.3937, 2.8242 -0.7903 0.3937, 2.6969 -0.8071 0.3937, 2.5695 -0.7903 0.3937, 1.2732 -0.6629 0.3937, 1.1713 -0.7412 0.3937, -0.4498 -0.4423 0.3937, -0.499 -0.561 0.3937, 0.499 -0.561 0.3937, 0.5772 -0.6629 0.3937, 0.8662 0.374 0.3937, 1.2263 0.374 0.3937, 1.3513 0.374 0.3937, -2.5695 -0.7903 0.3937, -2.6969 -0.8071 0.3937, -2.8242 -0.7903 0.3937, 1.3934 0.374 0.3937, 1.5184 0.374 0.3937, 1.5495 0.374 0.3937, 0.9252 -0.8071 0.3937, 1.0526 -0.7903 0.3937, 1.6105 0.374 0.3937, 1.6352 0.374 0.3937, 1.7234 0.374 0.3937, 1.7314 0.374 0.3937, 1.8599 0.374 0.3937, 1.8599 0.374 0.3937
            ]
        }
        coordIndex [
            0,1,2,-1,3,4,5,-1,6,7,8,-1,9,10,11,-1,12,13,14,-1,15,16,8,-1,8,16,17,-1,8,17,6,-1,18,19,20,-1,20,19,21,-1,20,21,22,-1,3,5,10,-1,10,5,23,-1,10,23,11,-1,24,25,26,-1,27,26,28,-1,28,26,25,-1,28,25,29,-1,30,31,14,-1,32,33,27,-1,27,33,34,-1,27,34,26,-1,35,36,37,-1,38,39,40,-1,41,42,43,-1,43,42,44,-1,41,45,42,-1,42,45,7,-1,42,7,46,-1,46,7,6,-1,46,6,47,-1,47,6,48,-1,47,48,14,-1,14,48,49,-1,14,49,30,-1,31,50,14,-1,14,50,51,-1,14,51,52,-1,53,54,55,-1,55,54,56,-1,55,56,57,-1,58,59,60,-1,60,59,61,-1,60,61,62,-1,23,63,11,-1,11,63,38,-1,11,38,64,-1,64,38,40,-1,65,66,9,-1,9,66,67,-1,52,68,14,-1,14,68,69,-1,14,69,12,-1,70,71,72,-1,26,73,24,-1,24,73,74,-1,24,74,75,-1,35,37,25,-1,25,37,76,-1,25,76,29,-1,11,77,9,-1,9,77,78,-1,9,78,79,-1,67,80,9,-1,9,80,81,-1,9,81,82,-1,82,81,83,-1,75,84,24,-1,24,84,85,-1,24,85,86,-1,86,87,24,-1,24,87,88,-1,24,88,89,-1,79,90,9,-1,9,90,91,-1,9,91,65,-1,70,72,92,-1,20,0,18,-1,18,0,2,-1,18,2,93,-1,93,2,94,-1,89,95,24,-1,24,95,96,-1,24,96,97,-1,62,98,32,-1,32,98,99,-1,32,99,33,-1,100,101,102,-1,102,101,103,-1,102,103,104,-1,104,103,105,-1,106,107,108,-1,57,56,109,-1,109,56,110,-1,109,110,111,-1,112,113,114,-1,114,113,115,-1,111,116,109,-1,109,116,115,-1,109,115,117,-1,117,115,113,-1,55,59,53,-1,53,59,58,-1,53,58,118,-1,118,58,119,-1,119,120,118,-1,118,120,121,-1,118,121,122,-1,105,123,104,-1,104,123,98,-1,104,98,124,-1,124,98,62,-1,124,62,125,-1,125,62,61,-1,126,127,2,-1,92,72,128,-1,128,72,129,-1,128,129,130,-1,71,131,72,-1,72,131,132,-1,72,132,133,-1,4,134,15,-1,15,134,135,-1,15,135,16,-1,136,137,129,-1,129,137,138,-1,129,138,130,-1,127,139,2,-1,2,139,140,-1,2,140,94,-1,141,142,143,-1,143,142,134,-1,143,134,144,-1,144,134,4,-1,144,4,145,-1,145,4,3,-1,146,147,148,-1,148,147,149,-1,107,150,108,-1,108,150,2,-1,108,2,151,-1,151,2,152,-1,153,154,20,-1,155,156,157,-1,157,156,158,-1,157,158,159,-1,133,160,72,-1,72,160,161,-1,72,161,2,-1,2,161,162,-1,2,162,152,-1,148,163,146,-1,146,163,164,-1,146,164,165,-1,165,164,166,-1,165,166,108,-1,108,166,167,-1,108,167,106,-1,22,168,20,-1,20,168,169,-1,20,169,153,-1,153,169,170,-1,153,170,171,-1,141,143,172,-1,172,143,173,-1,172,173,171,-1,171,173,174,-1,171,174,153,-1,147,175,149,-1,149,175,176,-1,149,176,177,-1,177,176,156,-1,177,156,178,-1,178,156,155,-1,150,179,2,-1,2,179,180,-1,2,180,181,-1,100,182,101,-1,101,182,183,-1,101,183,129,-1,129,183,184,-1,129,184,136,-1,181,185,2,-1,2,185,186,-1,2,186,187,-1,159,101,157,-1,157,101,129,-1,157,129,188,-1,188,129,153,-1,188,153,189,-1,189,153,174,-1,187,190,2,-1,2,190,191,-1,2,191,192,-1,192,193,2,-1,2,193,194,-1,2,194,126,-1,
        ]
    }
}
Shape{
    appearance Appearance {
        material  Material 	{
            diffuseColor 0.7529411764705882 0.7529411764705882 0.7529411764705882
            specularColor 0.3764705882352941 0.3764705882352941 0.3764705882352941
            ambientIntensity 0.2
            transparency 0
            shininess 0.5
        }
    }
    geometry IndexedFaceSet {
        ccw TRUE
        solid FALSE
        coord DEF co Coordinate {
            point [
                -1.4961 0.2362 0.3937, -0.6299 0.2362 0.3937, -1.5157 0.2362 0.6187, -0.6299 0.2362 2.9921, -2.1063 0.2362 0.6187, -2.9921 0.2362 2.9921, -2.126 0.2362 0.3937, -2.9921 0.2362 0.3937, -2.9921 0.2362 0.3937
            ]
        }
        coordIndex [
            0,1,2,-1,2,1,3,-1,2,3,4,-1,4,3,5,-1,4,5,6,-1,6,5,7,-1,
        ]
    }
}
Shape{
    appearance Appearance {
        material  Material 	{
            diffuseColor 0.25098039215686274 0.25098039215686274 0.25098039215686274
            specularColor 0.12549019607843137 0.12549019607843137 0.12549019607843137
            ambientIntensity 0.2
            transparency 0
            shininess 0.5
        }
    }
    geometry IndexedFaceSet {
        ccw TRUE
        solid FALSE
        coord DEF co Coordinate {
            point [
                3.8386 -0.2953 0.0, 3.8386 -0.8858 0.0, 3.6417 -0.2953 0.0, -3.8386 -0.8858 0.0, 3.8386 0.2953 0.0, 3.6417 0.2953 0.0, 3.8386 0.8858 0.0, 2.9921 0.374 0.0, 2.4016 0.374 0.0, 0.6146 0.2342 0.0, 0.6299 0.2362 0.0, 0.5709 0.1772 0.0, 1.2205 0.2362 0.0, 0.5709 -0.2953 0.0, -2.9921 0.2362 0.0, -2.4016 0.2362 0.0, -3.0512 -0.2953 0.0, 0.5788 0.2067 0.0, 0.5882 0.2189 0.0, 0.6004 0.2283 0.0, -0.5709 0.1772 0.0, -0.5709 -0.2953 0.0, -0.4331 -0.2953 0.0, -1.2205 0.2362 0.0, -0.6299 0.2362 0.0, -0.6146 0.2342 0.0, 0.4331 -0.2953 0.0, 0.4331 0.1772 0.0, 2.4016 0.2362 0.0, 2.9921 0.2362 0.0, 3.0512 -0.2953 0.0, -1.2205 0.374 0.0, -2.4016 0.374 0.0, -3.1626 0.2756 0.0, -3.1823 0.2281 0.0, -3.8386 0.8858 0.0, -3.189 0.1772 0.0, -3.189 -0.2953 0.0, 0.5729 0.1925 0.0, -0.5788 0.2067 0.0, -0.5729 0.1925 0.0, -0.5882 0.2189 0.0, -0.6004 0.2283 0.0, 3.1626 0.2756 0.0, 3.1313 0.3164 0.0, -0.4398 0.2281 0.0, -0.4594 0.2756 0.0, 0.4398 0.2281 0.0, -0.4907 0.3164 0.0, -3.0431 0.3673 0.0, -3.0906 0.3476 0.0, -3.1313 0.3164 0.0, 3.189 -0.2953 0.0, 3.189 0.1772 0.0, 3.1823 0.2281 0.0, 3.0906 0.3476 0.0, 3.0431 0.3673 0.0, -3.0217 0.2283 0.0, -3.0492 0.1925 0.0, -3.0339 0.2189 0.0, -3.0433 0.2067 0.0, -3.0512 0.1772 0.0, -3.0074 0.2342 0.0, -0.4331 0.1772 0.0, 3.0074 0.2342 0.0, 3.0492 0.1925 0.0, 3.0512 0.1772 0.0, 3.0217 0.2283 0.0, 3.0339 0.2189 0.0, 3.0433 0.2067 0.0, 1.2205 0.374 0.0, 0.6299 0.374 0.0, -0.6299 0.374 0.0, 0.579 0.3673 0.0, 0.5315 0.3476 0.0, -2.9921 0.374 0.0, 0.4907 0.3164 0.0, 0.4594 0.2756 0.0, -0.579 0.3673 0.0, -0.5315 0.3476 0.0, -0.5315 0.3476 0.0
            ]
        }
        coordIndex [
            0,1,2,-1,2,1,3,-1,4,5,6,-1,6,5,7,-1,6,7,8,-1,9,10,11,-1,11,10,12,-1,11,12,13,-1,14,15,16,-1,17,18,19,-1,20,21,3,-1,3,21,22,-1,23,24,20,-1,20,24,25,-1,13,3,26,-1,26,3,22,-1,26,22,27,-1,28,29,30,-1,20,3,23,-1,23,3,16,-1,23,16,31,-1,31,16,15,-1,31,15,32,-1,33,34,35,-1,35,34,36,-1,35,36,3,-1,3,36,37,-1,3,37,16,-1,9,11,19,-1,19,11,38,-1,19,38,17,-1,39,40,41,-1,41,40,20,-1,41,20,42,-1,42,20,25,-1,5,43,44,-1,45,46,47,-1,47,46,48,-1,49,50,35,-1,35,50,51,-1,35,51,33,-1,52,53,5,-1,5,53,54,-1,5,54,43,-1,44,55,5,-1,5,55,56,-1,5,56,7,-1,57,58,59,-1,59,58,60,-1,16,61,14,-1,14,61,58,-1,14,58,62,-1,62,58,57,-1,27,22,47,-1,47,22,63,-1,47,63,45,-1,64,65,29,-1,29,65,66,-1,29,66,30,-1,64,67,65,-1,65,67,68,-1,65,68,69,-1,5,2,52,-1,52,2,3,-1,52,3,30,-1,30,3,13,-1,30,13,28,-1,28,13,12,-1,28,12,8,-1,8,12,70,-1,8,70,6,-1,6,70,71,-1,6,71,72,-1,72,71,73,-1,72,73,74,-1,72,31,6,-1,6,31,32,-1,6,32,35,-1,35,32,75,-1,35,75,49,-1,74,76,72,-1,72,76,77,-1,72,77,78,-1,78,77,47,-1,78,47,79,-1,79,47,48,-1,
        ]
    }
}
Shape{
    appearance Appearance {
        material  Material 	{
            diffuseColor 0.7529411764705882 0.7529411764705882 0.7529411764705882
            specularColor 0.3764705882352941 0.3764705882352941 0.3764705882352941
            ambientIntensity 0.2
            transparency 0
            shininess 0.5
        }
    }
    geometry IndexedFaceSet {
        ccw TRUE
        solid FALSE
        coord DEF co Coordinate {
            point [
                -3.0512 0.0984 -1.3386, -3.189 0.0984 -1.3386, -3.0512 0.1772 -1.3386, -3.189 0.1772 -1.3386, -3.0492 0.1925 -1.3386, -3.1823 0.2281 -1.3386, -3.0433 0.2067 -1.3386, -3.1626 0.2756 -1.3386, -3.0339 0.2189 -1.3386, -3.1313 0.3164 -1.3386, -3.0217 0.2283 -1.3386, -3.0906 0.3476 -1.3386, -3.0074 0.2342 -1.3386, -3.0431 0.3673 -1.3386, -2.9921 0.2362 -1.3386, -2.9921 0.374 -1.3386, -2.9528 0.2362 -1.3386, -2.9528 0.374 -1.3386, -2.4016 0.2362 -0.7874, -2.4016 0.2362 0.0, -2.9921 0.2362 0.0, -2.4016 0.374 0.0, -2.4016 0.374 -0.7874, -2.9921 0.374 0.0, -0.6693 0.2362 -1.3386, -0.6693 0.374 -1.3386, -0.6299 0.2362 -1.3386, -0.6299 0.374 -1.3386, -0.6146 0.2342 -1.3386, -0.579 0.3673 -1.3386, -0.6004 0.2283 -1.3386, -0.5315 0.3476 -1.3386, -0.5882 0.2189 -1.3386, -0.4907 0.3164 -1.3386, -0.5788 0.2067 -1.3386, -0.4594 0.2756 -1.3386, -0.5729 0.1925 -1.3386, -0.4398 0.2281 -1.3386, -0.5709 0.1772 -1.3386, -0.4331 0.1772 -1.3386, -0.5709 0.0984 -1.3386, -0.4331 0.0984 -1.3386, -0.4331 0.0984 -1.3386
            ]
        }
        coordIndex [
            0,1,2,-1,2,1,3,-1,2,3,4,-1,4,3,5,-1,4,5,6,-1,6,5,7,-1,6,7,8,-1,8,7,9,-1,8,9,10,-1,10,9,11,-1,10,11,12,-1,12,11,13,-1,12,13,14,-1,14,13,15,-1,14,15,16,-1,16,15,17,-1,18,19,16,-1,16,19,20,-1,16,20,14,-1,21,22,23,-1,23,22,17,-1,23,17,15,-1,24,25,26,-1,26,25,27,-1,26,27,28,-1,28,27,29,-1,28,29,30,-1,30,29,31,-1,30,31,32,-1,32,31,33,-1,32,33,34,-1,34,33,35,-1,34,35,36,-1,36,35,37,-1,36,37,38,-1,38,37,39,-1,38,39,40,-1,40,39,41,-1,
        ]
    }
}
Shape{
    appearance Appearance {
        material  Material 	{
            diffuseColor 0.25098039215686274 0.25098039215686274 0.25098039215686274
            specularColor 0.12549019607843137 0.12549019607843137 0.12549019607843137
            ambientIntensity 0.2
            transparency 0
            shininess 0.5
        }
    }
    geometry IndexedFaceSet {
        ccw TRUE
        solid FALSE
        coord DEF co Coordinate {
            point [
                3.8386 0.2953 0.0, 3.8386 0.8858 0.0, 3.8386 0.2953 0.3937, 3.8386 0.8858 0.3937, 3.8386 -0.2953 0.3937, 3.8386 -0.8858 0.3937, 3.8386 -0.2953 0.0, 3.8386 -0.8858 0.0, -3.8386 0.8858 0.3937, -3.8386 0.8858 0.0, -3.8386 -0.8858 0.3937, -3.8386 -0.8858 0.0, 3.6417 0.2953 0.0, 3.6417 0.2953 0.3937, 3.6417 -0.2953 0.3937, 3.6417 -0.2953 0.0, 3.6417 -0.2953 0.0
            ]
        }
        coordIndex [
            0,1,2,-1,2,1,3,-1,4,5,6,-1,6,5,7,-1,8,3,9,-1,9,3,1,-1,10,8,11,-1,11,8,9,-1,5,10,7,-1,7,10,11,-1,12,0,13,-1,13,0,2,-1,14,4,15,-1,15,4,6,-1,15,12,14,-1,14,12,13,-1,
        ]
    }
}
Shape{
    appearance Appearance {
        material  Material 	{
            diffuseColor 0.7529411764705882 0.7529411764705882 0.7529411764705882
            specularColor 0.3764705882352941 0.3764705882352941 0.3764705882352941
            ambientIntensity 0.2
            transparency 0
            shininess 0.5
        }
    }
    geometry IndexedFaceSet {
        ccw TRUE
        solid FALSE
        coord DEF co Coordinate {
            point [
                -0.5709 -0.2953 -0.9449, -0.5709 -0.2953 0.0, -0.5709 0.0984 -1.3386, -0.5709 0.1772 0.0, -0.5709 0.1772 -1.3386, -0.6299 0.2362 0.0, -0.6299 0.2362 -1.3386, -0.6146 0.2342 0.0, -0.6146 0.2342 -1.3386, -0.6004 0.2283 0.0, -0.6004 0.2283 -1.3386, -0.5882 0.2189 0.0, -0.5882 0.2189 -1.3386, -0.5788 0.2067 0.0, -0.5788 0.2067 -1.3386, -0.5729 0.1925 0.0, -0.5729 0.1925 -1.3386, -1.2205 0.2362 0.0, -1.2205 0.2362 -0.7874, -0.6693 0.2362 -1.3386, -3.0512 0.1772 0.0, -3.0512 0.1772 -1.3386, -3.0492 0.1925 0.0, -3.0492 0.1925 -1.3386, -3.0433 0.2067 0.0, -3.0433 0.2067 -1.3386, -3.0339 0.2189 0.0, -3.0339 0.2189 -1.3386, -3.0217 0.2283 0.0, -3.0217 0.2283 -1.3386, -3.0074 0.2342 0.0, -3.0074 0.2342 -1.3386, -2.9921 0.2362 0.0, -2.9921 0.2362 -1.3386, -3.0512 -0.2953 0.0, -3.0512 -0.2953 -0.9449, -3.0512 0.0984 -1.3386, -3.189 -0.2953 -0.9449, -3.189 -0.2953 0.0, -3.189 0.0984 -1.3386, -3.189 0.1772 0.0, -3.189 0.1772 -1.3386, -2.9921 0.374 0.0, -2.9921 0.374 -1.3386, -3.0431 0.3673 -1.3386, -3.0431 0.3673 0.0, -3.0906 0.3476 -1.3386, -3.0906 0.3476 0.0, -3.1313 0.3164 -1.3386, -3.1313 0.3164 0.0, -3.1626 0.2756 -1.3386, -3.1626 0.2756 0.0, -3.1823 0.2281 -1.3386, -3.1823 0.2281 0.0, -1.2205 0.374 -0.7874, -1.2205 0.374 0.0, -0.6693 0.374 -1.3386, -0.6299 0.374 0.0, -0.6299 0.374 -1.3386, -0.4331 0.1772 0.0, -0.4331 0.1772 -1.3386, -0.4398 0.2281 -1.3386, -0.4398 0.2281 0.0, -0.4594 0.2756 -1.3386, -0.4594 0.2756 0.0, -0.4907 0.3164 -1.3386, -0.4907 0.3164 0.0, -0.5315 0.3476 -1.3386, -0.5315 0.3476 0.0, -0.579 0.3673 -1.3386, -0.579 0.3673 0.0, -0.4331 -0.2953 0.0, -0.4331 -0.2953 -0.9449, -0.4331 0.0984 -1.3386, -1.2795 0.1575 2.9921, -1.2795 -0.315 2.9921, -1.2795 0.1575 0.3937, -1.2795 -0.315 0.3937, -1.4173 0.1575 0.3937, -1.4173 0.1575 2.9921, -1.4173 -0.315 0.3937, -1.4173 -0.315 2.9921, -1.4006 -0.4423 0.3937, -1.4006 -0.4423 2.9921, -1.3514 -0.561 0.3937, -1.3514 -0.561 2.9921, -1.2732 -0.6629 0.3937, -1.2732 -0.6629 2.9921, -1.1713 -0.7412 0.3937, -1.1713 -0.7412 2.9921, -1.0526 -0.7903 0.3937, -1.0526 -0.7903 2.9921, -0.9252 -0.8071 0.3937, -0.9252 -0.8071 2.9921, -0.7978 -0.7903 0.3937, -0.7978 -0.7903 2.9921, -0.6791 -0.7412 0.3937, -0.6791 -0.7412 2.9921, -0.5772 -0.6629 0.3937, -0.5772 -0.6629 2.9921, -0.499 -0.561 0.3937, -0.499 -0.561 2.9921, -0.4498 -0.4423 0.3937, -0.4498 -0.4423 2.9921, -0.4331 -0.315 0.3937, -0.4331 -0.315 2.9921, -0.4331 0.1772 0.3937, -0.4331 0.1772 2.9921, -0.4398 0.2281 0.3937, -0.4398 0.2281 2.9921, -0.4594 0.2756 0.3937, -0.4594 0.2756 2.9921, -0.4907 0.3164 0.3937, -0.4907 0.3164 2.9921, -0.5315 0.3476 0.3937, -0.5315 0.3476 2.9921, -0.579 0.3673 0.3937, -0.579 0.3673 2.9921, -0.6299 0.374 0.3937, -0.6299 0.374 2.9921, -2.9921 0.374 0.3937, -2.9921 0.374 2.9921, -3.0431 0.3673 0.3937, -3.0431 0.3673 2.9921, -3.0906 0.3476 0.3937, -3.0906 0.3476 2.9921, -3.1313 0.3164 0.3937, -3.1313 0.3164 2.9921, -3.1626 0.2756 0.3937, -3.1626 0.2756 2.9921, -3.1823 0.2281 0.3937, -3.1823 0.2281 2.9921, -3.189 0.1772 0.3937, -3.189 0.1772 2.9921, -3.189 -0.315 0.3937, -3.189 -0.315 2.9921, -3.1722 -0.4423 0.3937, -3.1722 -0.4423 2.9921, -3.123 -0.561 0.3937, -3.123 -0.561 2.9921, -3.0448 -0.6629 0.3937, -3.0448 -0.6629 2.9921, -2.9429 -0.7412 0.3937, -2.9429 -0.7412 2.9921, -2.8242 -0.7903 0.3937, -2.8242 -0.7903 2.9921, -2.6969 -0.8071 0.3937, -2.6969 -0.8071 2.9921, -2.5695 -0.7903 0.3937, -2.5695 -0.7903 2.9921, -2.4508 -0.7412 0.3937, -2.4508 -0.7412 2.9921, -2.3489 -0.6629 0.3937, -2.3489 -0.6629 2.9921, -2.2707 -0.561 0.3937, -2.2707 -0.561 2.9921, -2.2215 -0.4423 0.3937, -2.2215 -0.4423 2.9921, -2.2047 -0.315 0.3937, -2.2047 -0.315 2.9921, -2.2047 0.1575 0.3937, -2.2047 0.1575 2.9921, -2.3425 0.1575 0.3937, -2.3425 0.1575 2.9921, -2.3425 -0.315 2.9921, -2.3425 -0.315 0.3937, -2.3546 -0.4067 2.9921, -2.3546 -0.4067 0.3937, -2.39 -0.4921 2.9921, -2.39 -0.4921 0.3937, -2.4463 -0.5655 2.9921, -2.4463 -0.5655 0.3937, -2.5197 -0.6218 2.9921, -2.5197 -0.6218 0.3937, -2.6051 -0.6572 2.9921, -2.6051 -0.6572 0.3937, -2.6969 -0.6693 2.9921, -2.6969 -0.6693 0.3937, -2.7886 -0.6572 2.9921, -2.7886 -0.6572 0.3937, -2.874 -0.6218 2.9921, -2.874 -0.6218 0.3937, -2.9474 -0.5655 2.9921, -2.9474 -0.5655 0.3937, -3.0037 -0.4921 2.9921, -3.0037 -0.4921 0.3937, -3.0391 -0.4067 2.9921, -3.0391 -0.4067 0.3937, -3.0512 -0.315 2.9921, -3.0512 -0.315 0.3937, -3.0512 0.1772 2.9921, -3.0512 0.1772 0.3937, -3.0492 0.1925 2.9921, -3.0492 0.1925 0.3937, -3.0433 0.2067 2.9921, -3.0433 0.2067 0.3937, -3.0339 0.2189 2.9921, -3.0339 0.2189 0.3937, -3.0217 0.2283 2.9921, -3.0217 0.2283 0.3937, -3.0074 0.2342 2.9921, -3.0074 0.2342 0.3937, -2.9921 0.2362 2.9921, -2.9921 0.2362 0.3937, -0.6299 0.2362 2.9921, -0.6299 0.2362 0.3937, -0.6146 0.2342 2.9921, -0.6146 0.2342 0.3937, -0.6004 0.2283 2.9921, -0.6004 0.2283 0.3937, -0.5882 0.2189 2.9921, -0.5882 0.2189 0.3937, -0.5788 0.2067 2.9921, -0.5788 0.2067 0.3937, -0.5729 0.1925 2.9921, -0.5729 0.1925 0.3937, -0.5709 0.1772 2.9921, -0.5709 0.1772 0.3937, -0.5709 -0.315 2.9921, -0.5709 -0.315 0.3937, -0.5829 -0.4067 2.9921, -0.5829 -0.4067 0.3937, -0.6183 -0.4921 2.9921, -0.6183 -0.4921 0.3937, -0.6746 -0.5655 2.9921, -0.6746 -0.5655 0.3937, -0.748 -0.6218 2.9921, -0.748 -0.6218 0.3937, -0.8335 -0.6572 2.9921, -0.8335 -0.6572 0.3937, -0.9252 -0.6693 2.9921, -0.9252 -0.6693 0.3937, -1.0169 -0.6572 2.9921, -1.0169 -0.6572 0.3937, -1.1024 -0.6218 2.9921, -1.1024 -0.6218 0.3937, -1.1757 -0.5655 2.9921, -1.1757 -0.5655 0.3937, -1.2321 -0.4921 2.9921, -1.2321 -0.4921 0.3937, -1.2675 -0.4067 2.9921, -1.2675 -0.4067 0.3937, -2.4016 0.374 -0.7874, -2.4016 0.374 0.0, -2.4016 0.2362 -0.7874, -2.4016 0.2362 0.0, -2.9528 0.374 -1.3386, -2.9528 0.2362 -1.3386, 3.189 -0.2953 0.0, 3.189 -0.2953 -0.9449, 3.189 0.1772 0.0, 3.189 0.0984 -1.3386, 3.189 0.1772 -1.3386, 3.1823 0.2281 -1.3386, 3.1823 0.2281 0.0, 3.1626 0.2756 -1.3386, 3.1626 0.2756 0.0, 3.1313 0.3164 -1.3386, 3.1313 0.3164 0.0, 3.0906 0.3476 -1.3386, 3.0906 0.3476 0.0, 3.0431 0.3673 -1.3386, 3.0431 0.3673 0.0, 2.9921 0.374 -1.3386, 2.9921 0.374 0.0, 2.4016 0.374 -0.7874, 2.4016 0.374 0.0, 2.9528 0.374 -1.3386, 3.0512 -0.2953 -0.9449, 3.0512 -0.2953 0.0, 3.0512 0.0984 -1.3386, 3.0512 0.1772 0.0, 3.0512 0.1772 -1.3386, 2.9921 0.2362 0.0, 2.9921 0.2362 -1.3386, 3.0074 0.2342 0.0, 3.0074 0.2342 -1.3386, 3.0217 0.2283 0.0, 3.0217 0.2283 -1.3386, 3.0339 0.2189 0.0, 3.0339 0.2189 -1.3386, 3.0433 0.2067 0.0, 3.0433 0.2067 -1.3386, 3.0492 0.1925 0.0, 3.0492 0.1925 -1.3386, 2.4016 0.2362 0.0, 2.4016 0.2362 -0.7874, 2.9528 0.2362 -1.3386, 1.2795 -0.315 2.9921, 1.2795 0.1575 2.9921, 1.2795 -0.315 0.3937, 1.2795 0.1575 0.3937, 1.4173 0.1575 2.9921, 1.4173 0.1575 0.3937, 1.4173 -0.315 2.9921, 1.4173 -0.315 0.3937, 0.4331 -0.315 2.9921, 0.4331 -0.315 0.3937, 0.4498 -0.4423 0.3937, 0.4498 -0.4423 2.9921, 0.499 -0.561 0.3937, 0.499 -0.561 2.9921, 0.5772 -0.6629 0.3937, 0.5772 -0.6629 2.9921, 0.6791 -0.7412 0.3937, 0.6791 -0.7412 2.9921, 0.7978 -0.7903 0.3937, 0.7978 -0.7903 2.9921, 0.9252 -0.8071 0.3937, 0.9252 -0.8071 2.9921, 1.0526 -0.7903 0.3937, 1.0526 -0.7903 2.9921, 1.1713 -0.7412 0.3937, 1.1713 -0.7412 2.9921, 1.2732 -0.6629 0.3937, 1.2732 -0.6629 2.9921, 1.3514 -0.561 0.3937, 1.3514 -0.561 2.9921, 1.4006 -0.4423 0.3937, 1.4006 -0.4423 2.9921, 0.4331 0.1772 2.9921, 0.4331 0.1772 0.3937, 0.6299 0.374 2.3067, 0.6299 0.374 0.3937, 0.579 0.3673 0.3937, 0.6299 0.374 2.9921, 0.6299 0.374 2.8669, 0.579 0.3673 2.9921, 0.6299 0.374 2.707, 0.6299 0.374 2.5322, 0.6299 0.374 2.3596, 0.5315 0.3476 0.3937, 0.5315 0.3476 2.9921, 0.4907 0.3164 0.3937, 0.4907 0.3164 2.9921, 0.4594 0.2756 0.3937, 0.4594 0.2756 2.9921, 0.4398 0.2281 0.3937, 0.4398 0.2281 2.9921, 3.189 0.1772 2.9921, 3.189 0.1772 0.3937, 3.1823 0.2281 0.3937, 3.1823 0.2281 2.9921, 3.1626 0.2756 0.3937, 3.1626 0.2756 2.9921, 3.1313 0.3164 0.3937, 3.1313 0.3164 2.9921, 3.0906 0.3476 0.3937, 3.0906 0.3476 2.9921, 3.0431 0.3673 0.3937, 3.0431 0.3673 2.9921, 2.9921 0.374 0.3937, 2.9921 0.374 2.3067, 2.9921 0.374 2.3596, 2.9921 0.374 2.5322, 2.9921 0.374 2.707, 2.9921 0.374 2.8669, 2.9921 0.374 2.9921, 3.189 -0.315 2.9921, 3.189 -0.315 0.3937, 2.2047 -0.315 2.9921, 2.2047 -0.315 0.3937, 2.2215 -0.4423 0.3937, 2.2215 -0.4423 2.9921, 2.2707 -0.561 0.3937, 2.2707 -0.561 2.9921, 2.3489 -0.6629 0.3937, 2.3489 -0.6629 2.9921, 2.4508 -0.7412 0.3937, 2.4508 -0.7412 2.9921, 2.5695 -0.7903 0.3937, 2.5695 -0.7903 2.9921, 2.6969 -0.8071 0.3937, 2.6969 -0.8071 2.9921, 2.8242 -0.7903 0.3937, 2.8242 -0.7903 2.9921, 2.9429 -0.7412 0.3937, 2.9429 -0.7412 2.9921, 3.0448 -0.6629 0.3937, 3.0448 -0.6629 2.9921, 3.123 -0.561 0.3937, 3.123 -0.561 2.9921, 3.1722 -0.4423 0.3937, 3.1722 -0.4423 2.9921, 2.2047 0.1575 2.9921, 2.2047 0.1575 0.3937, 2.3425 0.1575 2.9921, 2.3425 0.1575 0.3937, 2.3425 -0.315 2.9921, 2.3425 -0.315 0.3937, 3.0512 -0.315 2.9921, 3.0512 -0.315 0.3937, 3.0391 -0.4067 2.9921, 3.0391 -0.4067 0.3937, 3.0037 -0.4921 2.9921, 3.0037 -0.4921 0.3937, 2.9474 -0.5655 2.9921, 2.9474 -0.5655 0.3937, 2.874 -0.6218 2.9921, 2.874 -0.6218 0.3937, 2.7886 -0.6572 2.9921, 2.7886 -0.6572 0.3937, 2.6969 -0.6693 2.9921, 2.6969 -0.6693 0.3937, 2.6051 -0.6572 2.9921, 2.6051 -0.6572 0.3937, 2.5197 -0.6218 2.9921, 2.5197 -0.6218 0.3937, 2.4463 -0.5655 2.9921, 2.4463 -0.5655 0.3937, 2.39 -0.4921 2.9921, 2.39 -0.4921 0.3937, 2.3546 -0.4067 2.9921, 2.3546 -0.4067 0.3937, 3.0512 0.1772 2.9921, 3.0512 0.1772 0.3937, 2.9921 0.2362 2.9921, 2.9921 0.2362 0.3937, 3.0074 0.2342 2.9921, 3.0074 0.2342 0.3937, 3.0217 0.2283 2.9921, 3.0217 0.2283 0.3937, 3.0339 0.2189 2.9921, 3.0339 0.2189 0.3937, 3.0433 0.2067 2.9921, 3.0433 0.2067 0.3937, 3.0492 0.1925 2.9921, 3.0492 0.1925 0.3937, 2.126 0.2362 0.3937, 2.1063 0.2362 0.6187, 1.5157 0.2362 0.6187, 0.6299 0.2362 2.9921, 1.4961 0.2362 0.3937, 0.6299 0.2362 0.3937, 0.5709 0.1772 2.9921, 0.5709 0.1772 0.3937, 0.5729 0.1925 2.9921, 0.5729 0.1925 0.3937, 0.5788 0.2067 2.9921, 0.5788 0.2067 0.3937, 0.5882 0.2189 2.9921, 0.5882 0.2189 0.3937, 0.6004 0.2283 2.9921, 0.6004 0.2283 0.3937, 0.6146 0.2342 2.9921, 0.6146 0.2342 0.3937, 0.5709 -0.315 2.9921, 0.5709 -0.315 0.3937, 1.2675 -0.4067 2.9921, 1.2675 -0.4067 0.3937, 1.2321 -0.4921 2.9921, 1.2321 -0.4921 0.3937, 1.1757 -0.5655 2.9921, 1.1757 -0.5655 0.3937, 1.1024 -0.6218 2.9921, 1.1024 -0.6218 0.3937, 1.0169 -0.6572 2.9921, 1.0169 -0.6572 0.3937, 0.9252 -0.6693 2.9921, 0.9252 -0.6693 0.3937, 0.8335 -0.6572 2.9921, 0.8335 -0.6572 0.3937, 0.748 -0.6218 2.9921, 0.748 -0.6218 0.3937, 0.6746 -0.5655 2.9921, 0.6746 -0.5655 0.3937, 0.6183 -0.4921 2.9921, 0.6183 -0.4921 0.3937, 0.5829 -0.4067 2.9921, 0.5829 -0.4067 0.3937, 1.8599 0.374 2.9921, 1.7314 0.374 2.9921, 1.7234 0.374 2.9921, 1.6352 0.374 2.9921, 1.6105 0.374 2.9921, 1.5495 0.374 2.9921, 1.5184 0.374 2.9921, 1.3934 0.374 2.9921, 1.3513 0.374 2.9921, 1.2263 0.374 2.9921, 0.8662 0.374 2.9921, 0.5709 -0.2953 0.0, 0.5709 -0.2953 -0.9449, 0.5709 0.1772 0.0, 0.5709 0.0984 -1.3386, 0.5709 0.1772 -1.3386, 0.5729 0.1925 0.0, 0.5729 0.1925 -1.3386, 0.5788 0.2067 0.0, 0.5788 0.2067 -1.3386, 0.5882 0.2189 0.0, 0.5882 0.2189 -1.3386, 0.6004 0.2283 0.0, 0.6004 0.2283 -1.3386, 0.6146 0.2342 0.0, 0.6146 0.2342 -1.3386, 0.6299 0.2362 0.0, 0.6299 0.2362 -1.3386, 1.2205 0.2362 -0.7874, 1.2205 0.2362 0.0, 0.6693 0.2362 -1.3386, 0.4331 -0.2953 -0.9449, 0.4331 -0.2953 0.0, 0.4331 0.0984 -1.3386, 0.4331 0.1772 0.0, 0.4331 0.1772 -1.3386, 0.6299 0.374 0.0, 0.6299 0.374 -1.3386, 0.579 0.3673 -1.3386, 0.579 0.3673 0.0, 0.5315 0.3476 -1.3386, 0.5315 0.3476 0.0, 0.4907 0.3164 -1.3386, 0.4907 0.3164 0.0, 0.4594 0.2756 -1.3386, 0.4594 0.2756 0.0, 0.4398 0.2281 -1.3386, 0.4398 0.2281 0.0, 1.2205 0.374 0.0, 1.2205 0.374 -0.7874, 0.6693 0.374 -1.3386, 0.6693 0.374 -1.3386
            ]
        }
        coordIndex [
            0,1,2,-1,2,1,3,-1,2,3,4,-1,5,6,7,-1,7,6,8,-1,7,8,9,-1,9,8,10,-1,9,10,11,-1,11,10,12,-1,11,12,13,-1,13,12,14,-1,13,14,15,-1,15,14,16,-1,15,16,3,-1,3,16,4,-1,17,18,5,-1,5,18,19,-1,5,19,6,-1,20,21,22,-1,22,21,23,-1,22,23,24,-1,24,23,25,-1,24,25,26,-1,26,25,27,-1,26,27,28,-1,28,27,29,-1,28,29,30,-1,30,29,31,-1,30,31,32,-1,32,31,33,-1,34,35,20,-1,20,35,36,-1,20,36,21,-1,37,38,39,-1,39,38,40,-1,39,40,41,-1,42,43,44,-1,42,44,45,-1,45,44,46,-1,45,46,47,-1,47,46,48,-1,47,48,49,-1,49,48,50,-1,49,50,51,-1,51,50,52,-1,51,52,53,-1,53,52,41,-1,53,41,40,-1,54,55,56,-1,56,55,57,-1,56,57,58,-1,59,60,61,-1,59,61,62,-1,62,61,63,-1,62,63,64,-1,64,63,65,-1,64,65,66,-1,66,65,67,-1,66,67,68,-1,68,67,69,-1,68,69,70,-1,70,69,58,-1,70,58,57,-1,71,72,59,-1,59,72,73,-1,59,73,60,-1,74,75,76,-1,76,75,77,-1,78,79,76,-1,76,79,74,-1,80,81,78,-1,78,81,79,-1,81,80,82,-1,81,82,83,-1,83,82,84,-1,83,84,85,-1,85,84,86,-1,85,86,87,-1,87,86,88,-1,87,88,89,-1,89,88,90,-1,89,90,91,-1,91,90,92,-1,91,92,93,-1,93,92,94,-1,93,94,95,-1,95,94,96,-1,95,96,97,-1,97,96,98,-1,97,98,99,-1,99,98,100,-1,99,100,101,-1,101,100,102,-1,101,102,103,-1,103,102,104,-1,103,104,105,-1,106,107,104,-1,104,107,105,-1,107,106,108,-1,107,108,109,-1,109,108,110,-1,109,110,111,-1,111,110,112,-1,111,112,113,-1,113,112,114,-1,113,114,115,-1,115,114,116,-1,115,116,117,-1,117,116,118,-1,117,118,119,-1,120,121,118,-1,118,121,119,-1,121,120,122,-1,121,122,123,-1,123,122,124,-1,123,124,125,-1,125,124,126,-1,125,126,127,-1,127,126,128,-1,127,128,129,-1,129,128,130,-1,129,130,131,-1,131,130,132,-1,131,132,133,-1,134,135,132,-1,132,135,133,-1,135,134,136,-1,135,136,137,-1,137,136,138,-1,137,138,139,-1,139,138,140,-1,139,140,141,-1,141,140,142,-1,141,142,143,-1,143,142,144,-1,143,144,145,-1,145,144,146,-1,145,146,147,-1,147,146,148,-1,147,148,149,-1,149,148,150,-1,149,150,151,-1,151,150,152,-1,151,152,153,-1,153,152,154,-1,153,154,155,-1,155,154,156,-1,155,156,157,-1,157,156,158,-1,157,158,159,-1,160,161,158,-1,158,161,159,-1,162,163,160,-1,160,163,161,-1,164,163,165,-1,165,163,162,-1,164,165,166,-1,166,165,167,-1,166,167,168,-1,168,167,169,-1,168,169,170,-1,170,169,171,-1,170,171,172,-1,172,171,173,-1,172,173,174,-1,174,173,175,-1,174,175,176,-1,176,175,177,-1,176,177,178,-1,178,177,179,-1,178,179,180,-1,180,179,181,-1,180,181,182,-1,182,181,183,-1,182,183,184,-1,184,183,185,-1,184,185,186,-1,186,185,187,-1,186,187,188,-1,188,187,189,-1,190,188,191,-1,191,188,189,-1,190,191,192,-1,192,191,193,-1,192,193,194,-1,194,193,195,-1,194,195,196,-1,196,195,197,-1,196,197,198,-1,198,197,199,-1,198,199,200,-1,200,199,201,-1,200,201,202,-1,202,201,203,-1,204,205,206,-1,206,205,207,-1,206,207,208,-1,208,207,209,-1,208,209,210,-1,210,209,211,-1,210,211,212,-1,212,211,213,-1,212,213,214,-1,214,213,215,-1,214,215,216,-1,216,215,217,-1,218,216,219,-1,219,216,217,-1,218,219,220,-1,220,219,221,-1,220,221,222,-1,222,221,223,-1,222,223,224,-1,224,223,225,-1,224,225,226,-1,226,225,227,-1,226,227,228,-1,228,227,229,-1,228,229,230,-1,230,229,231,-1,230,231,232,-1,232,231,233,-1,232,233,234,-1,234,233,235,-1,234,235,236,-1,236,235,237,-1,236,237,238,-1,238,237,239,-1,238,239,240,-1,240,239,241,-1,240,241,75,-1,75,241,77,-1,74,79,75,-1,75,79,81,-1,75,81,240,-1,240,81,83,-1,240,83,238,-1,238,83,85,-1,238,85,236,-1,236,85,87,-1,236,87,234,-1,234,87,89,-1,234,89,232,-1,232,89,91,-1,232,91,230,-1,230,91,93,-1,230,93,228,-1,228,93,95,-1,228,95,226,-1,226,95,97,-1,226,97,224,-1,224,97,99,-1,224,99,222,-1,222,99,101,-1,222,101,220,-1,220,101,103,-1,220,103,218,-1,218,103,105,-1,218,105,216,-1,216,105,107,-1,216,107,214,-1,214,107,109,-1,214,109,212,-1,212,109,111,-1,212,111,210,-1,210,111,113,-1,210,113,208,-1,208,113,115,-1,208,115,206,-1,206,115,117,-1,206,117,204,-1,204,117,119,-1,204,119,202,-1,202,119,121,-1,202,121,200,-1,200,121,123,-1,200,123,198,-1,198,123,125,-1,198,125,196,-1,196,125,127,-1,196,127,194,-1,194,127,129,-1,194,129,192,-1,192,129,131,-1,192,131,190,-1,190,131,133,-1,190,133,188,-1,188,133,135,-1,188,135,186,-1,186,135,137,-1,186,137,184,-1,184,137,139,-1,184,139,182,-1,182,139,141,-1,182,141,180,-1,180,141,143,-1,180,143,178,-1,178,143,145,-1,178,145,176,-1,176,145,147,-1,176,147,174,-1,174,147,149,-1,174,149,172,-1,172,149,151,-1,172,151,170,-1,170,151,153,-1,170,153,168,-1,168,153,155,-1,168,155,166,-1,166,155,157,-1,166,157,164,-1,164,157,159,-1,164,159,163,-1,163,159,161,-1,72,71,0,-1,0,71,1,-1,35,34,37,-1,37,34,38,-1,36,35,39,-1,39,35,37,-1,73,72,2,-1,2,72,0,-1,242,243,244,-1,244,243,245,-1,18,17,54,-1,54,17,55,-1,19,18,56,-1,56,18,54,-1,246,242,247,-1,247,242,244,-1,248,249,250,-1,250,249,251,-1,250,251,252,-1,250,252,253,-1,250,253,254,-1,254,253,255,-1,254,255,256,-1,256,255,257,-1,256,257,258,-1,258,257,259,-1,258,259,260,-1,260,259,261,-1,260,261,262,-1,262,261,263,-1,262,263,264,-1,265,266,267,-1,267,266,264,-1,267,264,263,-1,268,269,270,-1,270,269,271,-1,270,271,272,-1,273,274,275,-1,275,274,276,-1,275,276,277,-1,277,276,278,-1,277,278,279,-1,279,278,280,-1,279,280,281,-1,281,280,282,-1,281,282,283,-1,283,282,284,-1,283,284,271,-1,271,284,272,-1,285,286,273,-1,273,286,287,-1,273,287,274,-1,266,265,285,-1,285,265,286,-1,265,267,286,-1,286,267,287,-1,287,267,274,-1,274,267,263,-1,274,263,276,-1,276,263,261,-1,276,261,278,-1,278,261,259,-1,278,259,280,-1,280,259,257,-1,280,257,282,-1,282,257,255,-1,282,255,284,-1,284,255,253,-1,284,253,272,-1,272,253,252,-1,272,252,270,-1,270,252,251,-1,268,270,249,-1,249,270,251,-1,269,268,248,-1,248,268,249,-1,288,289,290,-1,290,289,291,-1,292,293,289,-1,289,293,291,-1,294,295,292,-1,292,295,293,-1,296,297,298,-1,296,298,299,-1,299,298,300,-1,299,300,301,-1,301,300,302,-1,301,302,303,-1,303,302,304,-1,303,304,305,-1,305,304,306,-1,305,306,307,-1,307,306,308,-1,307,308,309,-1,309,308,310,-1,309,310,311,-1,311,310,312,-1,311,312,313,-1,313,312,314,-1,313,314,315,-1,315,314,316,-1,315,316,317,-1,317,316,318,-1,317,318,319,-1,319,318,295,-1,319,295,294,-1,320,321,296,-1,296,321,297,-1,322,323,324,-1,325,326,327,-1,327,326,328,-1,328,329,327,-1,327,329,330,-1,327,330,322,-1,322,324,327,-1,327,324,331,-1,327,331,332,-1,332,331,333,-1,332,333,334,-1,334,333,335,-1,334,335,336,-1,336,335,337,-1,336,337,338,-1,338,337,321,-1,338,321,320,-1,339,340,341,-1,339,341,342,-1,342,341,343,-1,342,343,344,-1,344,343,345,-1,344,345,346,-1,346,345,347,-1,346,347,348,-1,348,347,349,-1,348,349,350,-1,349,351,352,-1,349,352,350,-1,350,352,353,-1,350,353,354,-1,354,355,350,-1,350,355,356,-1,350,356,357,-1,358,359,339,-1,339,359,340,-1,360,361,362,-1,360,362,363,-1,363,362,364,-1,363,364,365,-1,365,364,366,-1,365,366,367,-1,367,366,368,-1,367,368,369,-1,369,368,370,-1,369,370,371,-1,371,370,372,-1,371,372,373,-1,373,372,374,-1,373,374,375,-1,375,374,376,-1,375,376,377,-1,377,376,378,-1,377,378,379,-1,379,378,380,-1,379,380,381,-1,381,380,382,-1,381,382,383,-1,383,382,359,-1,383,359,358,-1,384,385,360,-1,360,385,361,-1,386,387,384,-1,384,387,385,-1,386,388,387,-1,387,388,389,-1,390,391,392,-1,392,391,393,-1,392,393,394,-1,394,393,395,-1,394,395,396,-1,396,395,397,-1,396,397,398,-1,398,397,399,-1,398,399,400,-1,400,399,401,-1,400,401,402,-1,402,401,403,-1,402,403,404,-1,404,403,405,-1,404,405,406,-1,406,405,407,-1,406,407,408,-1,408,407,409,-1,408,409,410,-1,410,409,411,-1,410,411,412,-1,412,411,413,-1,412,413,388,-1,388,413,389,-1,390,414,391,-1,391,414,415,-1,416,417,418,-1,418,417,419,-1,418,419,420,-1,420,419,421,-1,420,421,422,-1,422,421,423,-1,422,423,424,-1,424,423,425,-1,424,425,426,-1,426,425,427,-1,426,427,414,-1,414,427,415,-1,428,417,429,-1,429,417,416,-1,429,416,430,-1,430,416,431,-1,430,431,432,-1,432,431,433,-1,434,435,436,-1,436,435,437,-1,436,437,438,-1,438,437,439,-1,438,439,440,-1,440,439,441,-1,440,441,442,-1,442,441,443,-1,442,443,444,-1,444,443,445,-1,444,445,431,-1,431,445,433,-1,434,446,435,-1,435,446,447,-1,288,290,448,-1,448,290,449,-1,448,449,450,-1,450,449,451,-1,450,451,452,-1,452,451,453,-1,452,453,454,-1,454,453,455,-1,454,455,456,-1,456,455,457,-1,456,457,458,-1,458,457,459,-1,458,459,460,-1,460,459,461,-1,460,461,462,-1,462,461,463,-1,462,463,464,-1,464,463,465,-1,464,465,466,-1,466,465,467,-1,466,467,468,-1,468,467,469,-1,468,469,446,-1,446,469,447,-1,386,384,388,-1,388,384,360,-1,388,360,412,-1,412,360,363,-1,412,363,410,-1,410,363,365,-1,410,365,408,-1,408,365,367,-1,408,367,406,-1,406,367,369,-1,406,369,404,-1,404,369,371,-1,404,371,402,-1,402,371,373,-1,402,373,400,-1,400,373,375,-1,400,375,398,-1,398,375,377,-1,398,377,396,-1,396,377,379,-1,396,379,394,-1,394,379,381,-1,394,381,392,-1,392,381,383,-1,392,383,390,-1,390,383,358,-1,390,358,414,-1,414,358,339,-1,414,339,426,-1,426,339,342,-1,426,342,424,-1,424,342,344,-1,424,344,422,-1,422,344,346,-1,422,346,420,-1,420,346,348,-1,420,348,418,-1,418,348,350,-1,418,350,416,-1,431,325,444,-1,444,325,327,-1,444,327,442,-1,442,327,332,-1,442,332,440,-1,440,332,334,-1,440,334,438,-1,438,334,336,-1,438,336,436,-1,436,336,338,-1,436,338,434,-1,434,338,320,-1,434,320,446,-1,446,320,296,-1,446,296,468,-1,468,296,299,-1,468,299,466,-1,466,299,301,-1,466,301,464,-1,464,301,303,-1,464,303,462,-1,462,303,305,-1,462,305,460,-1,460,305,307,-1,460,307,458,-1,458,307,309,-1,458,309,456,-1,456,309,311,-1,456,311,454,-1,454,311,313,-1,454,313,452,-1,452,313,315,-1,452,315,450,-1,450,315,317,-1,450,317,448,-1,448,317,319,-1,448,319,288,-1,288,319,294,-1,288,294,289,-1,289,294,292,-1,350,357,416,-1,416,357,470,-1,416,470,431,-1,431,470,471,-1,431,471,472,-1,472,473,431,-1,431,473,474,-1,431,474,475,-1,475,476,431,-1,431,476,477,-1,431,477,478,-1,478,479,431,-1,431,479,480,-1,431,480,325,-1,481,482,483,-1,483,482,484,-1,483,484,485,-1,483,485,486,-1,486,485,487,-1,486,487,488,-1,488,487,489,-1,488,489,490,-1,490,489,491,-1,490,491,492,-1,492,491,493,-1,492,493,494,-1,494,493,495,-1,494,495,496,-1,496,495,497,-1,498,499,500,-1,500,499,496,-1,500,496,497,-1,501,502,503,-1,503,502,504,-1,503,504,505,-1,506,507,508,-1,506,508,509,-1,509,508,510,-1,509,510,511,-1,511,510,512,-1,511,512,513,-1,513,512,514,-1,513,514,515,-1,515,514,516,-1,515,516,517,-1,517,516,505,-1,517,505,504,-1,518,519,506,-1,506,519,520,-1,506,520,507,-1,499,498,518,-1,518,498,519,-1,498,500,519,-1,519,500,520,-1,484,503,485,-1,485,503,505,-1,485,505,487,-1,487,505,516,-1,487,516,489,-1,489,516,514,-1,489,514,491,-1,491,514,512,-1,491,512,493,-1,493,512,510,-1,493,510,495,-1,495,510,508,-1,495,508,497,-1,497,508,507,-1,497,507,500,-1,500,507,520,-1,501,503,482,-1,482,503,484,-1,502,501,481,-1,481,501,482,-1,
        ]
    }
}
Shape{
    appearance Appearance {
        material  Material 	{
            diffuseColor 0.25098039215686274 0.25098039215686274 0.25098039215686274
            specularColor 0.12549019607843137 0.12549019607843137 0.12549019607843137
            ambientIntensity 0.2
            transparency 0
            shininess 0.5
        }
    }
    geometry IndexedFaceSet {
        ccw TRUE
        solid FALSE
        coord DEF co Coordinate {
            point [
                -1.565 0.187 1.1811, -1.565 -0.2658 1.1811, -1.5157 0.2362 0.6187, -1.4961 -0.3346 0.3937, -1.4961 0.2362 0.3937, -2.1063 0.2362 0.6187, -2.0571 0.187 1.1811, -2.126 0.2362 0.3937, -2.126 -0.3346 0.3937, -2.0571 -0.2658 1.1811, 1.4961 0.2362 0.3937, 1.4961 -0.3346 0.3937, 1.5157 0.2362 0.6187, 1.565 -0.2658 1.1811, 1.565 0.187 1.1811, 2.0571 0.187 1.1811, 2.0571 -0.2658 1.1811, 2.1063 0.2362 0.6187, 2.126 -0.3346 0.3937, 2.126 0.2362 0.3937, 2.126 0.2362 0.3937
            ]
        }
        coordIndex [
            0,1,2,-1,2,1,3,-1,2,3,4,-1,5,6,2,-1,2,6,0,-1,7,8,5,-1,5,8,9,-1,5,9,6,-1,1,9,3,-1,3,9,8,-1,6,9,0,-1,0,9,1,-1,10,11,12,-1,12,11,13,-1,12,13,14,-1,15,16,17,-1,17,16,18,-1,17,18,19,-1,14,15,12,-1,12,15,17,-1,16,13,18,-1,18,13,11,-1,16,15,13,-1,13,15,14,-1,
        ]
    }
}
Shape{
    appearance Appearance {
        material  Material 	{
            diffuseColor 0.0 0.0 0.0
            specularColor 0.0 0.0 0.0
            ambientIntensity 0.2
            transparency 0
            shininess 0.5
        }
    }
    geometry IndexedFaceSet {
        ccw TRUE
        solid FALSE
        coord DEF co Coordinate {
            point [
                1.7349 0.378 2.5876, 1.7349 0.378 2.5724, 1.7349 0.374 2.5876, 1.7349 0.374 2.5724, 1.788 0.378 2.5876, 1.788 0.374 2.5876, 1.788 0.378 2.7059, 1.788 0.374 2.7059, 1.8052 0.378 2.7059, 1.8052 0.374 2.7059, 1.8052 0.378 2.5724, 1.8052 0.374 2.5724, 1.6664 0.378 2.5702, 1.6664 0.374 2.5702, 1.6461 0.374 2.5721, 1.6352 0.374 2.5757, 1.6318 0.378 2.5768, 1.6461 0.378 2.5721, 1.6318 0.374 2.5768, 1.6295 0.374 2.578, 1.6295 0.378 2.578, 1.6295 0.378 2.5945, 1.6295 0.374 2.5945, 1.6407 0.378 2.5892, 1.6352 0.374 2.5918, 1.6407 0.374 2.5892, 1.6554 0.374 2.586, 1.6554 0.378 2.586, 1.6639 0.374 2.5855, 1.6639 0.378 2.5855, 1.6762 0.374 2.5869, 1.6762 0.378 2.5869, 1.6859 0.374 2.5903, 1.6859 0.378 2.5903, 1.6948 0.374 2.5963, 1.6948 0.378 2.5963, 1.6982 0.374 2.5996, 1.6982 0.378 2.5996, 1.7046 0.374 2.6084, 1.7046 0.378 2.6084, 1.709 0.374 2.6191, 1.709 0.378 2.6191, 1.7112 0.374 2.6323, 1.7112 0.378 2.6323, 1.7113 0.374 2.6377, 1.7113 0.378 2.6377, 1.7092 0.374 2.6559, 1.7092 0.378 2.6559, 1.7047 0.374 2.6674, 1.7047 0.378 2.6674, 1.6983 0.374 2.6767, 1.6983 0.378 2.6767, 1.6973 0.374 2.6778, 1.6973 0.378 2.6778, 1.6886 0.374 2.685, 1.6886 0.378 2.685, 1.6782 0.374 2.69, 1.6782 0.378 2.69, 1.6667 0.374 2.6923, 1.6667 0.378 2.6923, 1.6609 0.374 2.6926, 1.6609 0.378 2.6926, 1.6445 0.374 2.6906, 1.6352 0.374 2.6871, 1.631 0.378 2.6855, 1.6445 0.378 2.6906, 1.631 0.374 2.6855, 1.6295 0.374 2.6847, 1.6295 0.378 2.6847, 1.6295 0.378 2.7027, 1.6295 0.374 2.7027, 1.6352 0.374 2.7043, 1.6436 0.378 2.7068, 1.6611 0.374 2.7081, 1.6611 0.378 2.7081, 1.6468 0.374 2.707, 1.6436 0.374 2.7068, 1.6704 0.374 2.707, 1.6803 0.378 2.7058, 1.6803 0.374 2.7058, 1.6943 0.374 2.7004, 1.6943 0.378 2.7004, 1.7072 0.374 2.6913, 1.7072 0.378 2.6913, 1.7101 0.374 2.6885, 1.7101 0.378 2.6885, 1.7198 0.374 2.6758, 1.7234 0.374 2.6674, 1.7261 0.378 2.661, 1.7198 0.378 2.6758, 1.7261 0.374 2.661, 1.7292 0.374 2.6436, 1.7292 0.378 2.6436, 1.7294 0.374 2.6366, 1.7294 0.378 2.6366, 1.7268 0.374 2.615, 1.7234 0.374 2.6063, 1.7214 0.378 2.6011, 1.7268 0.378 2.615, 1.7214 0.374 2.6011, 1.7134 0.374 2.5897, 1.7134 0.378 2.5897, 1.7123 0.374 2.5884, 1.7123 0.378 2.5884, 1.7029 0.374 2.5804, 1.7029 0.378 2.5804, 1.6905 0.374 2.5741, 1.6905 0.378 2.5741, 1.6764 0.374 2.5708, 1.6764 0.378 2.5708, 1.531 0.378 2.5876, 1.531 0.378 2.5724, 1.531 0.374 2.5876, 1.531 0.374 2.5724, 1.5855 0.374 2.5876, 1.5855 0.378 2.5876, 1.5495 0.374 2.5876, 1.5855 0.378 2.6325, 1.5855 0.374 2.6325, 1.5378 0.378 2.6325, 1.5495 0.374 2.6325, 1.5378 0.374 2.6325, 1.5378 0.378 2.6478, 1.5378 0.374 2.6478, 1.5855 0.374 2.6478, 1.5855 0.378 2.6478, 1.5495 0.374 2.6478, 1.5855 0.378 2.6905, 1.5855 0.374 2.6905, 1.534 0.374 2.6905, 1.534 0.378 2.6905, 1.5495 0.374 2.6905, 1.534 0.378 2.7059, 1.534 0.374 2.7059, 1.6028 0.374 2.7059, 1.6028 0.378 2.7059, 1.5495 0.374 2.7059, 1.6028 0.378 2.5724, 1.6028 0.374 2.5724, 1.5495 0.374 2.5724, 1.4229 0.378 2.6098, 1.4295 0.378 2.6016, 1.4173 0.378 2.5911, 1.4311 0.378 2.6, 1.4313 0.378 2.5811, 1.4398 0.378 2.5941, 1.4465 0.378 2.5752, 1.4508 0.378 2.5898, 1.4691 0.378 2.5724, 1.4692 0.378 2.5876, 1.5058 0.378 2.5724, 1.4886 0.378 2.5876, 1.5058 0.378 2.7059, 1.4886 0.378 2.6905, 1.4677 0.378 2.7059, 1.4684 0.378 2.6905, 1.4473 0.378 2.7036, 1.4506 0.378 2.6885, 1.4312 0.378 2.6977, 1.4391 0.378 2.6842, 1.4173 0.378 2.6882, 1.4299 0.378 2.678, 1.4125 0.378 2.6836, 1.4261 0.378 2.6742, 1.4043 0.378 2.6719, 1.4209 0.378 2.6667, 1.3993 0.378 2.6592, 1.4172 0.378 2.657, 1.3971 0.378 2.6409, 1.4153 0.378 2.6404, 1.3975 0.378 2.6323, 1.4157 0.378 2.6319, 1.4008 0.378 2.6167, 1.4183 0.378 2.6197, 1.4074 0.378 2.6029, 1.4691 0.374 2.5724, 1.5058 0.374 2.5724, 1.4465 0.374 2.5752, 1.4313 0.374 2.5811, 1.4173 0.374 2.5911, 1.4074 0.374 2.6029, 1.4008 0.374 2.6167, 1.3975 0.374 2.6323, 1.3971 0.374 2.6409, 1.3993 0.374 2.6592, 1.4043 0.374 2.6719, 1.4125 0.374 2.6836, 1.4173 0.374 2.6882, 1.4312 0.374 2.6977, 1.4473 0.374 2.7036, 1.4677 0.374 2.7059, 1.5058 0.374 2.7059, 1.4684 0.374 2.6905, 1.4886 0.374 2.6905, 1.4886 0.374 2.5876, 1.4692 0.374 2.5876, 1.4295 0.374 2.6016, 1.4311 0.374 2.6, 1.4398 0.374 2.5941, 1.4508 0.374 2.5898, 1.4153 0.374 2.6404, 1.4157 0.374 2.6319, 1.4183 0.374 2.6197, 1.4229 0.374 2.6098, 1.4299 0.374 2.678, 1.4261 0.374 2.6742, 1.4209 0.374 2.6667, 1.4172 0.374 2.657, 1.4506 0.374 2.6885, 1.4391 0.374 2.6842, 1.4391 0.374 2.6842
            ]
        }
        coordIndex [
            0,1,2,-1,2,1,3,-1,4,0,5,-1,5,0,2,-1,6,4,7,-1,7,4,5,-1,8,6,9,-1,9,6,7,-1,10,8,11,-1,11,8,9,-1,1,10,3,-1,3,10,11,-1,6,8,4,-1,4,8,10,-1,4,10,0,-1,0,10,1,-1,12,13,14,-1,15,16,14,-1,14,16,17,-1,14,17,12,-1,15,18,16,-1,16,18,19,-1,16,19,20,-1,21,20,22,-1,22,20,19,-1,21,22,23,-1,23,22,24,-1,24,25,23,-1,23,25,26,-1,23,26,27,-1,27,26,28,-1,27,28,29,-1,29,28,30,-1,29,30,31,-1,31,30,32,-1,31,32,33,-1,33,32,34,-1,33,34,35,-1,35,34,36,-1,35,36,37,-1,37,36,38,-1,37,38,39,-1,39,38,40,-1,39,40,41,-1,41,40,42,-1,41,42,43,-1,43,42,44,-1,43,44,45,-1,45,44,46,-1,45,46,47,-1,47,46,48,-1,47,48,49,-1,49,48,50,-1,49,50,51,-1,51,50,52,-1,51,52,53,-1,53,52,54,-1,53,54,55,-1,55,54,56,-1,55,56,57,-1,57,56,58,-1,57,58,59,-1,59,58,60,-1,59,60,61,-1,61,60,62,-1,63,64,62,-1,62,64,65,-1,62,65,61,-1,63,66,64,-1,64,66,67,-1,64,67,68,-1,69,68,70,-1,70,68,67,-1,69,70,71,-1,69,71,72,-1,73,74,75,-1,75,74,72,-1,75,72,76,-1,76,72,71,-1,74,73,77,-1,74,77,78,-1,77,79,78,-1,78,79,80,-1,78,80,81,-1,81,80,82,-1,81,82,83,-1,83,82,84,-1,83,84,85,-1,85,84,86,-1,87,88,86,-1,86,88,89,-1,86,89,85,-1,87,90,88,-1,88,90,91,-1,88,91,92,-1,92,91,93,-1,92,93,94,-1,94,93,95,-1,96,97,95,-1,95,97,98,-1,95,98,94,-1,96,99,97,-1,97,99,100,-1,97,100,101,-1,101,100,102,-1,101,102,103,-1,103,102,104,-1,103,104,105,-1,105,104,106,-1,105,106,107,-1,107,106,108,-1,107,108,109,-1,109,108,13,-1,109,13,12,-1,47,49,89,-1,55,57,78,-1,89,49,85,-1,78,57,74,-1,78,81,55,-1,55,81,83,-1,55,83,53,-1,53,83,85,-1,53,85,51,-1,51,85,49,-1,57,59,74,-1,74,59,61,-1,74,61,72,-1,72,61,65,-1,72,65,69,-1,69,65,64,-1,69,64,68,-1,94,45,92,-1,92,45,47,-1,92,47,88,-1,88,47,89,-1,20,21,16,-1,16,21,23,-1,16,23,17,-1,17,23,27,-1,17,27,12,-1,12,27,29,-1,12,29,109,-1,109,29,31,-1,109,31,107,-1,107,31,33,-1,107,33,105,-1,105,33,35,-1,105,35,103,-1,103,35,37,-1,103,37,101,-1,101,37,39,-1,101,39,97,-1,97,39,98,-1,98,39,41,-1,98,41,94,-1,94,41,43,-1,94,43,45,-1,110,111,112,-1,112,111,113,-1,114,115,116,-1,116,115,110,-1,116,110,112,-1,117,115,118,-1,118,115,114,-1,117,118,119,-1,119,118,120,-1,119,120,121,-1,122,119,123,-1,123,119,121,-1,124,125,126,-1,126,125,122,-1,126,122,123,-1,127,125,128,-1,128,125,124,-1,129,130,131,-1,131,130,127,-1,131,127,128,-1,132,130,133,-1,133,130,129,-1,134,135,136,-1,136,135,132,-1,136,132,133,-1,137,135,138,-1,138,135,134,-1,113,111,139,-1,139,111,137,-1,139,137,138,-1,137,111,110,-1,110,115,137,-1,137,115,117,-1,137,117,135,-1,130,132,127,-1,127,132,135,-1,127,135,125,-1,125,135,117,-1,125,117,122,-1,122,117,119,-1,140,141,142,-1,142,141,143,-1,142,143,144,-1,144,143,145,-1,144,145,146,-1,146,145,147,-1,146,147,148,-1,148,147,149,-1,148,149,150,-1,150,149,151,-1,150,151,152,-1,152,151,153,-1,152,153,154,-1,154,153,155,-1,154,155,156,-1,156,155,157,-1,156,157,158,-1,158,157,159,-1,158,159,160,-1,160,159,161,-1,160,161,162,-1,162,161,163,-1,162,163,164,-1,164,163,165,-1,164,165,166,-1,166,165,167,-1,166,167,168,-1,168,167,169,-1,168,169,170,-1,170,169,171,-1,170,171,172,-1,172,171,173,-1,172,173,174,-1,174,173,140,-1,174,140,142,-1,148,150,175,-1,175,150,176,-1,148,175,177,-1,148,177,146,-1,146,177,178,-1,146,178,144,-1,144,178,179,-1,144,179,142,-1,142,179,180,-1,142,180,174,-1,174,180,181,-1,174,181,172,-1,172,181,182,-1,172,182,170,-1,170,182,183,-1,170,183,168,-1,168,183,184,-1,168,184,166,-1,166,184,185,-1,166,185,164,-1,164,185,186,-1,164,186,162,-1,162,186,187,-1,162,187,160,-1,160,187,188,-1,160,188,158,-1,158,188,189,-1,158,189,156,-1,156,189,190,-1,156,190,154,-1,152,154,191,-1,191,154,190,-1,150,152,176,-1,176,152,191,-1,155,153,192,-1,192,153,193,-1,153,151,193,-1,193,151,194,-1,151,149,194,-1,194,149,195,-1,141,196,197,-1,141,197,143,-1,143,197,198,-1,143,198,145,-1,145,198,199,-1,145,199,147,-1,147,199,195,-1,147,195,149,-1,169,200,201,-1,169,201,171,-1,171,201,202,-1,171,202,173,-1,173,202,203,-1,173,203,140,-1,140,203,196,-1,140,196,141,-1,161,204,205,-1,161,205,163,-1,163,205,206,-1,163,206,165,-1,165,206,207,-1,165,207,167,-1,167,207,200,-1,167,200,169,-1,155,192,208,-1,155,208,157,-1,157,208,209,-1,157,209,159,-1,159,209,204,-1,159,204,161,-1,
        ]
    }
}
Shape{
    appearance Appearance {
        material  Material 	{
            diffuseColor 0.7529411764705882 0.7529411764705882 0.7529411764705882
            specularColor 0.3764705882352941 0.3764705882352941 0.3764705882352941
            ambientIntensity 0.2
            transparency 0
            shininess 0.5
        }
    }
    geometry IndexedFaceSet {
        ccw TRUE
        solid FALSE
        coord DEF co Coordinate {
            point [
                1.4886 0.374 2.6905, 1.4886 0.374 2.5876, 1.4684 0.374 2.6905, 1.4692 0.374 2.5876, 1.4508 0.374 2.5898, 1.4398 0.374 2.5941, 1.4311 0.374 2.6, 1.4295 0.374 2.6016, 1.4229 0.374 2.6098, 1.4183 0.374 2.6197, 1.4153 0.374 2.6404, 1.4299 0.374 2.678, 1.4391 0.374 2.6842, 1.4172 0.374 2.657, 1.4209 0.374 2.6667, 1.4261 0.374 2.6742, 1.4157 0.374 2.6319, 1.4506 0.374 2.6885, 1.4506 0.374 2.6885
            ]
        }
        coordIndex [
            0,1,2,-1,2,1,3,-1,3,4,2,-1,2,4,5,-1,2,5,6,-1,6,7,2,-1,2,7,8,-1,2,8,9,-1,10,11,12,-1,13,14,10,-1,10,14,15,-1,10,15,11,-1,9,16,2,-1,2,16,10,-1,2,10,17,-1,17,10,12,-1,
        ]
    }
}
Shape{
    appearance Appearance {
        material  Material 	{
            diffuseColor 0.0 0.0 0.0
            specularColor 0.0 0.0 0.0
            ambientIntensity 0.2
            transparency 0
            shininess 0.5
        }
    }
    geometry IndexedFaceSet {
        ccw TRUE
        solid FALSE
        coord DEF co Coordinate {
            point [
                1.3524 0.378 2.624, 1.3325 0.378 2.6795, 1.3389 0.378 2.7059, 1.3897 0.378 2.5724, 1.3707 0.378 2.5724, 1.3579 0.378 2.6089, 1.3313 0.378 2.6835, 1.3303 0.378 2.6888, 1.3205 0.378 2.7059, 1.3299 0.378 2.6888, 1.3288 0.378 2.6832, 1.3278 0.378 2.6795, 1.3076 0.378 2.624, 1.2697 0.378 2.5724, 1.2887 0.378 2.5724, 1.3023 0.378 2.6089, 1.3205 0.374 2.7059, 1.2697 0.374 2.5724, 1.3389 0.374 2.7059, 1.3897 0.374 2.5724, 1.3513 0.374 2.6734, 1.3707 0.374 2.5724, 1.3579 0.374 2.6089, 1.3023 0.374 2.6089, 1.3513 0.374 2.6089, 1.2887 0.374 2.5724, 1.3524 0.374 2.624, 1.3076 0.374 2.624, 1.3278 0.374 2.6795, 1.3299 0.374 2.6888, 1.3288 0.374 2.6832, 1.3303 0.374 2.6888, 1.3325 0.374 2.6795, 1.3313 0.374 2.6835, 1.3313 0.374 2.6835
            ]
        }
        coordIndex [
            0,1,2,-1,3,4,5,-1,1,6,2,-1,2,6,7,-1,2,7,8,-1,8,7,9,-1,8,9,10,-1,10,11,8,-1,8,11,12,-1,8,12,13,-1,14,13,15,-1,15,13,12,-1,15,12,5,-1,5,12,0,-1,5,0,3,-1,3,0,2,-1,8,13,16,-1,16,13,17,-1,2,8,18,-1,18,8,16,-1,19,3,20,-1,20,3,2,-1,20,2,18,-1,4,3,21,-1,21,3,19,-1,5,4,22,-1,22,4,21,-1,23,15,24,-1,24,15,5,-1,24,5,22,-1,14,15,25,-1,25,15,23,-1,13,14,17,-1,17,14,25,-1,0,12,26,-1,26,12,27,-1,12,11,27,-1,27,11,28,-1,9,29,30,-1,9,30,10,-1,10,30,28,-1,10,28,11,-1,9,7,29,-1,29,7,31,-1,1,32,33,-1,1,33,6,-1,6,33,31,-1,6,31,7,-1,1,0,32,-1,32,0,26,-1,
        ]
    }
}
Shape{
    appearance Appearance {
        material  Material 	{
            diffuseColor 0.7529411764705882 0.7529411764705882 0.7529411764705882
            specularColor 0.3764705882352941 0.3764705882352941 0.3764705882352941
            ambientIntensity 0.2
            transparency 0
            shininess 0.5
        }
    }
    geometry IndexedFaceSet {
        ccw TRUE
        solid FALSE
        coord DEF co Coordinate {
            point [
                1.3299 0.374 2.6888, 1.3303 0.374 2.6888, 1.3288 0.374 2.6832, 1.3313 0.374 2.6835, 1.3278 0.374 2.6795, 1.3325 0.374 2.6795, 1.3076 0.374 2.624, 1.3524 0.374 2.624, 1.3524 0.374 2.624
            ]
        }
        coordIndex [
            0,1,2,-1,2,1,3,-1,2,3,4,-1,4,3,5,-1,4,5,6,-1,6,5,7,-1,
        ]
    }
}
Shape{
    appearance Appearance {
        material  Material 	{
            diffuseColor 0.0 0.0 0.0
            specularColor 0.0 0.0 0.0
            ambientIntensity 0.2
            transparency 0
            shininess 0.5
        }
    }
    geometry IndexedFaceSet {
        ccw TRUE
        solid FALSE
        coord DEF co Coordinate {
            point [
                1.7335 0.378 2.3759, 1.7335 0.378 2.3607, 1.7335 0.374 2.3759, 1.7335 0.374 2.3607, 1.788 0.378 2.3759, 1.788 0.374 2.3759, 1.788 0.378 2.4208, 1.788 0.374 2.4208, 1.7403 0.378 2.4208, 1.7403 0.374 2.4208, 1.7403 0.378 2.4361, 1.7403 0.374 2.4361, 1.788 0.378 2.4361, 1.788 0.374 2.4361, 1.788 0.378 2.4788, 1.788 0.374 2.4788, 1.7365 0.378 2.4788, 1.7365 0.374 2.4788, 1.7365 0.378 2.4942, 1.7365 0.374 2.4942, 1.8052 0.378 2.4942, 1.8052 0.374 2.4942, 1.8052 0.378 2.3607, 1.8052 0.374 2.3607, 1.6576 0.378 2.3607, 1.6409 0.378 2.3607, 1.6576 0.378 2.3755, 1.6409 0.378 2.4221, 1.6576 0.378 2.4213, 1.694 0.378 2.4013, 1.69 0.378 2.4032, 1.658 0.378 2.3755, 1.6669 0.378 2.3779, 1.6607 0.378 2.3714, 1.6716 0.378 2.3747, 1.6799 0.378 2.4056, 1.6576 0.378 2.4086, 1.6576 0.378 2.3994, 1.6576 0.378 2.3983, 1.6587 0.378 2.3908, 1.6611 0.378 2.3849, 1.6648 0.378 2.38, 1.6582 0.378 2.4287, 1.6422 0.378 2.4349, 1.6599 0.378 2.4347, 1.6449 0.378 2.4425, 1.6619 0.378 2.4381, 1.6483 0.378 2.4478, 1.6644 0.378 2.4408, 1.6528 0.378 2.4521, 1.6674 0.378 2.4427, 1.6583 0.378 2.4552, 1.6712 0.378 2.4441, 1.6654 0.378 2.4573, 1.6769 0.378 2.4446, 1.6753 0.378 2.4582, 1.6874 0.378 2.4435, 1.6922 0.378 2.4562, 1.6978 0.378 2.4398, 1.7046 0.378 2.4514, 1.7081 0.378 2.4331, 1.7081 0.378 2.4494, 1.6971 0.378 2.3779, 1.7093 0.378 2.366, 1.6957 0.378 2.3765, 1.7036 0.378 2.3621, 1.6923 0.378 2.3742, 1.6972 0.378 2.3596, 1.6886 0.378 2.3728, 1.6872 0.378 2.3585, 1.6829 0.378 2.3722, 1.6786 0.378 2.3594, 1.6766 0.378 2.3729, 1.6718 0.378 2.3619, 1.666 0.378 2.3658, 1.7004 0.378 2.3903, 1.7174 0.378 2.3883, 1.7005 0.378 2.3876, 1.7175 0.378 2.3862, 1.7001 0.378 2.3838, 1.7166 0.378 2.3787, 1.699 0.378 2.3807, 1.7146 0.378 2.373, 1.7111 0.378 2.3679, 1.6858 0.378 2.4174, 1.6985 0.378 2.4142, 1.6961 0.378 2.3997, 1.7056 0.378 2.4106, 1.6981 0.378 2.3972, 1.7107 0.378 2.4062, 1.6995 0.378 2.3941, 1.7141 0.378 2.4014, 1.7163 0.378 2.3955, 1.6753 0.374 2.4582, 1.6922 0.374 2.4562, 1.7046 0.374 2.4514, 1.7081 0.374 2.4494, 1.7081 0.374 2.4331, 1.6978 0.374 2.4398, 1.6874 0.374 2.4435, 1.6769 0.374 2.4446, 1.6712 0.374 2.4441, 1.6674 0.374 2.4427, 1.6644 0.374 2.4408, 1.6619 0.374 2.4381, 1.6599 0.374 2.4347, 1.6582 0.374 2.4287, 1.6576 0.374 2.4213, 1.6858 0.374 2.4174, 1.6985 0.374 2.4142, 1.7056 0.374 2.4106, 1.7107 0.374 2.4062, 1.7141 0.374 2.4014, 1.7163 0.374 2.3955, 1.7174 0.374 2.3883, 1.7175 0.374 2.3862, 1.7166 0.374 2.3787, 1.7146 0.374 2.373, 1.7111 0.374 2.3679, 1.7093 0.374 2.366, 1.6872 0.374 2.3585, 1.6969 0.374 2.3596, 1.6972 0.374 2.3596, 1.7036 0.374 2.3621, 1.6786 0.374 2.3594, 1.6781 0.374 2.3596, 1.6718 0.374 2.3619, 1.666 0.374 2.3658, 1.6607 0.374 2.3714, 1.658 0.374 2.3755, 1.6576 0.374 2.3755, 1.6576 0.374 2.3607, 1.6409 0.374 2.3607, 1.6409 0.374 2.4221, 1.6422 0.374 2.4349, 1.6449 0.374 2.4425, 1.6483 0.374 2.4478, 1.6528 0.374 2.4521, 1.6583 0.374 2.4552, 1.6654 0.374 2.4573, 1.6961 0.374 2.3997, 1.694 0.374 2.4013, 1.69 0.374 2.4032, 1.6799 0.374 2.4056, 1.7005 0.374 2.3876, 1.7004 0.374 2.3903, 1.6995 0.374 2.3941, 1.6981 0.374 2.3972, 1.6957 0.374 2.3765, 1.6971 0.374 2.3779, 1.699 0.374 2.3807, 1.7001 0.374 2.3838, 1.6829 0.374 2.3722, 1.6886 0.374 2.3728, 1.6923 0.374 2.3742, 1.6648 0.374 2.38, 1.6669 0.374 2.3779, 1.6716 0.374 2.3747, 1.6766 0.374 2.3729, 1.6576 0.374 2.3994, 1.6576 0.374 2.3983, 1.6587 0.374 2.3908, 1.6611 0.374 2.3849, 1.6576 0.374 2.4086, 1.6576 0.374 2.4086
            ]
        }
        coordIndex [
            0,1,2,-1,2,1,3,-1,4,0,5,-1,5,0,2,-1,6,4,7,-1,7,4,5,-1,8,6,9,-1,9,6,7,-1,10,8,11,-1,11,8,9,-1,12,10,13,-1,13,10,11,-1,14,12,15,-1,15,12,13,-1,16,14,17,-1,17,14,15,-1,18,16,19,-1,19,16,17,-1,20,18,21,-1,21,18,19,-1,22,20,23,-1,23,20,21,-1,1,22,3,-1,3,22,23,-1,22,1,0,-1,0,4,22,-1,22,4,6,-1,22,6,20,-1,16,18,14,-1,14,18,20,-1,14,20,12,-1,12,20,6,-1,12,6,10,-1,10,6,8,-1,24,25,26,-1,26,25,27,-1,28,29,30,-1,31,32,33,-1,33,32,34,-1,35,36,27,-1,27,36,37,-1,37,38,27,-1,27,38,39,-1,27,39,26,-1,26,39,40,-1,26,40,31,-1,31,40,41,-1,31,41,32,-1,30,35,28,-1,28,35,27,-1,28,27,42,-1,42,27,43,-1,42,43,44,-1,44,43,45,-1,44,45,46,-1,46,45,47,-1,46,47,48,-1,48,47,49,-1,48,49,50,-1,50,49,51,-1,50,51,52,-1,52,51,53,-1,52,53,54,-1,54,53,55,-1,54,55,56,-1,56,55,57,-1,56,57,58,-1,58,57,59,-1,58,59,60,-1,60,59,61,-1,62,63,64,-1,64,63,65,-1,64,65,66,-1,66,65,67,-1,66,67,68,-1,68,67,69,-1,68,69,70,-1,70,69,71,-1,70,71,72,-1,72,71,73,-1,72,73,34,-1,34,73,74,-1,34,74,33,-1,75,76,77,-1,77,76,78,-1,77,78,79,-1,79,78,80,-1,79,80,81,-1,81,80,82,-1,81,82,62,-1,62,82,83,-1,62,83,63,-1,28,84,29,-1,29,84,85,-1,29,85,86,-1,86,85,87,-1,86,87,88,-1,88,87,89,-1,88,89,90,-1,90,89,91,-1,90,91,75,-1,75,91,92,-1,75,92,76,-1,55,93,94,-1,55,94,57,-1,57,94,95,-1,57,95,59,-1,59,95,96,-1,59,96,61,-1,60,61,97,-1,97,61,96,-1,60,97,98,-1,60,98,58,-1,58,98,99,-1,58,99,56,-1,56,99,100,-1,56,100,54,-1,54,100,101,-1,54,101,52,-1,52,101,102,-1,52,102,50,-1,50,102,103,-1,50,103,48,-1,48,103,104,-1,48,104,46,-1,46,104,105,-1,46,105,44,-1,44,105,106,-1,44,106,42,-1,42,106,107,-1,42,107,28,-1,84,28,108,-1,108,28,107,-1,84,108,109,-1,84,109,85,-1,85,109,110,-1,85,110,87,-1,87,110,111,-1,87,111,89,-1,89,111,112,-1,89,112,91,-1,91,112,113,-1,91,113,92,-1,92,113,114,-1,92,114,76,-1,76,114,115,-1,76,115,78,-1,78,115,116,-1,78,116,80,-1,80,116,117,-1,80,117,82,-1,82,117,118,-1,82,118,83,-1,83,118,119,-1,83,119,63,-1,120,69,121,-1,121,69,67,-1,121,67,122,-1,122,67,65,-1,122,65,123,-1,123,65,63,-1,123,63,119,-1,69,120,124,-1,69,124,71,-1,71,124,125,-1,71,125,73,-1,125,126,73,-1,73,126,127,-1,73,127,74,-1,74,127,128,-1,74,128,33,-1,33,128,129,-1,33,129,31,-1,26,31,130,-1,130,31,129,-1,24,26,131,-1,131,26,130,-1,25,24,132,-1,132,24,131,-1,27,25,133,-1,133,25,132,-1,27,133,134,-1,27,134,43,-1,43,134,135,-1,43,135,45,-1,45,135,136,-1,45,136,47,-1,47,136,137,-1,47,137,49,-1,49,137,138,-1,49,138,51,-1,51,138,139,-1,51,139,53,-1,53,139,93,-1,53,93,55,-1,86,140,141,-1,86,141,29,-1,29,141,142,-1,29,142,30,-1,30,142,143,-1,30,143,35,-1,77,144,145,-1,77,145,75,-1,75,145,146,-1,75,146,90,-1,90,146,147,-1,90,147,88,-1,88,147,140,-1,88,140,86,-1,64,148,149,-1,64,149,62,-1,62,149,150,-1,62,150,81,-1,81,150,151,-1,81,151,79,-1,79,151,144,-1,79,144,77,-1,70,152,153,-1,70,153,68,-1,68,153,154,-1,68,154,66,-1,66,154,148,-1,66,148,64,-1,41,155,156,-1,41,156,32,-1,32,156,157,-1,32,157,34,-1,34,157,158,-1,34,158,72,-1,72,158,152,-1,72,152,70,-1,37,159,160,-1,37,160,38,-1,38,160,161,-1,38,161,39,-1,39,161,162,-1,39,162,40,-1,40,162,155,-1,40,155,41,-1,37,36,159,-1,159,36,163,-1,36,35,163,-1,163,35,143,-1,
        ]
    }
}
Shape{
    appearance Appearance {
        material  Material 	{
            diffuseColor 0.7529411764705882 0.7529411764705882 0.7529411764705882
            specularColor 0.3764705882352941 0.3764705882352941 0.3764705882352941
            ambientIntensity 0.2
            transparency 0
            shininess 0.5
        }
    }
    geometry IndexedFaceSet {
        ccw TRUE
        solid FALSE
        coord DEF co Coordinate {
            point [
                1.6576 0.374 2.3983, 1.6576 0.374 2.3994, 1.6961 0.374 2.3997, 1.6576 0.374 2.4086, 1.6799 0.374 2.4056, 1.69 0.374 2.4032, 1.694 0.374 2.4013, 1.6587 0.374 2.3908, 1.6981 0.374 2.3972, 1.6611 0.374 2.3849, 1.6971 0.374 2.3779, 1.6957 0.374 2.3765, 1.6669 0.374 2.3779, 1.699 0.374 2.3807, 1.6716 0.374 2.3747, 1.6766 0.374 2.3729, 1.6829 0.374 2.3722, 1.6995 0.374 2.3941, 1.7004 0.374 2.3903, 1.6648 0.374 2.38, 1.7005 0.374 2.3876, 1.7001 0.374 2.3838, 1.6923 0.374 2.3742, 1.6886 0.374 2.3728, 1.6886 0.374 2.3728
            ]
        }
        coordIndex [
            0,1,2,-1,1,3,4,-1,4,5,1,-1,1,5,6,-1,1,6,2,-1,0,2,7,-1,7,2,8,-1,7,8,9,-1,10,11,12,-1,10,12,13,-1,14,12,15,-1,15,12,16,-1,8,17,9,-1,9,17,18,-1,9,18,19,-1,19,18,20,-1,19,20,12,-1,12,20,21,-1,12,21,13,-1,11,22,12,-1,12,22,23,-1,12,23,16,-1,
        ]
    }
}
Shape{
    appearance Appearance {
        material  Material 	{
            diffuseColor 0.0 0.0 0.0
            specularColor 0.0 0.0 0.0
            ambientIntensity 0.2
            transparency 0
            shininess 0.5
        }
    }
    geometry IndexedFaceSet {
        ccw TRUE
        solid FALSE
        coord DEF co Coordinate {
            point [
                1.6182 0.374 2.3813, 1.6182 0.378 2.3813, 1.612 0.378 2.3775, 1.5907 0.378 2.3721, 1.5907 0.374 2.3721, 1.6015 0.374 2.3734, 1.6015 0.378 2.3734, 1.6105 0.374 2.3769, 1.612 0.374 2.3775, 1.6182 0.378 2.3641, 1.6182 0.374 2.3641, 1.6075 0.378 2.3602, 1.6105 0.374 2.3613, 1.5924 0.374 2.3585, 1.5924 0.378 2.3585, 1.6024 0.374 2.3596, 1.6075 0.374 2.3602, 1.5812 0.374 2.3596, 1.5792 0.378 2.3598, 1.5792 0.374 2.3598, 1.5699 0.374 2.3629, 1.5699 0.378 2.3629, 1.5646 0.374 2.3661, 1.5646 0.378 2.3661, 1.5598 0.374 2.3702, 1.5598 0.378 2.3702, 1.5567 0.374 2.3746, 1.5567 0.378 2.3746, 1.5547 0.374 2.3799, 1.5547 0.378 2.3799, 1.5539 0.374 2.3867, 1.5539 0.378 2.3867, 1.5545 0.374 2.3929, 1.5545 0.378 2.3929, 1.5563 0.374 2.3978, 1.5563 0.378 2.3978, 1.5595 0.374 2.4024, 1.5595 0.378 2.4024, 1.5634 0.374 2.406, 1.5634 0.378 2.406, 1.5745 0.374 2.4121, 1.5745 0.378 2.4121, 1.581 0.374 2.4148, 1.581 0.378 2.4148, 1.5914 0.374 2.4193, 1.5914 0.378 2.4193, 1.5972 0.374 2.423, 1.5972 0.378 2.423, 1.5989 0.374 2.4247, 1.5989 0.378 2.4247, 1.6001 0.374 2.427, 1.6001 0.378 2.427, 1.6007 0.374 2.4296, 1.6007 0.378 2.4296, 1.6009 0.374 2.4318, 1.6009 0.378 2.4318, 1.6006 0.374 2.4345, 1.6006 0.378 2.4345, 1.5998 0.374 2.4367, 1.5998 0.378 2.4367, 1.5983 0.374 2.4389, 1.5983 0.378 2.4389, 1.5958 0.374 2.4411, 1.5958 0.378 2.4411, 1.5921 0.374 2.4431, 1.5921 0.378 2.4431, 1.5876 0.374 2.4443, 1.5876 0.378 2.4443, 1.5826 0.374 2.4446, 1.5826 0.378 2.4446, 1.5714 0.374 2.4433, 1.5714 0.378 2.4433, 1.562 0.374 2.4398, 1.562 0.378 2.4398, 1.5584 0.374 2.4378, 1.5584 0.378 2.4378, 1.5584 0.378 2.454, 1.5584 0.374 2.454, 1.5698 0.374 2.4573, 1.5698 0.378 2.4573, 1.581 0.374 2.4582, 1.581 0.378 2.4582, 1.5933 0.374 2.4569, 1.5933 0.378 2.4569, 1.6024 0.374 2.4536, 1.6024 0.378 2.4536, 1.6074 0.374 2.4507, 1.6074 0.378 2.4507, 1.6124 0.378 2.4462, 1.6105 0.374 2.4479, 1.6124 0.374 2.4462, 1.6155 0.374 2.4417, 1.6155 0.378 2.4417, 1.6175 0.374 2.4363, 1.6175 0.378 2.4363, 1.6181 0.374 2.4303, 1.6181 0.378 2.4303, 1.6174 0.374 2.4238, 1.6174 0.378 2.4238, 1.6156 0.374 2.4187, 1.6156 0.378 2.4187, 1.6134 0.374 2.4152, 1.6134 0.378 2.4152, 1.5928 0.374 2.4026, 1.5928 0.378 2.4026, 1.6028 0.378 2.4072, 1.6106 0.374 2.4124, 1.6106 0.378 2.4124, 1.6105 0.374 2.4123, 1.6028 0.374 2.4072, 1.5818 0.374 2.398, 1.5818 0.378 2.398, 1.5753 0.374 2.3941, 1.5753 0.378 2.3941, 1.5732 0.374 2.3919, 1.5732 0.378 2.3919, 1.5719 0.374 2.3897, 1.5719 0.378 2.3897, 1.5712 0.374 2.3871, 1.5712 0.378 2.3871, 1.571 0.374 2.385, 1.571 0.378 2.385, 1.5714 0.374 2.3818, 1.5714 0.378 2.3818, 1.5722 0.374 2.3795, 1.5722 0.378 2.3795, 1.5737 0.374 2.3773, 1.5737 0.378 2.3773, 1.5756 0.374 2.3756, 1.5756 0.378 2.3756, 1.5771 0.374 2.3747, 1.5771 0.378 2.3747, 1.5814 0.374 2.3731, 1.5814 0.378 2.3731, 1.59 0.374 2.3721, 1.59 0.378 2.3721, 1.471 0.378 2.456, 1.4537 0.378 2.456, 1.471 0.374 2.456, 1.4537 0.374 2.456, 1.497 0.378 2.3843, 1.497 0.374 2.3843, 1.4983 0.374 2.3798, 1.4983 0.378 2.3798, 1.4991 0.374 2.3766, 1.4991 0.378 2.3766, 1.4995 0.378 2.3766, 1.4995 0.374 2.3766, 1.5016 0.378 2.3844, 1.5016 0.374 2.3844, 1.5265 0.374 2.456, 1.5265 0.378 2.456, 1.5184 0.374 2.4328, 1.5452 0.378 2.456, 1.5452 0.374 2.456, 1.5078 0.374 2.3609, 1.5078 0.378 2.3609, 1.5184 0.374 2.388, 1.5151 0.374 2.3436, 1.5151 0.378 2.3436, 1.5083 0.374 2.3596, 1.5184 0.374 2.3376, 1.5184 0.378 2.3376, 1.5184 0.374 2.3376, 1.5215 0.378 2.3341, 1.5215 0.374 2.3341, 1.5245 0.374 2.332, 1.5245 0.378 2.332, 1.5281 0.374 2.3306, 1.5281 0.378 2.3306, 1.5322 0.374 2.3302, 1.5322 0.378 2.3302, 1.5383 0.374 2.331, 1.5383 0.378 2.331, 1.5417 0.374 2.3321, 1.5417 0.378 2.3321, 1.5417 0.378 2.3172, 1.5417 0.374 2.3172, 1.5346 0.374 2.316, 1.5346 0.378 2.316, 1.5309 0.374 2.3158, 1.5309 0.378 2.3158, 1.5242 0.374 2.3166, 1.5242 0.378 2.3166, 1.5184 0.374 2.3188, 1.5176 0.378 2.3191, 1.5176 0.374 2.3191, 1.5117 0.374 2.3232, 1.5117 0.378 2.3232, 1.5106 0.374 2.3243, 1.5106 0.378 2.3243, 1.5045 0.374 2.3316, 1.5045 0.378 2.3316, 1.4969 0.374 2.3463, 1.4969 0.378 2.3463, 1.4917 0.374 2.3596, 1.3639 0.378 2.3759, 1.3639 0.378 2.3607, 1.3639 0.374 2.3759, 1.3639 0.374 2.3607, 1.4184 0.374 2.3759, 1.4184 0.378 2.3759, 1.3934 0.374 2.3759, 1.4184 0.378 2.4208, 1.4184 0.374 2.4208, 1.3707 0.374 2.4208, 1.3707 0.378 2.4208, 1.3934 0.374 2.4208, 1.3707 0.378 2.4361, 1.3707 0.374 2.4361, 1.4184 0.374 2.4361, 1.4184 0.378 2.4361, 1.3934 0.374 2.4361, 1.4184 0.378 2.4788, 1.4184 0.374 2.4788, 1.3669 0.374 2.4788, 1.3669 0.378 2.4788, 1.3934 0.374 2.4788, 1.3669 0.378 2.4942, 1.3669 0.374 2.4942, 1.4357 0.374 2.4942, 1.4357 0.378 2.4942, 1.3934 0.374 2.4942, 1.4357 0.378 2.3607, 1.4357 0.374 2.3607, 1.3934 0.374 2.3607, 1.2558 0.378 2.3981, 1.2624 0.378 2.3899, 1.2502 0.378 2.3794, 1.264 0.378 2.3883, 1.2642 0.378 2.3694, 1.2727 0.378 2.3824, 1.2794 0.378 2.3635, 1.2837 0.378 2.3781, 1.302 0.378 2.3607, 1.3021 0.378 2.3759, 1.3387 0.378 2.3607, 1.3214 0.378 2.3759, 1.3387 0.378 2.4942, 1.3214 0.378 2.4788, 1.3006 0.378 2.4942, 1.3013 0.378 2.4788, 1.2802 0.378 2.4919, 1.2835 0.378 2.4768, 1.2641 0.378 2.486, 1.272 0.378 2.4725, 1.2502 0.378 2.4765, 1.2628 0.378 2.4663, 1.2454 0.378 2.4718, 1.259 0.378 2.4625, 1.2371 0.378 2.4602, 1.2538 0.378 2.455, 1.2322 0.378 2.4475, 1.2501 0.378 2.4453, 1.23 0.378 2.4292, 1.2481 0.378 2.4287, 1.2304 0.378 2.4206, 1.2486 0.378 2.4202, 1.2337 0.378 2.405, 1.2512 0.378 2.408, 1.2402 0.378 2.3912, 1.302 0.374 2.3607, 1.3387 0.374 2.3607, 1.2794 0.374 2.3635, 1.2642 0.374 2.3694, 1.2502 0.374 2.3794, 1.2402 0.374 2.3912, 1.2337 0.374 2.405, 1.2304 0.374 2.4206, 1.23 0.374 2.4292, 1.2322 0.374 2.4475, 1.2371 0.374 2.4602, 1.2454 0.374 2.4718, 1.2502 0.374 2.4765, 1.2641 0.374 2.486, 1.2802 0.374 2.4919, 1.3006 0.374 2.4942, 1.3387 0.374 2.4942, 1.3013 0.374 2.4788, 1.3214 0.374 2.4788, 1.3214 0.374 2.3759, 1.3021 0.374 2.3759, 1.2624 0.374 2.3899, 1.264 0.374 2.3883, 1.2727 0.374 2.3824, 1.2837 0.374 2.3781, 1.2481 0.374 2.4287, 1.2486 0.374 2.4202, 1.2512 0.374 2.408, 1.2558 0.374 2.3981, 1.2628 0.374 2.4663, 1.259 0.374 2.4625, 1.2538 0.374 2.455, 1.2501 0.374 2.4453, 1.2835 0.374 2.4768, 1.272 0.374 2.4725, 1.272 0.374 2.4725
            ]
        }
        coordIndex [
            0,1,2,-1,3,4,5,-1,3,5,6,-1,6,5,7,-1,6,7,2,-1,2,7,8,-1,2,8,0,-1,9,1,10,-1,10,1,0,-1,9,10,11,-1,11,10,12,-1,13,14,15,-1,15,14,11,-1,15,11,16,-1,16,11,12,-1,13,17,14,-1,14,17,18,-1,17,19,18,-1,18,19,20,-1,18,20,21,-1,21,20,22,-1,21,22,23,-1,23,22,24,-1,23,24,25,-1,25,24,26,-1,25,26,27,-1,27,26,28,-1,27,28,29,-1,29,28,30,-1,29,30,31,-1,31,30,32,-1,31,32,33,-1,33,32,34,-1,33,34,35,-1,35,34,36,-1,35,36,37,-1,37,36,38,-1,37,38,39,-1,39,38,40,-1,39,40,41,-1,41,40,42,-1,41,42,43,-1,43,42,44,-1,43,44,45,-1,45,44,46,-1,45,46,47,-1,47,46,48,-1,47,48,49,-1,49,48,50,-1,49,50,51,-1,51,50,52,-1,51,52,53,-1,53,52,54,-1,53,54,55,-1,55,54,56,-1,55,56,57,-1,57,56,58,-1,57,58,59,-1,59,58,60,-1,59,60,61,-1,61,60,62,-1,61,62,63,-1,63,62,64,-1,63,64,65,-1,65,64,66,-1,65,66,67,-1,67,66,68,-1,67,68,69,-1,69,68,70,-1,69,70,71,-1,71,70,72,-1,71,72,73,-1,73,72,74,-1,73,74,75,-1,76,75,77,-1,77,75,74,-1,76,77,78,-1,76,78,79,-1,79,78,80,-1,79,80,81,-1,81,80,82,-1,81,82,83,-1,83,82,84,-1,83,84,85,-1,85,84,86,-1,85,86,87,-1,87,86,88,-1,88,86,89,-1,89,90,88,-1,88,90,91,-1,88,91,92,-1,92,91,93,-1,92,93,94,-1,94,93,95,-1,94,95,96,-1,96,95,97,-1,96,97,98,-1,98,97,99,-1,98,99,100,-1,100,99,101,-1,100,101,102,-1,103,104,105,-1,102,101,106,-1,102,106,107,-1,107,106,108,-1,107,108,105,-1,105,108,109,-1,105,109,103,-1,104,103,110,-1,104,110,111,-1,111,110,112,-1,111,112,113,-1,113,112,114,-1,113,114,115,-1,115,114,116,-1,115,116,117,-1,117,116,118,-1,117,118,119,-1,119,118,120,-1,119,120,121,-1,121,120,122,-1,121,122,123,-1,123,122,124,-1,123,124,125,-1,125,124,126,-1,125,126,127,-1,127,126,128,-1,127,128,129,-1,129,128,130,-1,129,130,131,-1,131,130,132,-1,131,132,133,-1,133,132,134,-1,133,134,135,-1,135,134,4,-1,135,4,3,-1,61,63,85,-1,85,63,83,-1,111,43,104,-1,104,43,45,-1,21,23,127,-1,127,23,25,-1,127,25,125,-1,125,25,27,-1,125,27,123,-1,123,27,29,-1,123,29,121,-1,121,29,31,-1,121,31,119,-1,119,31,33,-1,119,33,117,-1,117,33,35,-1,117,35,115,-1,115,35,37,-1,115,37,113,-1,113,37,39,-1,113,39,111,-1,111,39,41,-1,111,41,43,-1,14,3,11,-1,11,3,6,-1,11,6,9,-1,9,6,2,-1,9,2,1,-1,63,65,83,-1,83,65,67,-1,83,67,81,-1,81,67,69,-1,81,69,79,-1,79,69,71,-1,79,71,76,-1,76,71,73,-1,76,73,75,-1,127,129,21,-1,21,129,131,-1,21,131,18,-1,18,131,133,-1,18,133,14,-1,14,133,135,-1,14,135,3,-1,85,87,61,-1,61,87,88,-1,61,88,59,-1,59,88,92,-1,59,92,57,-1,57,92,94,-1,57,94,55,-1,55,94,96,-1,55,96,53,-1,53,96,98,-1,53,98,51,-1,51,98,100,-1,51,100,49,-1,49,100,102,-1,49,102,47,-1,47,102,107,-1,47,107,45,-1,45,107,105,-1,45,105,104,-1,136,137,138,-1,138,137,139,-1,140,136,141,-1,141,136,138,-1,140,141,142,-1,140,142,143,-1,143,142,144,-1,143,144,145,-1,146,145,147,-1,147,145,144,-1,148,146,149,-1,149,146,147,-1,150,151,152,-1,152,151,148,-1,152,148,149,-1,153,151,154,-1,154,151,150,-1,155,156,157,-1,157,156,153,-1,157,153,154,-1,158,159,160,-1,160,159,156,-1,160,156,155,-1,159,158,161,-1,159,161,162,-1,162,161,163,-1,162,163,164,-1,163,165,164,-1,164,165,166,-1,164,166,167,-1,167,166,168,-1,167,168,169,-1,169,168,170,-1,169,170,171,-1,171,170,172,-1,171,172,173,-1,173,172,174,-1,173,174,175,-1,176,175,177,-1,177,175,174,-1,176,177,178,-1,176,178,179,-1,179,178,180,-1,179,180,181,-1,181,180,182,-1,181,182,183,-1,183,182,184,-1,183,184,185,-1,184,186,185,-1,185,186,187,-1,185,187,188,-1,188,187,189,-1,188,189,190,-1,190,189,191,-1,190,191,192,-1,192,191,193,-1,192,193,194,-1,139,137,195,-1,195,137,194,-1,195,194,193,-1,143,145,194,-1,137,136,194,-1,194,136,140,-1,194,140,143,-1,151,153,148,-1,148,153,156,-1,148,156,146,-1,175,176,173,-1,173,176,179,-1,173,179,171,-1,171,179,181,-1,171,181,169,-1,169,181,183,-1,169,183,167,-1,167,183,185,-1,167,185,164,-1,192,162,190,-1,190,162,164,-1,190,164,188,-1,188,164,185,-1,145,146,194,-1,194,146,156,-1,194,156,192,-1,192,156,159,-1,192,159,162,-1,196,197,198,-1,198,197,199,-1,200,201,202,-1,202,201,196,-1,202,196,198,-1,203,201,204,-1,204,201,200,-1,205,206,207,-1,207,206,203,-1,207,203,204,-1,208,206,209,-1,209,206,205,-1,210,211,212,-1,212,211,208,-1,212,208,209,-1,213,211,214,-1,214,211,210,-1,215,216,217,-1,217,216,213,-1,217,213,214,-1,218,216,219,-1,219,216,215,-1,220,221,222,-1,222,221,218,-1,222,218,219,-1,223,221,224,-1,224,221,220,-1,199,197,225,-1,225,197,223,-1,225,223,224,-1,206,208,203,-1,203,208,211,-1,197,196,223,-1,223,196,201,-1,216,218,213,-1,213,218,221,-1,213,221,211,-1,211,221,223,-1,211,223,203,-1,203,223,201,-1,226,227,228,-1,228,227,229,-1,228,229,230,-1,230,229,231,-1,230,231,232,-1,232,231,233,-1,232,233,234,-1,234,233,235,-1,234,235,236,-1,236,235,237,-1,236,237,238,-1,238,237,239,-1,238,239,240,-1,240,239,241,-1,240,241,242,-1,242,241,243,-1,242,243,244,-1,244,243,245,-1,244,245,246,-1,246,245,247,-1,246,247,248,-1,248,247,249,-1,248,249,250,-1,250,249,251,-1,250,251,252,-1,252,251,253,-1,252,253,254,-1,254,253,255,-1,254,255,256,-1,256,255,257,-1,256,257,258,-1,258,257,259,-1,258,259,260,-1,260,259,226,-1,260,226,228,-1,234,236,261,-1,261,236,262,-1,234,261,263,-1,234,263,232,-1,232,263,264,-1,232,264,230,-1,230,264,265,-1,230,265,228,-1,228,265,266,-1,228,266,260,-1,260,266,267,-1,260,267,258,-1,258,267,268,-1,258,268,256,-1,256,268,269,-1,256,269,254,-1,254,269,270,-1,254,270,252,-1,252,270,271,-1,252,271,250,-1,250,271,272,-1,250,272,248,-1,248,272,273,-1,248,273,246,-1,246,273,274,-1,246,274,244,-1,244,274,275,-1,244,275,242,-1,242,275,276,-1,242,276,240,-1,238,240,277,-1,277,240,276,-1,236,238,262,-1,262,238,277,-1,241,239,278,-1,278,239,279,-1,239,237,279,-1,279,237,280,-1,237,235,280,-1,280,235,281,-1,227,282,283,-1,227,283,229,-1,229,283,284,-1,229,284,231,-1,231,284,285,-1,231,285,233,-1,233,285,281,-1,233,281,235,-1,255,286,287,-1,255,287,257,-1,257,287,288,-1,257,288,259,-1,259,288,289,-1,259,289,226,-1,226,289,282,-1,226,282,227,-1,247,290,291,-1,247,291,249,-1,249,291,292,-1,249,292,251,-1,251,292,293,-1,251,293,253,-1,253,293,286,-1,253,286,255,-1,241,278,294,-1,241,294,243,-1,243,294,295,-1,243,295,245,-1,245,295,290,-1,245,290,247,-1,
        ]
    }
}
Shape{
    appearance Appearance {
        material  Material 	{
            diffuseColor 0.7529411764705882 0.7529411764705882 0.7529411764705882
            specularColor 0.3764705882352941 0.3764705882352941 0.3764705882352941
            ambientIntensity 0.2
            transparency 0
            shininess 0.5
        }
    }
    geometry IndexedFaceSet {
        ccw TRUE
        solid FALSE
        coord DEF co Coordinate {
            point [
                1.3214 0.374 2.4788, 1.3214 0.374 2.3759, 1.3013 0.374 2.4788, 1.3021 0.374 2.3759, 1.2837 0.374 2.3781, 1.2727 0.374 2.3824, 1.264 0.374 2.3883, 1.2624 0.374 2.3899, 1.2558 0.374 2.3981, 1.2512 0.374 2.408, 1.2481 0.374 2.4287, 1.2628 0.374 2.4663, 1.272 0.374 2.4725, 1.2501 0.374 2.4453, 1.2538 0.374 2.455, 1.259 0.374 2.4625, 1.2486 0.374 2.4202, 1.2835 0.374 2.4768, 1.2835 0.374 2.4768
            ]
        }
        coordIndex [
            0,1,2,-1,2,1,3,-1,3,4,2,-1,2,4,5,-1,2,5,6,-1,6,7,2,-1,2,7,8,-1,2,8,9,-1,10,11,12,-1,13,14,10,-1,10,14,15,-1,10,15,11,-1,9,16,2,-1,2,16,10,-1,2,10,17,-1,17,10,12,-1,
        ]
    }
}
Shape{
    appearance Appearance {
        material  Material 	{
            diffuseColor 0.0 0.0 0.0
            specularColor 0.0 0.0 0.0
            ambientIntensity 0.2
            transparency 0
            shininess 0.5
        }
    }
    geometry IndexedFaceSet {
        ccw TRUE
        solid FALSE
        coord DEF co Coordinate {
            point [
                1.1853 0.378 2.4123, 1.1653 0.378 2.4678, 1.1718 0.378 2.4942, 1.2226 0.378 2.3607, 1.2036 0.378 2.3607, 1.1908 0.378 2.3972, 1.1642 0.378 2.4718, 1.1632 0.378 2.4771, 1.1534 0.378 2.4942, 1.1628 0.378 2.4771, 1.1617 0.378 2.4715, 1.1607 0.378 2.4678, 1.1405 0.378 2.4123, 1.1025 0.378 2.3607, 1.1216 0.378 2.3607, 1.1352 0.378 2.3972, 1.1534 0.374 2.4942, 1.1025 0.374 2.3607, 1.1718 0.374 2.4942, 1.2226 0.374 2.3607, 1.2036 0.374 2.3607, 1.1908 0.374 2.3972, 1.1352 0.374 2.3972, 1.1216 0.374 2.3607, 1.1853 0.374 2.4123, 1.1405 0.374 2.4123, 1.1607 0.374 2.4678, 1.1628 0.374 2.4771, 1.1617 0.374 2.4715, 1.1632 0.374 2.4771, 1.1653 0.374 2.4678, 1.1642 0.374 2.4718, 1.1642 0.374 2.4718
            ]
        }
        coordIndex [
            0,1,2,-1,3,4,5,-1,1,6,2,-1,2,6,7,-1,2,7,8,-1,8,7,9,-1,8,9,10,-1,10,11,8,-1,8,11,12,-1,8,12,13,-1,14,13,15,-1,15,13,12,-1,15,12,5,-1,5,12,0,-1,5,0,3,-1,3,0,2,-1,8,13,16,-1,16,13,17,-1,2,8,18,-1,18,8,16,-1,3,2,19,-1,19,2,18,-1,4,3,20,-1,20,3,19,-1,5,4,21,-1,21,4,20,-1,15,5,22,-1,22,5,21,-1,14,15,23,-1,23,15,22,-1,13,14,17,-1,17,14,23,-1,0,12,24,-1,24,12,25,-1,12,11,25,-1,25,11,26,-1,9,27,28,-1,9,28,10,-1,10,28,26,-1,10,26,11,-1,9,7,27,-1,27,7,29,-1,1,30,31,-1,1,31,6,-1,6,31,29,-1,6,29,7,-1,1,0,30,-1,30,0,24,-1,
        ]
    }
}
Shape{
    appearance Appearance {
        material  Material 	{
            diffuseColor 0.7529411764705882 0.7529411764705882 0.7529411764705882
            specularColor 0.3764705882352941 0.3764705882352941 0.3764705882352941
            ambientIntensity 0.2
            transparency 0
            shininess 0.5
        }
    }
    geometry IndexedFaceSet {
        ccw TRUE
        solid FALSE
        coord DEF co Coordinate {
            point [
                1.1628 0.374 2.4771, 1.1632 0.374 2.4771, 1.1617 0.374 2.4715, 1.1642 0.374 2.4718, 1.1607 0.374 2.4678, 1.1653 0.374 2.4678, 1.1405 0.374 2.4123, 1.1853 0.374 2.4123, 1.1853 0.374 2.4123
            ]
        }
        coordIndex [
            0,1,2,-1,2,1,3,-1,2,3,4,-1,4,3,5,-1,4,5,6,-1,6,5,7,-1,
        ]
    }
}
Shape{
    appearance Appearance {
        material  Material 	{
            diffuseColor 0.0 0.0 0.0
            specularColor 0.0 0.0 0.0
            ambientIntensity 0.2
            transparency 0
            shininess 0.5
        }
    }
    geometry IndexedFaceSet {
        ccw TRUE
        solid FALSE
        coord DEF co Coordinate {
            point [
                2.3946 0.378 2.3418, 2.3805 0.378 2.3244, 2.4032 0.378 2.4257, 2.0863 0.378 2.4722, 2.1157 0.378 2.5225, 2.2428 0.378 2.4561, 2.307 0.378 2.4277, 2.2982 0.378 2.4246, 2.4197 0.378 2.5906, 2.3985 0.378 2.6018, 2.4035 0.378 2.6602, 2.3443 0.378 2.6629, 2.3149 0.378 2.5937, 2.3004 0.378 2.6237, 2.4239 0.378 2.4385, 2.4161 0.378 2.3658, 2.4041 0.378 2.3622, 2.3662 0.378 2.6648, 2.2906 0.378 2.4194, 2.2845 0.378 2.4126, 2.2191 0.378 2.402, 2.3242 0.378 2.4274, 2.3366 0.378 2.4856, 2.3325 0.378 2.4241, 2.3576 0.378 2.4775, 2.3399 0.378 2.4188, 2.377 0.378 2.4641, 2.3437 0.378 2.4149, 2.3927 0.378 2.4461, 2.3486 0.378 2.407, 2.3514 0.378 2.3981, 2.3518 0.378 2.3889, 2.2795 0.378 2.482, 2.3024 0.378 2.4877, 2.314 0.378 2.4884, 2.0549 0.378 2.5662, 2.0474 0.378 2.5662, 2.0085 0.378 2.6174, 2.0293 0.378 2.5639, 2.0038 0.378 2.6158, 2.0127 0.378 2.5575, 1.9756 0.378 2.6018, 1.9498 0.378 2.5801, 2.3249 0.378 2.6856, 2.2791 0.378 2.6491, 2.3026 0.378 2.7047, 2.2537 0.378 2.6677, 2.2777 0.378 2.7199, 2.3751 0.378 2.6074, 2.3652 0.378 2.6079, 2.3552 0.378 2.6642, 2.3429 0.378 2.6051, 2.3216 0.378 2.5973, 2.2803 0.378 2.4048, 2.2782 0.378 2.396, 2.2191 0.378 2.3925, 2.2782 0.378 2.3873, 2.2196 0.378 2.3826, 1.9496 0.378 2.403, 1.9938 0.378 2.4406, 1.9754 0.378 2.3811, 2.0079 0.378 2.4292, 2.0044 0.378 2.3669, 2.0246 0.378 2.4214, 2.036 0.378 2.3603, 2.0417 0.378 2.4181, 2.092 0.378 2.3603, 2.0844 0.378 2.4181, 2.0973 0.378 2.3611, 2.3149 0.378 2.4286, 2.2594 0.378 2.4712, 1.998 0.378 2.5473, 1.9871 0.378 2.5351, 1.9305 0.378 2.5531, 1.9783 0.378 2.5187, 1.9189 0.378 2.5241, 1.9738 0.378 2.5005, 1.9145 0.378 2.4931, 1.9734 0.378 2.4922, 1.9189 0.378 2.4592, 1.9756 0.378 2.4737, 1.9308 0.378 2.4292, 1.9822 0.378 2.4568, 1.9926 0.378 2.442, 2.0597 0.378 2.6923, 2.0968 0.378 2.6488, 2.0281 0.378 2.6557, 2.0754 0.378 2.6232, 2.0608 0.378 2.5926, 2.4573 0.378 2.536, 2.5196 0.378 2.5202, 2.4601 0.378 2.513, 2.5199 0.378 2.5111, 2.459 0.378 2.4984, 2.5153 0.378 2.474, 2.4521 0.378 2.4751, 2.5017 0.378 2.4386, 2.4409 0.378 2.456, 2.48 0.378 2.4077, 2.4504 0.378 2.3825, 2.3501 0.378 2.38, 2.3463 0.378 2.372, 2.2338 0.378 2.7364, 2.2227 0.378 2.6803, 2.1887 0.378 2.7417, 2.1878 0.378 2.6848, 2.1462 0.378 2.7368, 2.1556 0.378 2.6808, 2.0989 0.378 2.7192, 2.1258 0.378 2.6694, 2.0992 0.378 2.6509, 2.4387 0.378 2.6466, 2.4689 0.378 2.6254, 2.436 0.378 2.5761, 2.4753 0.378 2.6193, 2.4491 0.378 2.5572, 2.4981 0.378 2.59, 2.5132 0.378 2.5559, 2.2252 0.378 2.3592, 2.2804 0.378 2.3782, 2.2364 0.378 2.338, 2.2848 0.378 2.3701, 2.2509 0.378 2.3218, 2.29 0.378 2.3643, 2.2698 0.378 2.3086, 2.2972 0.378 2.3591, 2.291 0.378 2.3005, 2.3054 0.378 2.3558, 2.314 0.378 2.2976, 2.3149 0.378 2.3546, 2.3176 0.378 2.2977, 2.3165 0.378 2.3546, 2.34 0.378 2.3012, 2.3251 0.378 2.356, 2.3619 0.378 2.3104, 2.3336 0.378 2.3597, 2.3409 0.378 2.3652, 2.0891 0.378 2.419, 2.1119 0.378 2.3702, 2.1097 0.378 2.368, 2.0863 0.378 2.4184, 2.1036 0.378 2.3636, 2.1195 0.378 2.3897, 2.1186 0.378 2.3826, 2.1161 0.378 2.3762, 2.0974 0.378 2.4181, 2.1039 0.378 2.4156, 2.1192 0.378 2.3934, 2.1098 0.378 2.4114, 2.1137 0.378 2.4071, 2.1173 0.378 2.4006, 2.0901 0.378 2.4191, 1.9145 0.374 2.4931, 1.9189 0.374 2.5241, 1.9221 0.374 2.5322, 1.9305 0.374 2.5531, 1.9498 0.374 2.5801, 1.9756 0.374 2.6018, 2.0038 0.374 2.6158, 2.0085 0.374 2.6174, 2.0281 0.374 2.6557, 2.0597 0.374 2.6923, 2.0811 0.374 2.707, 2.0989 0.374 2.7192, 2.1462 0.374 2.7368, 2.1887 0.374 2.7417, 2.2338 0.374 2.7364, 2.2777 0.374 2.7199, 2.2988 0.374 2.707, 2.3026 0.374 2.7047, 2.3249 0.374 2.6856, 2.3443 0.374 2.6629, 2.3552 0.374 2.6642, 2.3662 0.374 2.6648, 2.4035 0.374 2.6602, 2.4387 0.374 2.6466, 2.4689 0.374 2.6254, 2.4753 0.374 2.6193, 2.5199 0.374 2.5111, 2.4981 0.374 2.59, 2.5132 0.374 2.5559, 2.5175 0.374 2.5322, 2.5196 0.374 2.5202, 2.5153 0.374 2.474, 2.5017 0.374 2.4386, 2.48 0.374 2.4077, 2.4504 0.374 2.3825, 2.4161 0.374 2.3658, 2.4041 0.374 2.3622, 2.4029 0.374 2.3596, 2.3946 0.374 2.3418, 2.3805 0.374 2.3244, 2.3619 0.374 2.3104, 2.3532 0.374 2.3067, 2.34 0.374 2.3012, 2.3176 0.374 2.2977, 2.314 0.374 2.2976, 2.2191 0.374 2.3925, 2.291 0.374 2.3005, 2.2747 0.374 2.3067, 2.2698 0.374 2.3086, 2.2509 0.374 2.3218, 2.2364 0.374 2.338, 2.2252 0.374 2.3592, 2.2251 0.374 2.3596, 2.2196 0.374 2.3826, 2.2191 0.374 2.402, 2.0863 0.374 2.4722, 2.1157 0.374 2.5225, 2.2428 0.374 2.4561, 2.2594 0.374 2.4712, 2.2795 0.374 2.482, 2.3024 0.374 2.4877, 2.314 0.374 2.4884, 2.3366 0.374 2.4856, 2.3576 0.374 2.4775, 2.377 0.374 2.4641, 2.3927 0.374 2.4461, 2.4032 0.374 2.4257, 2.4239 0.374 2.4385, 2.4409 0.374 2.456, 2.4521 0.374 2.4751, 2.459 0.374 2.4984, 2.4601 0.374 2.513, 2.4577 0.374 2.5322, 2.4573 0.374 2.536, 2.4491 0.374 2.5572, 2.436 0.374 2.5761, 2.4197 0.374 2.5906, 2.3985 0.374 2.6018, 2.3751 0.374 2.6074, 2.3652 0.374 2.6079, 2.3429 0.374 2.6051, 2.3216 0.374 2.5973, 2.3149 0.374 2.5937, 2.3004 0.374 2.6237, 2.2791 0.374 2.6491, 2.2537 0.374 2.6677, 2.2227 0.374 2.6803, 2.1878 0.374 2.6848, 2.1556 0.374 2.6808, 2.1258 0.374 2.6694, 2.0992 0.374 2.6509, 2.0968 0.374 2.6488, 2.0754 0.374 2.6232, 2.0608 0.374 2.5926, 2.0549 0.374 2.5662, 2.0474 0.374 2.5662, 2.0293 0.374 2.5639, 2.0127 0.374 2.5575, 1.998 0.374 2.5473, 1.9871 0.374 2.5351, 1.9855 0.374 2.5322, 1.9783 0.374 2.5187, 1.9738 0.374 2.5005, 1.9734 0.374 2.4922, 1.9756 0.374 2.4737, 1.9822 0.374 2.4568, 1.9926 0.374 2.442, 1.9938 0.374 2.4406, 2.0079 0.374 2.4292, 2.0246 0.374 2.4214, 2.0417 0.374 2.4181, 2.0844 0.374 2.4181, 2.0863 0.374 2.4184, 2.0891 0.374 2.419, 2.0901 0.374 2.4191, 2.0974 0.374 2.4181, 2.1039 0.374 2.4156, 2.1098 0.374 2.4114, 2.1137 0.374 2.4071, 2.1173 0.374 2.4006, 2.1192 0.374 2.3934, 2.1195 0.374 2.3897, 2.1186 0.374 2.3826, 2.1161 0.374 2.3762, 2.1119 0.374 2.3702, 2.1097 0.374 2.368, 2.1036 0.374 2.3636, 2.0973 0.374 2.3611, 2.092 0.374 2.3603, 2.036 0.374 2.3603, 2.0044 0.374 2.3669, 1.9754 0.374 2.3811, 1.9496 0.374 2.403, 1.9308 0.374 2.4292, 1.9189 0.374 2.4592, 2.3149 0.374 2.4286, 2.307 0.374 2.4277, 2.2982 0.374 2.4246, 2.2906 0.374 2.4194, 2.2845 0.374 2.4126, 2.2803 0.374 2.4048, 2.2782 0.374 2.396, 2.2782 0.374 2.3873, 2.2804 0.374 2.3782, 2.2848 0.374 2.3701, 2.29 0.374 2.3643, 2.2972 0.374 2.3591, 2.3054 0.374 2.3558, 2.3149 0.374 2.3546, 2.3165 0.374 2.3546, 2.3251 0.374 2.356, 2.3336 0.374 2.3597, 2.3409 0.374 2.3652, 2.3463 0.374 2.372, 2.3501 0.374 2.38, 2.3518 0.374 2.3889, 2.3514 0.374 2.3981, 2.3486 0.374 2.407, 2.3437 0.374 2.4149, 2.3399 0.374 2.4188, 2.3325 0.374 2.4241, 2.3242 0.374 2.4274, 2.3242 0.374 2.4274
            ]
        }
        coordIndex [
            0,1,2,-1,3,4,5,-1,6,7,3,-1,8,9,10,-1,11,12,13,-1,14,15,2,-1,2,15,16,-1,2,16,0,-1,10,9,17,-1,7,18,3,-1,3,18,19,-1,3,19,20,-1,21,22,23,-1,23,22,24,-1,23,24,25,-1,25,24,26,-1,25,26,27,-1,27,26,28,-1,27,28,29,-1,29,28,2,-1,29,2,30,-1,30,2,31,-1,32,33,21,-1,21,33,34,-1,21,34,22,-1,35,36,37,-1,37,36,38,-1,37,38,39,-1,39,38,40,-1,39,40,41,-1,41,40,42,-1,11,13,43,-1,43,13,44,-1,43,44,45,-1,45,44,46,-1,45,46,47,-1,9,48,17,-1,17,48,49,-1,17,49,50,-1,50,49,51,-1,50,51,11,-1,11,51,52,-1,11,52,12,-1,19,53,20,-1,20,53,54,-1,20,54,55,-1,55,54,56,-1,55,56,57,-1,58,59,60,-1,60,59,61,-1,60,61,62,-1,62,61,63,-1,62,63,64,-1,64,63,65,-1,64,65,66,-1,66,65,67,-1,66,67,68,-1,6,3,69,-1,69,3,5,-1,69,5,21,-1,21,5,70,-1,21,70,32,-1,40,71,42,-1,42,71,72,-1,42,72,73,-1,73,72,74,-1,73,74,75,-1,75,74,76,-1,75,76,77,-1,77,76,78,-1,77,78,79,-1,79,78,80,-1,79,80,81,-1,81,80,82,-1,81,82,58,-1,58,82,83,-1,58,83,59,-1,84,85,86,-1,86,85,87,-1,86,87,37,-1,37,87,88,-1,37,88,35,-1,89,90,91,-1,91,90,92,-1,91,92,93,-1,93,92,94,-1,93,94,95,-1,95,94,96,-1,95,96,97,-1,97,96,98,-1,97,98,14,-1,14,98,99,-1,14,99,15,-1,31,2,100,-1,100,2,1,-1,100,1,101,-1,47,46,102,-1,102,46,103,-1,102,103,104,-1,104,103,105,-1,104,105,106,-1,106,105,107,-1,106,107,108,-1,108,107,109,-1,108,109,84,-1,84,109,110,-1,84,110,85,-1,10,111,8,-1,8,111,112,-1,8,112,113,-1,113,112,114,-1,113,114,115,-1,115,114,116,-1,115,116,89,-1,89,116,117,-1,89,117,90,-1,57,56,118,-1,118,56,119,-1,118,119,120,-1,120,119,121,-1,120,121,122,-1,122,121,123,-1,122,123,124,-1,124,123,125,-1,124,125,126,-1,126,125,127,-1,126,127,128,-1,128,127,129,-1,128,129,130,-1,130,129,131,-1,130,131,132,-1,132,131,133,-1,132,133,134,-1,134,133,135,-1,134,135,1,-1,1,135,136,-1,1,136,101,-1,137,138,139,-1,67,140,68,-1,68,140,137,-1,68,137,141,-1,141,137,139,-1,142,143,137,-1,137,143,144,-1,137,144,138,-1,145,146,147,-1,146,148,147,-1,147,148,149,-1,147,149,150,-1,142,137,147,-1,147,137,151,-1,147,151,145,-1,77,152,153,-1,77,153,75,-1,75,153,154,-1,75,154,73,-1,154,155,73,-1,73,155,156,-1,73,156,42,-1,42,156,157,-1,42,157,41,-1,41,157,158,-1,41,158,39,-1,39,158,159,-1,39,159,37,-1,37,159,160,-1,37,160,86,-1,86,160,161,-1,86,161,84,-1,108,84,162,-1,162,84,161,-1,162,163,108,-1,108,163,164,-1,108,164,106,-1,106,164,165,-1,106,165,104,-1,104,165,166,-1,104,166,102,-1,102,166,167,-1,102,167,47,-1,47,167,45,-1,45,167,168,-1,45,168,169,-1,45,169,170,-1,45,170,43,-1,43,170,171,-1,43,171,11,-1,11,171,172,-1,11,172,50,-1,50,172,173,-1,50,173,17,-1,17,173,174,-1,17,174,10,-1,10,174,175,-1,10,175,111,-1,111,175,176,-1,111,176,112,-1,112,176,177,-1,112,177,114,-1,178,92,90,-1,114,177,179,-1,114,179,116,-1,116,179,180,-1,116,180,117,-1,117,180,181,-1,117,181,90,-1,90,181,182,-1,90,182,178,-1,92,178,183,-1,92,183,94,-1,94,183,184,-1,94,184,96,-1,96,184,185,-1,96,185,98,-1,98,185,186,-1,98,186,99,-1,99,186,187,-1,99,187,15,-1,15,187,188,-1,15,188,16,-1,16,188,189,-1,16,189,0,-1,189,190,0,-1,0,190,191,-1,0,191,1,-1,1,191,192,-1,1,192,134,-1,134,192,193,-1,134,193,132,-1,193,194,132,-1,132,194,195,-1,132,195,130,-1,130,195,196,-1,130,196,128,-1,197,55,57,-1,128,196,198,-1,199,124,198,-1,198,124,126,-1,198,126,128,-1,199,200,124,-1,124,200,201,-1,124,201,122,-1,122,201,202,-1,122,202,120,-1,120,202,203,-1,120,203,118,-1,118,203,204,-1,118,204,57,-1,57,204,205,-1,57,205,197,-1,20,55,206,-1,206,55,197,-1,3,20,207,-1,207,20,206,-1,4,3,208,-1,208,3,207,-1,5,4,209,-1,209,4,208,-1,5,209,210,-1,5,210,70,-1,70,210,211,-1,70,211,32,-1,32,211,212,-1,32,212,33,-1,33,212,213,-1,33,213,34,-1,34,213,214,-1,34,214,22,-1,22,214,215,-1,22,215,24,-1,24,215,216,-1,24,216,26,-1,26,216,217,-1,26,217,28,-1,28,217,218,-1,28,218,2,-1,2,218,219,-1,2,219,14,-1,14,219,220,-1,14,220,97,-1,97,220,221,-1,97,221,95,-1,95,221,222,-1,95,222,93,-1,93,222,223,-1,93,223,91,-1,91,223,89,-1,89,223,224,-1,224,225,89,-1,89,225,226,-1,89,226,115,-1,115,226,227,-1,115,227,113,-1,113,227,228,-1,113,228,8,-1,8,228,229,-1,8,229,9,-1,9,229,230,-1,9,230,48,-1,48,230,231,-1,48,231,49,-1,49,231,232,-1,49,232,51,-1,51,232,233,-1,51,233,52,-1,52,233,234,-1,52,234,12,-1,12,234,235,-1,12,235,13,-1,13,235,236,-1,13,236,44,-1,44,236,237,-1,44,237,46,-1,46,237,238,-1,46,238,103,-1,103,238,239,-1,103,239,105,-1,105,239,240,-1,105,240,107,-1,107,240,241,-1,107,241,109,-1,109,241,242,-1,109,242,110,-1,110,242,243,-1,110,243,85,-1,85,243,244,-1,85,244,87,-1,87,244,245,-1,87,245,88,-1,88,245,246,-1,88,246,35,-1,36,35,247,-1,247,35,246,-1,36,247,248,-1,36,248,38,-1,38,248,249,-1,38,249,40,-1,40,249,250,-1,40,250,71,-1,71,250,251,-1,71,251,72,-1,72,251,252,-1,72,252,74,-1,252,253,74,-1,74,253,254,-1,74,254,76,-1,76,254,255,-1,76,255,78,-1,78,255,256,-1,78,256,80,-1,80,256,257,-1,80,257,82,-1,82,257,258,-1,82,258,83,-1,83,258,259,-1,83,259,59,-1,59,259,260,-1,59,260,61,-1,61,260,261,-1,61,261,63,-1,63,261,262,-1,63,262,65,-1,67,65,263,-1,263,65,262,-1,67,263,264,-1,67,264,140,-1,140,264,265,-1,140,265,137,-1,137,265,266,-1,137,266,151,-1,151,266,267,-1,151,267,145,-1,145,267,268,-1,145,268,146,-1,146,268,269,-1,146,269,148,-1,148,269,270,-1,148,270,149,-1,149,270,271,-1,149,271,150,-1,150,271,272,-1,150,272,147,-1,147,272,273,-1,147,273,142,-1,142,273,274,-1,142,274,143,-1,143,274,275,-1,143,275,144,-1,144,275,276,-1,144,276,138,-1,138,276,277,-1,138,277,139,-1,139,277,278,-1,139,278,141,-1,141,278,279,-1,141,279,68,-1,68,279,280,-1,68,280,66,-1,64,66,281,-1,281,66,280,-1,64,281,282,-1,64,282,62,-1,62,282,283,-1,62,283,60,-1,60,283,284,-1,60,284,58,-1,58,284,285,-1,58,285,81,-1,81,285,286,-1,81,286,79,-1,79,286,152,-1,79,152,77,-1,69,287,288,-1,69,288,6,-1,6,288,289,-1,6,289,7,-1,7,289,290,-1,7,290,18,-1,18,290,291,-1,18,291,19,-1,19,291,292,-1,19,292,53,-1,53,292,293,-1,53,293,54,-1,54,293,294,-1,54,294,56,-1,56,294,295,-1,56,295,119,-1,119,295,296,-1,119,296,121,-1,121,296,297,-1,121,297,123,-1,123,297,298,-1,123,298,125,-1,125,298,299,-1,125,299,127,-1,127,299,300,-1,127,300,129,-1,129,300,301,-1,129,301,131,-1,131,301,302,-1,131,302,133,-1,133,302,303,-1,133,303,135,-1,135,303,304,-1,135,304,136,-1,136,304,305,-1,136,305,101,-1,101,305,306,-1,101,306,100,-1,100,306,307,-1,100,307,31,-1,31,307,308,-1,31,308,30,-1,30,308,309,-1,30,309,29,-1,29,309,310,-1,29,310,27,-1,27,310,311,-1,27,311,25,-1,25,311,312,-1,25,312,23,-1,23,312,313,-1,23,313,21,-1,21,313,287,-1,21,287,69,-1,
        ]
    }
}
Shape{
    appearance Appearance {
        material  Material 	{
            diffuseColor 0.7529411764705882 0.7529411764705882 0.7529411764705882
            specularColor 0.3764705882352941 0.3764705882352941 0.3764705882352941
            ambientIntensity 0.2
            transparency 0
            shininess 0.5
        }
    }
    geometry IndexedFaceSet {
        ccw TRUE
        solid FALSE
        coord DEF co Coordinate {
            point [
                2.3165 0.374 2.3546, 2.3399 0.374 2.4188, 2.3437 0.374 2.4149, 2.3054 0.374 2.3558, 2.2972 0.374 2.3591, 2.307 0.374 2.4277, 2.3149 0.374 2.4286, 2.3242 0.374 2.4274, 2.3325 0.374 2.4241, 2.3501 0.374 2.38, 2.3463 0.374 2.372, 2.3409 0.374 2.3652, 2.3149 0.374 2.3546, 2.3486 0.374 2.407, 2.3514 0.374 2.3981, 2.3518 0.374 2.3889, 2.3336 0.374 2.3597, 2.3251 0.374 2.356, 2.29 0.374 2.3643, 2.2848 0.374 2.3701, 2.2804 0.374 2.3782, 2.2782 0.374 2.3873, 2.2782 0.374 2.396, 2.2803 0.374 2.4048, 2.2845 0.374 2.4126, 2.2906 0.374 2.4194, 2.2982 0.374 2.4246, 2.2982 0.374 2.4246
            ]
        }
        coordIndex [
            0,1,2,-1,3,4,5,-1,6,7,0,-1,0,7,8,-1,0,8,1,-1,9,10,2,-1,2,10,11,-1,6,0,5,-1,5,0,12,-1,5,12,3,-1,13,14,2,-1,2,14,15,-1,2,15,9,-1,11,16,2,-1,2,16,17,-1,2,17,0,-1,4,18,5,-1,5,18,19,-1,5,19,20,-1,20,21,5,-1,5,21,22,-1,5,22,23,-1,23,24,5,-1,5,24,25,-1,5,25,26,-1,
        ]
    }
}